uid,animal_present,max_confidence
00c9f91af47c9cd93fc548b8,1,0.728265
00fbae3617c95d8e7f5cac99,1,0.418519
015b4837afa0a770b0bd9c73,1,0.254046
01ad4338291464720f7c24fc,1,0.874292
01adfcde4c1fdfa205c5c3b1,1,0.791015
01fd49e267b20a980c01e033,1,0.519674
02195f0678501ea0e56ce887,1,0.587529
024c5582667401a5772859c8,1,0.853669
0260638b5b32ef69be2b6dcb,1,0.875787
02a32101b3092586a4333a7d,1,0.680348
02b43c89723cbafd2a36f1c0,1,0.797872
03b0c5fbf0d7ed5e41ba05c4,1,0.395951
03cb2fadb2020758e8d2f7fd,1,0.858481
03d5dcd6e2ae3232da1a2452,1,0.877477
0446a090fef2200d75964259,1,0.739799
04587cb3cb9ddd979945e037,1,0.80038
05287566ecb2f796000fed29,1,0.561756
056b3a412b13db26081fc68b,1,0.739422
0580d4be36ac3aa5fb8e5f0c,1,0.362743
05d958175a5bf64e3d2ea649,1,0.6705
06890b136167aeac2becc74a,1,0.638046
06d74a74ed651baa4fd37c67,1,0.812867
0758cf9fd7d445b1f914ecb5,1,0.250913
075a83ff581ada03ba4c2ac7,1,0.766818
084ccddf429b4b84dda99ce5,1,0.486187
085e9eee24e4cabe6d1723bf,1,0.307358
089d3c473c3b6307acd89c99,1,0.289472
08c5eaae305444294911d6c0,1,0.693369
097a4d4a2b7c37ef75e630f0,0,0
09ab9ffacbf80cb9280f4608,1,0.825871
0a7544bc0bedffcbca1037bd,1,0.264358
0b4205743e291e413b070731,1,0.621254
0b455f240ceb38ce0b349fc7,1,0.311636
0b8e35bfab1124bd9bb340c9,1,0.890103
0bbc9302f8e34d73b5a9eac7,1,0.844409
0be43d8d5e519795660447d3,1,0.812421
0bea126d2d0f22a458419535,1,0.726037
0bfad5bdcb5d792d9924ee7e,1,0.827828
0c6ed45010a4217b34a55ea1,1,0.714429
0c90f5abd83e3e219bf612c4,1,0.497219
0cdaf4b6573b2191dadea086,0,0
0d060b6c66282fd5e912cddd,0,0
0d2669e374eaaa692a975147,1,0.847968
0e32a2cd2196b835cc3a452a,1,0.886224
0e3380f1dfb3692074783577,1,0.489542
0e5ee0a88415399d9f424ae9,1,0.58059
0eae6a5775d6046b9080c02d,1,0.884838
0eb309f135d491d453b1a774,1,0.302494
0f4d5d7db8b6887ea8f9ce01,0,0
0f5771fadb2f0e898f454211,1,0.323808
10375bfb40ae88003ba03525,1,0.867036
10dab743fd46ede32b504b77,1,0.707506
10f542d76090ecbf61d6a130,1,0.902781
112010f6fe7c731ae4b62136,1,0.292797
112c60b32b77a26693b92bd7,1,0.250363
113063ba2e63d96a7498b56a,1,0.725649
116e8cc1bfd1794ef205ad88,1,0.738103
11aae2b1c81ec1896b0cbb99,0,0
11b7271b4a97739df8197793,1,0.370909
1295acefcfe0290f408aecd2,1,0.910227
12d765c56c20136530282405,1,0.657758
12decc5fa6953e61bf934d02,1,0.84039
13099adf489ec8bd1c515203,1,0.891811
130e9bc740d35fafb59a8fea,1,0.665193
132bb141e93c49aefde72876,0,0
133f95dcdc5c1e31ea697ef8,1,0.395951
138cc0f1ca9444e2ff3079f1,1,0.422028
13be9d12163622ac907d0bac,1,0.34621
14012638aab1b036b65b488f,1,0.283285
141fda7bfbbdac65b0ab5e2b,0,0
143b3cdd1c0809ef1ad44570,1,0.861538
1446f2d2ba79066dfb6fff58,1,0.453201
1472f42fe56d8fcc041e8a53,1,0.745028
148c8e516e99b9aa743bf826,1,0.847211
1496c958f5b7aa47ef323562,1,0.859899
14ba530282f2e8b76c7df747,1,0.825167
15659a98ed7d64779be56769,1,0.313105
15a04c51101ccb7e7f1aaa1b,1,0.775265
15aa5faf5fcaec177482e25b,1,0.798501
15f756dbd21743d77bb9356c,1,0.877056
163ff4b92901f02085e3969d,1,0.434641
169bbe532b791208f69ab54b,1,0.257765
16cfb9a278fde63cf194103f,1,0.845049
170155af5994174c8f83bbc6,1,0.855006
17d2ba2ae9d3cbf651ef13f8,1,0.90053
1814d86d078297037d449614,1,0.801315
1830677c4abf0611dd6944aa,0,0
19326bfbc43e6b97993a52ed,1,0.71113
19d2371de38ffbac7e7ad968,1,0.686475
1a257c027a2c7136b3183ba0,1,0.512372
1a6eaf2d8086186e3bab79a8,1,0.685318
1aa5687d24cc439a33ab2029,1,0.865338
1adf6cc237b15057341f5d4a,1,0.741487
1aeb5850a8b8b1a165e087b8,1,0.85741
1aecf57060a9e08d17b6332d,1,0.892563
1b0a55aa26cddbc2ab5d9dd4,1,0.613642
1b19f0716fd12c5f4baa404b,1,0.566738
1b3506cd5e3983f10f1b1115,1,0.851953
1b674e29bd7529c74a589167,1,0.796925
1b73ae1ff3ade266b5112ae4,1,0.582313
1b91b886094345d3b11ca7d2,1,0.339718
1bda96ff58dd9531daf163fa,0,0
1c5204a2516208fc5fa8856d,0,0
1c94853be564f869c26a338e,1,0.427815
1c9933be7f46f9f27184d7bf,1,0.769427
1ccd44e041bd29f7b0583a8a,1,0.862583
1d0cab043e56ec24c948faa1,0,0
1d16a24c363ec1c777ecc1e5,1,0.746509
1d9c1ecec3aeb445e864aca7,1,0.821044
1dd281ff6d5b2b84877b7078,1,0.891622
1e96fde8001e74bd40a28c86,1,0.887984
1ef552ab5fdc21d11758d3d3,1,0.659076
1f159274c4d5bad3ca678159,1,0.509703
1f1f397cc5c5cae47660a48e,1,0.859899
1f5379f01fb9f32c9c9139f8,1,0.792304
1fa497402504f63d24107e32,1,0.817866
1fa7ce158f85910d8d460258,1,0.833731
2095f6d05bbdfe57f860368e,0,0
20c0a9852a52d94d4802c8a0,1,0.749271
21d959f5852995794b44371b,1,0.897336
21e8589fc1cc90cae155662a,0,0
22e0cf0a9827f01def1502b0,1,0.796292
2302de0bd18cbe15598be000,1,0.847337
23242e70ee1847f7cddd9843,1,0.898767
232f1c6353a38ee76c785a1d,1,0.829077
2387c40919bf248e44b340bf,1,0.864196
239a6a4e8067f4df3ad9f845,1,0.861887
23ea02649841261efce8b072,1,0.31542
245e6800bf8d1472ed70bd8b,1,0.853058
24652d81251031c691692f93,1,0.473125
24c2cd4f8f9196b0afe770a8,1,0.616936
2523e14643958904259462ac,0,0
25330d05714e6f6f1a12163b,1,0.572723
25827e48917f79dc98ab72cc,1,0.880077
25b47b1cd2628e135fb78c47,1,0.834946
25b4d792b3c15e98acc8419e,1,0.711431
25f2d14ef784189b968f12b1,1,0.803482
25fc0b76c0ac54bd2ba25d3f,0,0
2605dfe3a30ed59518072a3d,1,0.853547
2672d54ea5017deb6306ca37,1,0.725551
2704a9fc5116ed8860ac056a,1,0.706089
270519ab1cd15fb20e895f82,1,0.823754
27397fd947cbfe8784e7f1e9,1,0.329931
273b4dcd74dbb7944a52694a,1,0.874614
2776dfccea1bf3f88ac3d2ee,1,0.631367
27f83243653393d7e603586a,0,0
27f8dd744533ddf6f8a189ba,0,0
280f990e47d37c7bf97d2abe,1,0.859546
281c02ca451f9fed47dee36a,1,0.314471
285086a012fd9d95d779b231,1,0.309024
28b9a53544c727f2c88d735a,1,0.53525
2959f9b5a3a02e0d7bf600ce,1,0.838018
29a885f901cd338896261cff,1,0.881819
29c0a7812ae357dc03cade75,1,0.624064
2a944600d411a38e805fc211,1,0.808521
2aca2ad15db0cbbb1872a1db,1,0.802865
2b097f8e9518a5f209bdf219,1,0.254231
2b0ae0623e15b07fda3ea258,1,0.811974
2b2288e728f9ef4b24a0e1bf,1,0.581897
2b431d020a6ce5a577f7b48e,1,0.72526
2b6d11a066d26c88e7b5840b,1,0.803328
2bc9f0fd024e6caa1b10993f,1,0.884838
2c02847e2f7abcbaa9de15f0,1,0.4799
2c6aeee30ef06034f9a0c098,1,0.665519
2c79843214f0a3183f81d059,1,0.786459
2ceb071486cdea751d43c565,1,0.893867
2e4177fb69b57edc014c27b7,1,0.819605
2ec22b7ac570fb4a313f60b5,1,0.864882
2f2069bb30b482f8c45c3a82,1,0.886813
2f40bed2d1635c45aef17832,1,0.855369
2f968b17a7b9c2f4ee0109c2,1,0.797872
2fcf2307bbad4fa274a07118,1,0.87674
2ff5a07fd55aad7212845503,1,0.722723
308ead68ecd4113194ab162e,1,0.303113
309e01656872d51d91bac536,0,0
30fe21e5e8c8ff14cf014de9,1,0.792464
310e988617ec7787cc3e9c7e,1,0.275617
3150c334cf98cfb613cedbf6,0,0
3153fb5319351f00fc8786ea,1,0.730001
31787cb8b286954c1d24da35,1,0.831827
331be6e6b56b4ef1d32f5fa8,1,0.76366
34272b7ed3ca6a7f13cc413c,1,0.867148
3462f251354ac6594ab8e088,1,0.836555
348f31cf99bb103c40ee4691,1,0.452899
34989318c6894590678bc6be,1,0.275227
349f875f2d26256db2adfc6d,0,0
34afbd6a5df35ac25ca5b6d2,1,0.855248
34ff7242649b10bd242906e0,1,0.831554
35008b89d7abec66e88872ca,1,0.759761
350eaa1ebf2f75718c487c52,1,0.746693
3517b57c7a4690662c80cb9a,1,0.89275
351c325ee594fb10b4b265d0,1,0.807309
352050e3b396dcb888d1abf7,1,0.789396
3547162bfb2d21e86273f35a,1,0.677367
355d91c851cbef7e7574d870,1,0.711431
359aad3ee1830b6f86b078a0,1,0.885037
35f725fe5fdefde5f3cf6410,1,0.601301
36827ff2b74f1caac6671270,1,0.796767
369e6c612cb710f4f0d09851,1,0.60644
370534e258ccbbc72e4a7648,1,0.462807
379ccbb0119d196887ce6a40,1,0.711331
37d83a67ab24d9ed49a29206,1,0.849722
37d85ffadc7843ec001352e8,1,0.437914
38720714512cbf288e7644ee,1,0.899121
396a2bb06fc060c0f4112ea6,1,0.634204
39bf8341274f74a5a7da25eb,1,0.851706
3a1c1e22ed794d973684b66a,1,0.31279
3a614b8151175e0724fcfb02,1,0.833189
3a6458ddf4d20dffcf513a48,1,0.364438
3a72b0d928b473af747c94fe,1,0.760473
3a7555c726d9ada09fc16004,1,0.303835
3adacf8efecaffebb35f3170,1,0.795975
3b4064ca487f52babfcff187,1,0.509764
3c3f6f70f94aec2670bf34ad,1,0.844922
3c692e4e55821e14654d199c,1,0.860604
3c89c772240f6f7cc8043627,1,0.883034
3c970496a433519b4bb5f8a7,1,0.784319
3cd7a87b83b709c7f1d0a8bd,1,0.827271
3ce4b6e5ee9885b05911814c,1,0.310276
3cfae1212225b9fcb0fbb746,1,0.88642
3e6b28bde68a66eb9ddb792d,1,0.861655
3e9fbcce6c196839221dc4b8,1,0.73029
3f020f59d28783a513fddcc8,0,0
3fa397cf6d216e3d2c268bc2,1,0.407157
3fcd6ae71ef019cfcc5248ee,1,0.60212
4024038ddb766bb0e69d00d3,1,0.787931
4024e228c538f26757e05598,0,0
4035faa09f248d3606a89f76,1,0.459076
40792a7bd46e342fe5d22590,1,0.814053
407b4085bc254a3400cc2afb,1,0.834137
407cd5a0dc7b6a8b74a8aeaf,1,0.800848
40ad235284f11f74d0ef4683,0,0
40f4614df932e63d73d03152,1,0.765769
4161533ef0986f96b5891a03,0,0
417d5f8598686fb7ad952a73,1,0.724091
423c4c594034c63e80cf0c21,0,0
424a3621c58e8d17c0fe8220,1,0.62395
427703b41002547761ce59db,1,0.881615
42b5a73c435bc6777c9f5307,1,0.499935
42c543078ac2b651500036b4,1,0.848847
42cddf42b1ba6fd9514a6ceb,1,0.319971
43304834407886cd23e48f25,1,0.736969
44054114ca4e9bb827e1916f,1,0.819316
448181f2e0a0d6440bc3d6a2,0,0
44a46915b34993c088f7b624,1,0.819893
44e07c3afcabd9173fba24c0,1,0.475042
4519251ada11c3ceafc4b17f,1,0.268558
45b20a4702aa30d543643105,1,0.785144
45e4f2cce9cedb2804e9278e,1,0.821474
461bf40f656df2805299eb5f,1,0.808219
463b519338a0e7f8d1ab8362,1,0.400808
46753d4fb25ec0d46aa9571d,1,0.847716
46c47b2e2c6c4d73ef69cc8d,1,0.695545
47675b0993af582cfa0e6e82,1,0.737914
476c88c381c7a3c554542e1d,1,0.886027
4784470f68ce18518f0787fc,1,0.883638
4784d34ec4c654c5245cfa53,1,0.865452
478fcf7d2f98595017ec00d9,1,0.834542
47f09790bdbebf69a22259cc,1,0.910067
4849d2aeefc039e17fd1adf1,1,0.791338
48aa4747cb2f88890bdecd05,1,0.311532
48ae2c7c4c7852f5cd2bdc7a,1,0.773388
492e124c6d3bf148fa1532dd,1,0.862699
49570c5ea98f551e33faca4f,1,0.797399
496eb4de7970dc9799be17cb,1,0.334807
4985cccb7a5df2138831bcc5,1,0.882225
49a96372ea3294406ed55704,1,0.344443
4a076f5a6f4735f40203a2ff,1,0.593079
4a462767490072dff8886eff,1,0.659405
4a7f41a3c65db63c51f11d99,1,0.839734
4ac688c15dd3976c975fc5f6,1,0.839471
4ad56de0a03f6cdca5da23ea,1,0.456258
4aeb647d7184ac2a9ed16ff5,1,0.765769
4af18331ee7d5e782a8d7982,0,0
4c69a17494965b4f80cb075e,0,0
4d15fe13ca595150afa8b6ec,1,0.503506
4d55ac101dec32a5dd677e22,1,0.30819
4d6d5cfdc45072671099c4ea,1,0.821903
4d8ca105074fce7625ebd981,1,0.875787
4da28e2caff6846f1779b012,1,0.710929
4db4e2549d6d4b1c97e3181a,1,0.875255
4e6343e2f578e0d017c7764c,1,0.7413
4e9be5c73100d9916e979a72,0,0
4ed4ddf79c297a97bfcf26d4,1,0.877896
4f02d38d54052ea9da5710b3,1,0.260954
4f5ea580e8bed579de1baf2a,1,0.666388
4f7f2d019ee9fd688f85812c,1,0.859664
4f8983b001651bf42716bf8a,1,0.300027
4f9714b8e2025ee0bc87b04b,1,0.826852
4fa3ba7e336635d256997116,1,0.862699
50ce1cc80c5f3e23425ccbf7,1,0.712432
50d053e41a17f99f66c06651,1,0.775265
50e9a3c5b60611f8a648d10b,1,0.305801
50fd6766dbf623a9cf601238,1,0.86681
522374f79c21d2583be4d87f,1,0.777975
529795fb47466572eceb3437,1,0.81772
52a3554b35c1d0bca53f7510,1,0.294418
52dafb37f449afd9a995a192,1,0.845305
52ebffb8a7c3778e055e3814,1,0.633297
53aae8bcdcff0d53dc8c6f4f,1,0.870597
53de3670fbe09888b93429e1,1,0.489153
5410e710b32b498559123f02,1,0.255158
541e09eda4432615a4cf3f91,1,0.523527
542414f1331cb56d8710061b,0,0
548ac89b574c1bc5ea82c5ae,1,0.885235
548f4faac23ff4a1a428dd14,1,0.343672
5506a76d620bd748f4818ed4,1,0.394492
552594c9ee1250bda13eda65,1,0.77373
552f49711ca0c347a48853d5,1,0.269806
5574448579f8bf7a24a756fe,0,0
55b8caa33ae4aed95632673c,1,0.814643
5688cfeb67cd2fc15cf3478a,1,0.449695
569fca3d08ca3ccf2ec46ad6,1,0.771155
56a56f37b2fd85d48fe15ed7,1,0.813461
572dd8cc081dcec3457e6330,1,0.282196
5735e7a37eeac120ea43f73c,1,0.814201
57ff5e764a7ccf400aabbb24,1,0.855006
58955eb04612008c68f90e2f,1,0.831143
58b7a3792e89ed928e263ade,1,0.493847
58c8c37d23d3a89aa98e9b5b,1,0.766643
58dbb47f04012a9951f1e0ed,1,0.396711
58e80648f37fb6a5b65428b4,1,0.372848
58f1ad0832a700a8bb1938ea,1,0.584864
58fcdf03d5826a4a18cdd6a4,1,0.702632
59610274db2d905dab03e834,1,0.806548
59a35deaf2bf154b71becb33,1,0.674908
59c9179399817928737ecbca,1,0.593256
5a33e1e8efa15c8bbefcd3a6,1,0.57946
5a43e99153406859c608987a,1,0.814643
5a5434b9fce29edd7d34963e,1,0.330579
5a81ad36cd987ff758a0f247,1,0.336113
5aa25d8940b3a35b0fc58c64,1,0.783988
5b62683fb82326ff9507d7c9,1,0.806243
5b7e9eac83a7686e86782372,0,0
5c3553a76d3d2328dba048c8,1,0.698535
5c6bd66b77d5ec3b32b291c1,1,0.804713
5e6bbc93e5c5b183aad86a44,1,0.82347
5e8b8408a36afc43fd89c6a0,1,0.811676
5ea023c0c8d74eeaf2a395fb,1,0.830732
5f6012e2b30428513e8c414f,1,0.709019
5f6071f0b7f7b02b034111ec,1,0.541591
5f90e0e222f3b2c6ddac01fb,1,0.508857
5fd5ee450a6bc9f3f7e8b931,1,0.822046
5ff22f96cd775372e428a9fe,1,0.884039
603d0e2c3cbf0d97387bd360,1,0.667473
605c0d10490994db3a232f82,1,0.432123
60b017845bf58ae4470d069a,1,0.587174
60b41b0eeef6e12a7a0ace15,1,0.671901
616cdb02f77be10455ef4bf6,1,0.655997
62374833f033a1a3d86ebb4f,1,0.876951
624ab96fef810d705aab892d,1,0.68763
62d1109fc69d4f41e53bc349,1,0.681515
62f48bfe76cd45acef620c36,1,0.776792
637ad75ef113579d93a4626d,0,0
638fd86c8450ca1cd3a3fcda,1,0.80837
63cddc7dbee1c779cb510682,1,0.681303
63e1dae16d288d9e981db9f5,1,0.398523
64b9d9fb22aa904f59ffb8f1,1,0.809728
64ee57ad55356328d5b56d02,1,0.853791
650c3be2e4c7e9831c85516d,1,0.517921
652626f69e233a9274264b30,1,0.721449
652c50b339a63a319853abdd,1,0.816991
6546799f0a696de538f0aa58,1,0.817574
6552e7d72090e333ad87308c,1,0.685529
655f70e83879dcdb2df5827c,1,0.297572
65721cda8c1930c3aeea196d,1,0.714827
658eb0cd354dda2b4ea24b47,1,0.739986
65a58ae0c0b3c5e5c0448585,1,0.617167
6697c3e02af2bd23060a68f4,1,0.890103
66b9c235da1cf212b9e974ea,0,0
671cdb79c2dd240fa2c8b104,1,0.651355
676acb7673500ec73e0e224d,1,0.369315
6881bdcdfda09f10caab3845,1,0.854035
68b7dcbf71e5bf054f462272,1,0.373876
68ef5d3b59f4fd978574edb8,1,0.253861
6918d5b1faa1fcb0f2e3a799,1,0.8321
6992510e1fdeb1020794565b,1,0.754192
69e753af153c9dd5e0e020f3,0,0
6b41ff568ab6df417e0a7910,1,0.867148
6b5dae7d5688e73a6d5a6591,1,0.844922
6ba0225dd37c5a93e336d240,1,0.660282
6bb35c7242ed51c207a924e7,1,0.364891
6c1edc24dbf93dcc3b188b5e,1,0.913677
6c6ed9aaa6b40367e2dd3107,1,0.810929
6c72320491d53f4dc5015720,1,0.895157
6c992554cde5ba759f6775d8,1,0.787931
6cd8126ac2bc5813dd04b37b,1,0.882428
6d2d4d517c777462fc234766,0,0
6defcd95216de690faab7d90,1,0.814496
6ef1a02e8246c2bf4020e577,1,0.544378
6efc0c733b78984c1fea5fc5,1,0.86511
6f18e236edeb1d86692b506d,1,0.839997
6f7c4af4bab4ca773da2bbac,1,0.845433
6fac65a065dfe6e51ae04bb3,1,0.637934
719df139f68bcb6f139eafaf,1,0.864196
71bdd54137993486cd46d352,0,0
71e6545d0c143977d2e229f8,1,0.871693
725fa91c3ca777c8215e5d7d,1,0.893681
72b69206d7ab21b796571247,0,0
72e58fa6e0a8fb4ee136dace,1,0.893123
72f2101fbb08178675ec1ff6,1,0.313525
730af9580fff24cf7a808bee,1,0.661048
73b012fc797bd921021d8c0d,1,0.744285
73ccb1e2e4a3000767abdd4a,1,0.389953
753aa46d80d8bf305ffb1fc7,1,0.898232
756796612a9185d512cb2536,1,0.317532
75746cb49bec5a5b3197991b,1,0.796767
7592e386009221567304d771,1,0.840913
75c772782bce25e92f7bca42,1,0.850593
75f42a9c630ea90aa800ae69,1,0.392628
761cb3caf91953bf7a7f8805,1,0.715623
770e0e3d650dbfc69ae8b2c3,1,0.80038
77917f56cf4946ee99c4e3c5,1,0.662141
77d16b54bcc6b9c3733bf8c7,1,0.805785
77de918d9d01360ecba877d9,1,0.856573
7869c8569d75e23043e324ad,1,0.789721
787ecfb59d47de127e784607,1,0.408454
78b6f66f349719dcb1418fc1,1,0.533246
78c21cba1a5daf5af605e286,1,0.890485
78dbc16323bf104aa9627a56,0,0
79118ae7b5247678f5ac2932,1,0.842992
793d0dd107dbe14a4540ce6e,1,0.770465
795df9acbc20eb7772c0b454,1,0.813461
797dfe47addd03b03f3e2ef3,1,0.61451
7a220864407903be86b4613c,1,0.369656
7a3b0fae934bbe9d7307ca25,1,0.690768
7a4afe6e4cab1d414b23371f,1,0.677261
7adc1138cfc6fb742cabedc6,1,0.371479
7c6536a1d1354ef69ccaf7e0,1,0.505203
7c7ed115241515765d7bd22c,0,0
7cb0222ba53c777cf5439da5,1,0.256459
7cc8bde4183d45b40a167fc8,1,0.742422
7d1e76266d5df23f042b8017,1,0.868158
7d37f45532ef1fc208b2ea4e,1,0.457288
7d4bd00050482b0453cde0ea,1,0.492566
7da8c744136a347638be9aeb,1,0.788909
7e260ab46702d6afa20497aa,0,0
7e54dd078a1bcd624b25cc6d,1,0.833866
7e89e5e250abd1e0cc91fa15,1,0.437163
7ed33f2924a56c4796e43c09,1,0.586523
7f4fa3cf1314eb457f8f1a67,1,0.817429
80bc6811aef28a1f6887f36b,1,0.823328
80c6f1334527bd184bafdba8,1,0.867261
80e94afc0a1efeaf1a8f1d25,1,0.497269
812929d8161d16ff1ba1aaf0,1,0.860604
818cb8bf614a060aa9d471a0,1,0.885434
81e77347ba3a3764b6648533,1,0.380989
81edc409a4e6f47a4037f5f2,1,0.6973
81f5c91348cbfabc0e82429c,1,0.894237
827674db27321d8eb558fd00,1,0.683102
82c6a6459a35cabf44716bd0,1,0.756717
833677d1d9832a780359bbcc,1,0.659515
833dd661c6b3be02a65861c3,1,0.853425
834fc8de38cbab108fafb715,1,0.260013
83542d2b8e9553beb60da934,1,0.655777
8366242cf1d4d59491cd9277,0,0
83adece693ba1091687af1f2,1,0.405684
83bcb5b33badabc89d584008,1,0.568236
8424a8e32010bf745a0286fc,0,0
84922f99c45f15aa6d4fd563,1,0.811527
84a37efd1ba4402927acf397,1,0.690976
84b74cc4731581f37bdc222e,0,0
8536e881600ad992ca35ddc7,1,0.731442
854692b70f8cc7d27db57f24,1,0.474083
8549ca4d6f29602aeaf5702f,1,0.652131
860322d01da11706cef4dcb0,1,0.361954
86247befff6b65be31715c76,1,0.767341
86323196b6fc5ecd43985ca2,1,0.267791
8647e535b89b35561092ea74,1,0.884039
8742879962c72a6f22131b82,1,0.354768
875d82017854bc53f6d67e4d,1,0.320396
87f1cbca221168a5dd6863ff,0,0
8801b200c53b64549ac03e00,1,0.858125
881f4386cabe9b118c8d0f5f,1,0.846197
888e05dfcf8529ea59c96749,1,0.381335
8932af8d7c2732bdc8d43442,1,0.828384
89ae1e26565d88ffb660e0f0,0,0
89d9da60993cf9edb761934e,1,0.536586
8a20f673c2183bb324fba09a,1,0.273477
8a35f8238e2ac83a98787928,1,0.417093
8a4bde175579de850bb29ea3,0,0
8b47f3e71d12035144cc5f25,0,0
8b7f97e0d5c0ffeb41715eff,0,0
8b926c3ea8fa94fa1926b427,1,0.882428
8ba8bcf4d15258b70d82545a,0,0
8bbfad362f0ad3e5627ef2c8,1,0.737914
8c2f3ae72ff0c4e9e522175c,1,0.837753
8c747e26fcecef758f187287,1,0.75274
8ccfc33c028d42e4f8cf016b,1,0.812272
8dcec6b03862d19df7357ed8,1,0.856932
8e0847bcdd05ff1fc7932ceb,1,0.723114
8e6fa14acb46a0aae230d027,1,0.639286
8f5ba4c1164df9fd4c0f1130,1,0.90599
8f91e67c57939a7b78e8a1f5,1,0.304972
8fd724c652ee1a13df9bc0f4,1,0.883236
900b81f245a20d0af7e1e0b3,1,0.768038
902727b929542baf0019b6c5,1,0.437854
904924d092e0979cb17e4ff1,1,0.847716
90727489938a91e66c3b6885,1,0.349644
908fd64607a07355550773f2,1,0.552932
90d72d48ec4a1148351dc3fd,1,0.303938
911fb72c90e19710a1473e84,0,0
913f851081579a87ddcbd450,1,0.841174
91dcd9b1cae7ad38d2fd4049,1,0.809427
920d6c5d0b88e9f05bc390f0,1,0.726134
927a84e2b3c90eb101e38a4d,1,0.764892
930fe482dbe17e2329a113a9,0,0
932aed28e1b54f4f97dbff30,0,0
93366b2a2a0d2f966777a0a0,1,0.810479
937bfe08aa86703332d265e2,1,0.802246
9422a47f0ca102dd170c0b52,1,0.851336
9457a8557e70f60f06519a5b,0,0
946fcc31c43c5fab695f7e4d,1,0.866472
947ce908ad994b7939926ef7,1,0.419886
949708ebd5fa18ed577f3a8d,1,0.823896
94a6a8352c762453dfbde054,1,0.277669
94cb28b66dedc12f9a259d35,1,0.760117
95378d4668a3e8a795f06d22,1,0.769427
9537c434c979191098910cf9,1,0.880283
9552012793fae1b77ae2ffca,1,0.792464
95cdf79751dcf4ca1684e2b0,1,0.49659
960af541797d16470e4f9bf0,1,0.278846
960ece831b82b96f02de4310,1,0.849222
963dc614bbc9379e744c651c,1,0.820037
96a602526eed0a82d1e9443e,1,0.600716
96c129267d9856a2a4a74a19,1,0.851089
9795633c5aac0b90c256e557,0,0
97f0892ec2df02ed7b0a31b1,0,0
98b7816df1f5b30784272630,1,0.857649
98fa20bf4a91fbfe6c471830,1,0.863507
996e09428b36b36176958226,1,0.762778
996ed1fb1d4a34b6ea51a064,1,0.886224
99e5f607ee171d6af5cb019d,1,0.871256
99e943050a2c037b77c3c548,1,0.470128
9a4269bbee376ff522e7ac83,1,0.823754
9a43e43207b529a2665306df,1,0.827689
9a7e861271de3860ad3ebb58,1,0.842604
9a86b29955b1debca7fa6713,1,0.398406
9b81f337f75fe81db990c240,1,0.834811
9bb241d642e8ecc34ec89b99,1,0.848596
9bbd87ae5e1a9173e5b3bceb,1,0.834811
9c6aff8f77631c122bb7610c,1,0.831417
9cc87f83c1b1844c5a890985,1,0.832645
9d2607186be8074cd5e7dda8,1,0.789071
9d364ba4de7138a68fbf821a,1,0.310381
9d588967f7ed5f933371d260,1,0.614336
9d59ff3fe831002c6c9b2f27,1,0.884838
9d82b60092bd07ccc8d145e9,0,0
9db3e2bbf5a88886a8c318d5,1,0.779993
9dc164d4638a11e0b76e1d79,1,0.416856
9e317ed4be7c8539a48da32d,1,0.464355
9eabe5d1b3f883ff5cb8287f,1,0.332419
9eee08d144b6318cc61f9a72,0,0
9f52873273624e7334a8f7cb,1,0.828106
9f704160c9ed898488cba65a,1,0.838944
9f91caec17adc5e83733222a,0,0
9ff8ab4d65f5017d38004b4e,1,0.817137
9ffc8e75da0feb437bd78c74,1,0.840913
a052e8c5fd2282735a8e1b21,1,0.807612
a05d037bab9c6fb7f64b1123,0,0
a0851a5de501e9fbc8b2ffd8,1,0.466754
a0bdcd5d0d4c79151241d6ae,1,0.875148
a10f92a7da7ddca717a51b59,1,0.759761
a13d140f89a942f12c3edb38,1,0.776114
a1a7f8a0236f2f7283e91024,1,0.813164
a1ef84f1efc0c52e04bf6231,1,0.763836
a1f31c555281f1351caaf100,1,0.435061
a237fdb5ffd656e55ada13c9,1,0.456834
a2923f3405ee27eef31c8363,1,0.462716
a2aba1395e0ad4d07ead0b28,1,0.697094
a2c5a7baabcc1d6ab86060bf,1,0.799755
a2d56a6a82181030ef43c9df,1,0.424054
a2f869a025c90005fdc70c79,1,0.800224
a31e30de50564db65e054d6b,1,0.512624
a35357364d0fb0e93a42ab48,1,0.673621
a3949cf3e3e3a64e7b3bc8fa,1,0.85931
a3be8d2fecfb493f4264eb78,1,0.378459
a50ae3741bfa2181c0aa3529,1,0.904482
a53f28628fb5c3ca241c4ec1,1,0.888566
a544bd23ff48f190d909b312,0,0
a659e82abf9ae8bbf304f6fa,1,0.348202
a69a88993afc3fce116273c5,1,0.828939
a6acb4fed8fe79fa6dc446e2,1,0.800536
a6f8188d4ad61cd7bbc4bce5,1,0.871584
a7639dcc5f69133b8540dc89,0,0
a7e8cb815e960a000122aea2,1,0.793426
a8082b63ba7e78df2bab664b,1,0.821331
a80dbcb58eed24f296177b12,1,0.871037
a8121e3a57b1b92ee0cd0d65,1,0.832781
a8148390b504592b46e73fa7,1,0.813757
a87549c8ab2ac871965b7de9,1,0.860604
a88de3dba1b331c8e148bb2b,1,0.789558
a8e0652a212112ba2f8f12fb,1,0.889721
a90a6351e1ace8fc29b7d2e9,1,0.473733
a92334f93770beb957bfa3b2,1,0.536404
a982fc8dd4131122bac354d8,1,0.880797
a99c5a83f31fcf3cd0e75272,1,0.830457
aa38017fca051834b2d4687e,0,0
aa67df5d7024e1a21e9078c1,0,0
aaa7d7e77d2e4d3d78ea03f4,1,0.839997
aab79dde525f55b739e7e6de,1,0.561425
ab22960d90fd6bd4d2784c4c,1,0.877791
ab597e9e2960ec84994e565b,1,0.833325
ab83d03980fde1bbab83c9bf,1,0.826572
abddb4ad1b62dddb11685b13,1,0.655115
abde724769f401b76de89cc1,0,0
ac5a0d7368d7c2a75274efe0,1,0.374219
ad1b978fe67ddf0704fba841,1,0.86916
ad436dee0b3be9e2269ca057,1,0.845942
ad650b0667110b01fed24245,1,0.828106
adee7c4199fb9cb2d73a2db4,1,0.761893
ae0f1574b891c6958521ff08,1,0.841956
af9369d8e3548ad3dc51605c,1,0.822332
af9a22a5fd6ed2439a1f41d7,1,0.823612
b03ab480c0b28f46f0cbbb7d,0,0
b07eb26420270af2cf61f1e9,1,0.800692
b08097fd1faa6eb22ac5c8f2,1,0.768733
b0d838df1bdef52ce715f62e,1,0.480418
b11161fa9791af230b015fd0,1,0.851583
b1a02aaefeafdd1aca43491e,1,0.463566
b2d16231b3e71838d6c3993e,1,0.766992
b3b4ed9c8902ef11a5c6d399,1,0.864081
b3f5dda242dfc565c0353221,1,0.86916
b49e7ad65ba547401411e252,1,0.574992
b4b5753fa7d3371d85b10459,1,0.68941
b53ad4844751ea9763cff258,1,0.698535
b55efbfcd4bd87feb21284ab,1,0.815233
b5b87e189ed724a2b1cc350d,1,0.497353
b5cacf0c0570ffbd940b762e,1,0.840783
b5dfc753ebd5abeafdc30ce0,1,0.808067
b5f30b2754160d7c24522c1a,1,0.376509
b5f683170a60efc705f0405f,1,0.296145
b6624aa7c0496d571a432f4b,1,0.275422
b66bdf056682f696fb0e3381,0,0
b68cf74478c441a8e325ab60,0,0
b6c9dd2c437a20a0ca7e8e27,0,0
b6e94296957fdb55cef512b6,0,0
b73dc275bcbbb48d43d22a7a,1,0.849097
b740c440b37597c4a1139141,1,0.752922
b7458c06af7dec4d691cd40f,1,0.696371
b75cee8aff03f11b1ee419c3,1,0.836555
b795e51c5e3ee3947bc04633,1,0.567697
b7b6728864d2fe90da36b3a5,1,0.570331
b7d49f8f00005ea4a25f737c,1,0.852076
b88cd22278b6d4b7c393280d,1,0.862352
b8de241599725615223b69ab,1,0.837753
b996f81185b50dd192528103,1,0.281406
ba0423e283da46ed6a9f8a72,1,0.360602
ba0a6904fd234fa7ec347853,1,0.802091
ba714d1e5dac08377f37f921,1,0.881819
ba7eb68d8cd9b180a35abd1c,1,0.332744
babce5037b5d122df9c30c9f,1,0.691393
babdde61520fc5f8c5a1d866,1,0.330579
bafd91308f28f9090127582c,1,0.743727
bb9568274cbc24019b7a2dff,1,0.584627
bb9a1895056505b6b81c63e9,0,0
bbedfa664132051af1f1eec6,1,0.873862
bc1e5018a27bd354098a3e56,1,0.682785
bc2dafbc48db3e1a4eff6e1f,1,0.742982
bc3c6e8739153f7946220d8d,1,0.582907
bc487d5ef781b12bf3de1e7e,1,0.89275
bd224e11de38eb3be503deeb,1,0.662906
bd48b798c378b3e7bae4737d,0,0
bd8907122b7a8d0f231fb0db,1,0.772531
bdd123a25b10e011f806edd8,0,0
bdf227d77901449f7b44072f,1,0.845688
be5d5e1755d9425cac4b737a,1,0.827967
be88c7254f669da09a529635,1,0.863622
bee792620e96d70b58770f24,1,0.799599
bf417ca9c7073c3b03ffdb28,1,0.841826
bf98553e68a659ab6a5c8c23,1,0.854642
bfc5ac70fa70205e5d920c90,1,0.397646
c0168e4c3883f24d55edc33f,1,0.276105
c022dc0b3167e1e314fc8f2f,1,0.72691
c1138526b026f97e44f5bfb6,0,0
c120207d60dc50fdb655c690,1,0.769773
c15de9b55c43b0794b583c74,1,0.361954
c2259d3c46e0c03d51961d8c,1,0.776114
c22a64937628e2a3aad3af8a,1,0.279828
c247e3bd894ff63e3171212f,1,0.814496
c267c96434b9c1d8e4af4371,0,0
c26d20aecce341fdfda229c4,1,0.918187
c291d9a27751edf300ce71a3,1,0.630799
c3318a669cfa425cb51e2815,1,0.452869
c38b3d9a918653e8e78801fb,1,0.834407
c3c6ed8681abe163352aee00,1,0.877372
c3da421e4ec49155bec946b2,1,0.430506
c402dd00a93578deeebad6d1,1,0.267026
c4e2c0495d3266fba0c46a6a,1,0.345436
c506e240d3afc228dbabd9cd,1,0.833189
c569df3ced635ffad731133e,1,0.851459
c596410860aee3df9c9d8ecb,0,0
c5a69dabeec5372095e3defb,1,0.512517
c5b4cc6d1f296d2defccffcd,1,0.345657
c5ccd4ad67f06ab2441471a8,1,0.2819
c62ad9986650f4210c5369ca,1,0.870927
c66ffc9008da7e54d3866d68,1,0.862815
c67453855550a98a3d6fb201,1,0.373762
c6ae63ca5f591631d9980e1e,1,0.269326
c729d95519811ce2aa704315,1,0.270191
c7e20dc295c69720e993dc19,0,0
c7eb00084888d248e1b14453,1,0.453806
c8509fc8e39e8ec17c8fcd11,1,0.880077
c852e705b51648203238d3d0,1,0.765243
c8b0107f134fda4677e4233e,1,0.743913
c8c2b21486b60ed6368837ab,1,0.566678
c9760df0f7b7ddd5e3a2752c,1,0.759582
c988938e670bd2698e06489c,1,0.838018
c9e0bc1fab0276d85f501af6,1,0.494053
ca237943bfefdba128119734,1,0.817574
cafd6f4d747fd8c8f8b6ac39,1,0.538073
cb17626d29f2db6dd7f480ee,1,0.834542
cb4d5b902200210c64abdd1c,0,0
cb67aa4da3925e81a6468b3c,1,0.784484
cbaf42e463513abe13f40435,1,0.729134
cbf09a3f51992bf5de2ad1c9,1,0.888759
cc627228ce45ac4664122855,1,0.811228
cc80e3c051bfd2e96741479c,1,0.866019
cce969ec7a741a8d303a993b,1,0.795022
cd18661f89e1f6cdb08adc21,1,0.804252
ce69570de21a05ffa6b5caeb,1,0.872021
ce903ab75be66f5d465bda5a,1,0.870597
ceb0bc259d056d2a48c1d7bd,1,0.872456
cefe49e77cca763abecff1cd,1,0.332961
cf3c4fddc7d5a8d722079f5b,1,0.761539
cf41b3ea011111cf3958661e,1,0.868046
cf463ce37534731781c96744,1,0.436622
cf6a38b39bc64a1e9dbfa9ee,1,0.833731
cfe3626f478eec16d94ad241,1,0.89275
d014cd6a4f54bc9e87ec5988,1,0.775435
d093c10fab61e8d3c06bb0a6,1,0.854642
d1014b550ee6d6590f36c8eb,1,0.853425
d11ef150c41ffc20368846b1,0,0
d183dd4e3f9460b3b153c9ff,1,0.632276
d19218f9c00ee5c90800ae51,1,0.551755
d1f34e676ab4b4174bf9a178,1,0.828939
d37bfca98eb1cd72a6e12ea3,1,0.335242
d3b9a8657d3e4179e3242db7,1,0.833325
d3cbf50b4db45f5495017e76,1,0.609582
d41614ce3ac45b66f0f84b24,1,0.63477
d44369f68f89753d295f958d,1,0.448245
d4576808518e316d7bedd1ff,1,0.745213
d466307581dc30740ec10561,1,0.886027
d49820f9c6b709d2bc52cebc,0,0
d4b7dbdf82f49cf3369deab9,1,0.291082
d4c6da287aa8006d5e752c3f,1,0.364099
d51334ada04fa1addc71ea82,0,0
d57accf2b15673506e5837cb,1,0.250179
d5a3df0e155c0e5a12ed78d6,1,0.716715
d5ed4e182cf626a01480e879,1,0.407451
d6af602023bd4c644f7eaf99,1,0.795022
d6b6a221f6fa6f44d032ebc3,1,0.350644
d6c2162ff4b705e7b9f4bba0,1,0.822189
d6cc37110d9abbfbd3ed4ccb,1,0.849971
d6d385c9c0db8e4ace76154e,1,0.866585
d6d8f5e3f09c3676f58d4bff,1,0.729423
d6e18db8ffbca539b0325f8e,1,0.839603
d728146b9c3d73683b44045d,1,0.842086
d74e7aeeac509ba03694a466,0,0
d751c39e9f15004f8ec38f29,0,0
d7be0c020df4f3c8c648bacd,1,0.562657
d7ce6d70ac618be2c62b26c7,1,0.774754
d7e309e755bd0b8a3d4b726d,0,0
d80994658ff39bd1e4b3728e,1,0.637708
d83882d565e3737df6965dbb,1,0.775435
d8b2acd2fa1b1b6719ffd9a1,0,0
d8c69c606f4370cf5f277539,1,0.901921
d97364fb3086217717d1e952,1,0.778481
d97da900c7297839d3fb1809,1,0.818156
d98e3e878eace8b79cdb525e,1,0.881615
d9992a8d182738e0243b3d78,1,0.63114
d9b75b30713a5f921e356944,1,0.616186
d9d9d37647c049dcb9557afc,1,0.837487
da20702729c996864157edee,1,0.873323
da5a15d73352670115e05b1a,1,0.305801
db035012aa9674425bfd9684,1,0.887595
db633a3e6d4feee032a7d352,1,0.790692
db7487c806013625b6845578,1,0.709724
db78dbce5f1a80532deda94b,1,0.341583
dbb02d72c8149953b2041245,1,0.845177
dc9a1fe01358d8052d4a0720,1,0.799599
dcadc58cefd862940bfd4499,1,0.863852
dcaec6815f7d6cf63c4e060a,1,0.283682
dcbb045ec95337ccbc95b77b,1,0.479321
dd08beb617d3d93e664eed0f,1,0.839997
dd63f1605226b08e612d9a5e,0,0
de1c567836f3fbcbdfc8677d,1,0.819605
de35fb97a1f8c8e0466cd066,1,0.555646
de3b2b89f36e122bde3364f3,1,0.726037
de6b59bc9d16f21985acc6a8,1,0.82559
df1f4e1fdd15476286ff632e,1,0.760473
df2449d8dfb6f46b653c1ef9,1,0.879665
df340cb6ade9bb2a611b13ea,1,0.302288
df6c6c4a0da6d372c3d0b711,1,0.353428
e046cb1faa4c212daf312316,1,0.833731
e05f135adbbfbab38b4593e8,1,0.850344
e06dbd68a1719e9db8244035,1,0.45941
e0b2791651e8695b575571d7,0,0
e0c894cb9599ecfa33485469,1,0.801625
e0f9384b68d80812c9cc692f,1,0.261331
e124b79d203c62df1dc8af06,1,0.888178
e12ed0c7cbd76c89303cce72,1,0.85183
e161a1e7daf2d4379e5f6eb4,1,0.436682
e1ab2f08f7eca0c7be07f8d2,1,0.85561
e1ba582b48401e9779f69c30,1,0.814053
e1c158a5e3a9c277a0a428f8,1,0.812719
e250ea083c7fe4a33f0f984a,1,0.487856
e273683f13ca55fea1687822,1,0.77373
e2c58cd2378c3933b852aa71,1,0.805479
e2cb2b6edb528ef56bc68752,1,0.861305
e2f93f05349bfd8f096cb3fe,1,0.260766
e2f9c9e42db18879afff9946,1,0.308294
e3ab9c91a486333678daf946,1,0.835618
e3df2ec597de69ae90e2b8a6,1,0.306008
e3f845e8fddd404b1b53ea2b,1,0.40486
e40c2609fb06131b0a00da08,1,0.764892
e493e13760bcbdbdec7484a5,1,0.417331
e4bc699bfca8747fdfc5b63e,1,0.266453
e4ed242873ae633ea3f1a927,1,0.807916
e561e8bac5ae6bf17464f2a0,0,0
e5fc7dbe624b3547eaca1516,1,0.865679
e6497bbb28e39ca6ae8b8e52,1,0.893309
e64e4381c6d2babc989a139f,1,0.789558
e6604fb8429c9625be03b909,1,0.86431
e7f9c3ba871b65d6d23b873d,0,0
e808a1c1672f4ac22c8d5c58,1,0.657868
e820c7c18abe4c3206976913,1,0.77949
e8486e87557b80e63af68dc6,1,0.865906
e852a585530067414ac712f0,1,0.398523
e87897178d172417aea48b79,1,0.343012
e88de4e4765a2ce6dcc071ff,1,0.788746
e89a659c4d41362af956aa62,0,0
e8da24111f5935542e09ef78,1,0.851212
e8daf4a9a742475584c9481b,1,0.834272
e8e6d7d9d2b4dab29079cb22,1,0.722135
e94222eac65f0e2ce79dfda4,1,0.851212
e950abec8c125bbf6f07b68d,1,0.621369
e96a8409317383ff9313103b,1,0.833189
e99004f8618f05b2595f88e7,1,0.833053
e997d7c076eaaa69338ef781,1,0.254416
e99aeba80208abd1d6beb784,1,0.500532
ea22d7e65aac39e9f30a6bd6,1,0.502142
ea40dbea1834ae5beb8ea820,1,0.519674
ea66085bfe4e5e49bcefd0d1,1,0.361615
ea72dc5805f70e536c1f5eac,0,0
eac5c0c9a5ae9af2dd163e2c,0,0
eb4c84fca355579122063beb,1,0.396243
eba1565e82b7d31897a7cea4,1,0.879561
ebbea90618043f60cb7c36c4,1,0.761184
ec03abe05149ee0777d1cf77,1,0.416856
ec279d40ee520559ad38223e,1,0.824321
ec7e7bdea656430da530a757,1,0.840652
ec91c976a812a28a8332620c,1,0.559952
ed4908f3643307eae636b13f,1,0.765769
ed75ba642b5854b23dd5c865,1,0.860252
ed9f5b386c4b276519c82470,1,0.908456
edf14d7c1700cf39d38a0b61,1,0.881411
ee02ec4ff785333b7eb86ee7,1,0.5144
ee67ebd61c66317fdd6ee8b9,1,0.860134
eeca3e4f6f783c300ae2a8c6,1,0.878105
eee03128a336915bd22dccec,0,0
ef13f49b0a6955949a4b56c8,1,0.874292
ef14b602a79715d16b0a8311,0,0
ef385e5e8de986efa78ec2bf,1,0.577615
ef8f0f8bdde0d74991f2f7c8,1,0.82573
efb57c84ba7f7095717ea073,1,0.789883
efcbab3e0dba3311e949fd1f,0,0
f013b81b9e6ca55c2e2331b6,1,0.379723
f0a44bcbfae28403806c9f8f,1,0.488192
f1864bea4a81115656611cba,1,0.72331
f20f64a1543b4f13c8f71afb,1,0.798029
f2ad6d18a6ac5dd2f01cf755,1,0.830594
f2ae2bf19ab1c5b047252d3e,1,0.864882
f2baf078197de08d37a5b1c7,1,0.276105
f3137341622d0b970af3a475,1,0.874828
f337c4101012d7ee93770d9b,1,0.907476
f3a3c813ecc4755e3b17976b,1,0.894605
f3e796ef0f181c2f8498aaea,1,0.405743
f41679173322b5610ec2ee80,1,0.610512
f4a444fd13ba75052ee208b9,0,0
f4e43c9beb12ca356e948834,0,0
f4fffbf853ad936939a31e2e,1,0.71413
f553a822efbf80cd21cd9788,1,0.391464
f579b80af7441ee90b74fb52,1,0.759047
f5fe30c88718806dbef65265,0,0
f6482dd539a38985065d1c52,0,0
f65b48b3da0408827eca31c1,1,0.283385
f65db102558f163fbd3482db,1,0.897695
f6db1605567cabd47c4a9ebd,0,0
f71bf784eb776db3245a84e8,1,0.551664
f747641372f1b75b91e46962,1,0.81772
f76a51999b03656ed896293e,1,0.873107
f76a5fd443a154479dc4233a,1,0.868604
f7717b35d17f6f61795e29bb,1,0.855851
f7d5742e2b3f46b7b3bf3340,1,0.745584
f82fb7d788ca31dfb09e0b6b,1,0.484532
f8eb612126046d21fb9cfa76,0,0
f9405e33b41fdfb65346966c,1,0.618435
fa0d1e2f97a6f64d1d140f0e,1,0.625095
fa7c8ac5f40633373e8d6f15,1,0.632843
fa9332c8a0dd61370cae9f35,1,0.25128
fab192c0daa32e0112824b42,1,0.78842
fb04fff87e8f1d93a8b5cc20,1,0.365457
fb1d9a30b1b32263ed792653,1,0.747432
fb8f6d380fbbb2568e613e0e,1,0.894052
fba26b20356d1cd5e8a38f80,1,0.449967
fc351038aaf0c832ef04835f,1,0.761361
fc5fd64dcd006df8969f879b,1,0.322419
fc90950171e8d158e0cae9d5,1,0.796134
fcb4ffed30d2179842b6d78b,1,0.695235
fcba2139b68b1d3d83e9e041,1,0.791821
fd08ef2aa2bc8c6f557103ac,1,0.747247
fd22dbe8c0ae899205c66e9d,1,0.655226
fdc4bc2024d167c053f1c020,1,0.829354
fde7144fe216ecc34cf6185b,1,0.869825
ff21ca13b93c3605e13f8c2c,1,0.82176
ffd31500d3b19fb4b21673a7,1,0.297164
ffe352095f266adb63a53dc5,1,0.304352
00161a64d807a2216535e7fa,1,0.844281
002151b6a668518a19507086,1,0.792304
002dbe3b99f71146ccf4aa74,1,0.682574
0059cddce95b0e865d32654e,1,0.478118
00a80030d125a45821fc4d84,1,0.839865
00ac70acc17a9b675ddfabe7,1,0.754915
00b38f5455cc2072ed8f8abb,1,0.851089
00bf725a399229cb7d2b66d2,1,0.81582
00c6163289aa3e2cd0071a2a,1,0.378344
00e432e9b516ef855941720e,1,0.854035
00e73251a720097c9fce6522,1,0.269518
00ed715d0383a59b2ea4dea5,1,0.842604
00edf0fdca720b51e014951f,1,0.293101
01146d7d70f41eec73f5e74b,1,0.858719
0121a13cce94111dfa6049e3,1,0.789558
0121c20f479aac509b7c4cee,1,0.308086
012e977ddc6b998d6fb8e560,0,0
01323ab4dbb10e3465d5c2eb,1,0.709321
0167b968b98031ac34ed1fce,1,0.721939
016abccb110e9ed93a6dfe1c,0,0
016aff272a6fdfd97eaafab9,1,0.820037
017303d5be3a35618d8bd454,1,0.742982
01865ebc404ff834ae81c5e2,1,0.300232
01b697bf11730378dd5b2265,1,0.842475
01c794a9a2e00c836b75fe4d,1,0.691497
01dd4d05aa81697684aea7dc,1,0.836421
01e3cf0bf4389b12c5649a32,1,0.750553
01f731b4a79d2b9cb97a32e5,1,0.261142
01fa73b5831f5aea0798d9a3,1,0.327991
01ffde090d09cbfd96f0b6b7,1,0.829768
0209c93ba2534a5623119f94,1,0.339499
020f2331c9a489254d5d02fb,0,0
026154b61164666ba3d15d33,1,0.718397
029a7e2e04992e96ec3a174f,1,0.811228
02a82abf1c530fbd6fc123f7,1,0.488436
02aea36dedc25aaca1205346,1,0.846704
02d0e6d48ec653163c52daeb,1,0.856932
02e5981ee2d8a97db921fe6e,1,0.347537
02ebabe4f445950093615083,1,0.824744
02efa45f27e2118dcf1aedc8,1,0.856212
03108204ce6d2dbb748ba733,0,0
032951ee70fa81a4d7645da4,1,0.655557
035cc8890a2a7625dbccd242,1,0.89841
036f876cae21dc52a4daac2b,1,0.361615
0377f5f4e59bd4fa1001038e,1,0.859192
037b3d2393120ea696c60355,1,0.826852
039a4ff9254804197e67d6bb,1,0.807157
03ab4fa4ab80e6a270603108,1,0.412826
03d72e7de6fe9166c7f167b5,1,0.886617
03ec76c40515eb4bda5786f2,1,0.71602
03fc87a20c7750f1b4f1e873,1,0.857649
03fcb54588e742e14a37896f,1,0.438124
040ae03e26e606a422f29cf2,1,0.791499
040c65fb606209acc177d6d1,1,0.514553
0437a2c36a56e38abd1997db,1,0.874399
044ab618c5faec1b4212f178,1,0.742608
0459cbd25e8609329b8cbbe5,1,0.545346
04773f49e5de765897ee02a1,1,0.480753
047e902a339a4931e69716ca,1,0.33644
0481ae28e1184a8a33de814a,1,0.696268
049d66d842b0e24de2a5aa02,1,0.850096
04acdc03da0e780b3d407e1b,1,0.600013
04bd4bcb4b615751c9c2b5c7,1,0.360714
04d3960f710fd6083165e9a0,1,0.825167
04d621ecdfcb72e1c6f6f73f,1,0.727298
04db12e355370c49ac41810a,1,0.606032
04fdc40f457441a2d3261b84,0,0
053674cf296ee0cfd020e57a,1,0.742048
0556a90236928b0b3fe6be8e,1,0.721645
0560fe282aa48b503f04a53d,1,0.901227
05643d12614b607d12489f9a,1,0.866246
05afc33dce7324302ed3df8a,1,0.722037
05bf181610d268b87133a2e1,1,0.743727
05bf9a6383c8820bbbcc05e4,0,0
05d22a98378cb19199d78878,1,0.70791
05d74efd2427c95f1498062c,1,0.562177
05d862fae4aed177f4064b86,1,0.761184
05e679df972aeae1b1030cdd,1,0.751101
05edf92d85039cba6e0c4bbe,1,0.629091
05f8ff70976d43ec2f940de4,1,0.369656
060f8f07105b733e24ba0d09,1,0.625781
061011f3f0cef326c02adea8,1,0.832645
0611bd6596c85305e06163a5,1,0.525186
06129dce6c6738775dfa251e,1,0.809125
06184dd0604a2260af37d894,1,0.830044
062d7c4421a672c246b7b19c,1,0.801781
06424b17611a6fee4d2f59be,0,0
0652d8a7bdebf0e093f37968,1,0.714927
0666ad1b3720dc97069ab60e,1,0.698227
06788165d4dc763b8c931d56,1,0.761893
067980bf1b8c56a9d8bfca83,1,0.906818
0690b27e20391cad5a34cf91,1,0.890294
069c6b5717f0ee7fe5934dab,1,0.257765
06ac17a2b9cffe030179981c,0,0
06b66069ebf4914e37806227,1,0.845177
06fe78382a061342527127c0,0,0
0717820a9260889296678ac3,1,0.373876
072e4ba4976bc499e90b76bb,1,0.786787
075a736b4b9033dea6a7f1e2,1,0.733356
076da7a08bc0966eed8402d9,1,0.465084
0782fb44c8b15c2b85c472eb,1,0.808974
078d6c40dc3edcb707dd5543,1,0.566438
079f8d0656dc67c063b72512,1,0.368974
07a84ae2f1bd07b3ba6f41f5,1,0.626581
07ae24ec5e66d0cf563a04f6,0,0
07b352401c4e011d3df4a85b,1,0.727395
07b82695acc36c6625dc4bdb,1,0.564219
07c41f2000c183e4387da848,1,0.744842
07cd2673a6e727c2c65fd38d,1,0.87213
07d0f226e6986eff3579cf20,1,0.28607
07e6fe124cd7b9176a090ef0,1,0.770637
07f20337092e375be423bffe,1,0.778818
07f7bc6101c2f3c2208d9d7e,1,0.668772
07fd725f369e1cd756110e4f,1,0.714827
08190b44d589e1d7c545f3a2,1,0.851583
082fe1d0b2cf6a33b1076154,1,0.688992
0840f0c30eb0900003567ebe,1,0.702836
084ed5c08cadebffadf6fe6c,1,0.782663
0850a93565f8f35f14cdef0e,0,0
0857b218bc7b901e6cd95d85,1,0.887205
0861467b1ae5f75e1837761d,1,0.7413
0870094522ecf1f4496fbe59,1,0.856332
0875c0c0e9a62391d33a5ac3,1,0.855006
087a82656663e2bfe6527cd4,1,0.369315
08812ee2007ecda58b31996c,1,0.392628
088906528983e08ab35b6f39,1,0.818156
089bee2064c641a142c7af18,1,0.605916
089f7f074cccdbf6d226903f,1,0.250546
08a4db0f6df663fd33163b36,1,0.36659
08a6dd97f3ed438e9f67a4df,1,0.826151
08b13bffd2f7f39f1eb41307,1,0.72952
08b6c073f86bbdc279978e8c,1,0.71113
08bc1c1bfad423c96eeb172b,1,0.345547
08bc417ae9bc29dce58a92b8,1,0.289372
08cdc9c9f9857a960119356f,1,0.822617
08decb9b54af837ed0fa9c82,1,0.381738
08f107a2a8d30ca33b88ecbf,1,0.704262
092924e2c906d849cc466c44,1,0.84759
09309a8c577f984b3a6c6460,1,0.304248
094e7591ba434b809481170a,1,0.416441
095ac53605cfd43c6f1987c7,1,0.874614
096004a216f11db842287f62,1,0.538468
0966fe237ee3dc820fa4712c,0,0
097269a0fea2d2030cc90984,1,0.285671
0997a34dbab8d334d0241033,1,0.91228
09bb8cde338f8a5a9aa08dea,1,0.616705
09c13ca9b756857bbe5fa4ad,1,0.553023
09d1f5f8acbf162af426ab77,1,0.876423
09e501a6a51fa8e9581e1d67,1,0.856692
09e9432a0faee2a7937950b2,1,0.679604
09ef6a401bd990557f8ec026,1,0.867822
09fb47b4e48cf51356a21fa6,1,0.752559
09fd8ebdb53a027fa4a71fab,1,0.631822
0a010e5dba04dabf79f2ff3f,1,0.80502
0a0316c625b65ad24ced90b8,1,0.832237
0a082b3aa376bd89385c9edc,1,0.31363
0a0ef940db142e6f807aebae,1,0.867148
0a13bb5e32d9007d1f26200d,1,0.466025
0a15898aea2ed060de49757f,1,0.833053
0a29d6462bc6cacc8ffabb59,1,0.788909
0a3243c8f7b9eff2a717ebab,1,0.853913
0a34cff57cecef1ca876786e,1,0.693265
0a377a74268dd2de7200b1b4,1,0.850096
0a3a70aa5fe3bbc7890f5d68,1,0.880592
0a431840f41d4deb3db2b3f8,1,0.870267
0a4481e20e1f2a4f3495e2f0,1,0.883236
0a48bb42e13fa758cef24931,1,0.572782
0a50308f91384b589bedc500,1,0.497484
0a736c45952ff33e108ebb28,1,0.805938
0a7664b4d50c828d51e28b2d,1,0.808067
0a7a262b9377da2d806321d5,1,0.836421
0a8e824ab0f72ae132c42315,1,0.856692
0aa7e670f237f3a53e372793,1,0.731251
0aaeb644fd88a2b8bd849aa7,1,0.862352
0ac21103cbcb9dabf3f125bb,1,0.878523
0aceeb0107250ae435122495,1,0.813313
0aefb8cddd8dafa08629ccc6,1,0.688783
0af87c2a80d94616da36b72b,1,0.801004
0b02a221ef721c0ed3dee2f1,1,0.489542
0b2b39ebefe80cf2a0b1a126,1,0.83762
0b2d81b33f906d74c005f7ab,1,0.670824
0b386c62f12a04371c44b746,1,0.710427
0b4409b778e2594df5afd7a9,1,0.686055
0b44406b0b1e598dc15a3276,1,0.868381
0b962a9b627960ab1bfabac7,1,0.280321
0ba9c739b5856fd75111ee18,1,0.751101
0babe88dde6b67381e9ac246,1,0.430267
0bb3d02a9cccb3b75be32cfc,1,0.306008
0bc28ccc8290685cab4bfbac,1,0.905322
0bc792c841cdca4308d45eed,1,0.651577
0beede66595cb56cbcb1e202,0,0
0bfcb2526a6147c635f1c46c,1,0.802865
0c3ab4dac453b4c4d93527ef,1,0.398699
0c540d8109bde5182d5eaa0b,1,0.267408
0c8b1d30acc6018772e23c1a,1,0.828939
0c941259c4b05ffca06c9299,1,0.760473
0c9adb5303973152ed9dcd43,1,0.531331
0ca19b8f71919c26c99244d2,1,0.614278
0cb6b1a6f0a2ad7ee5cd5b26,1,0.861072
0ccbe616cd79bf9690148202,1,0.28279
0cd64fbd0f288a1fec71da1b,1,0.328637
0cdaf821dd16d9836ce43316,0,0
0cf5b651da5bdff9927e51d5,1,0.710829
0cfd5f726a12cf1a315b25c3,1,0.470235
0d12571aa1cee23e93310f61,1,0.272702
0d1da5f6d28d24e659a94497,1,0.767341
0d2d6b2e92f578eb2504afaf,1,0.470919
0d32c062924c2627ac32dcbb,1,0.885829
0d33c434456c16f017b53aff,1,0.587411
0d51c98ecbd8360d7d229c05,1,0.355775
0d9c5b1d1d867e19a91a36d6,1,0.323594
0da66e0ddc545a9901d2081d,1,0.768907
0dc93f0140867aa5639c88aa,1,0.854885
0dcc88754f6b825fb3c0b49f,1,0.681833
0e1a23ef503bf4aa53755213,1,0.767341
0e1f0c68865a5030e8a2ffed,1,0.498584
0e294350db2e352a8fa329a8,1,0.476823
0e32bf6cb2bb7d2f8fbcade4,1,0.899475
0e56c68141a9b45111728eac,1,0.818302
0e75f4645c7f0c2b11249cb4,1,0.452203
0e7bd9ce049925ea5779a183,1,0.338405
0e82e1372820e4706733cffb,1,0.88642
0e8a826320d9e49e01008623,0,0
0ead1c4075edef5fc45c2730,1,0.382487
0eae21836b4e6df489f34543,1,0.841305
0eb7a8bf484285f36d9a8193,1,0.306942
0ebddc63669c3f234965d2dc,1,0.615608
0ec7d9027fd96aeb25b38f87,0,0
0ec8b0121f00ac4d73f61290,1,0.260201
0ec8dabd8e77d5fd2571fc71,1,0.272025
0ee20d5a3ef5641f6ff8c9a7,1,0.863392
0ef7611787fcbb0c7758c83f,1,0.793106
0f072bd7581fea7d31e42e84,1,0.327131
0f08dab745911137b189d6d5,1,0.81538
0f129647e58a94b41cb9288c,1,0.714429
0f5639c8cd52b2729b2bc9f9,1,0.64579
0f6eb32b7082b30a27cace3f,1,0.736211
0f83c2316353928886bbd3f4,1,0.682997
0fa817354519666fd17d8f0d,1,0.708918
0fb14170b7ec05a4ff29b71e,1,0.643441
0fb71ba01036c68620158390,1,0.297674
0fcc14953bc62c6af2dba42f,1,0.651244
0fd8cc126336bd9a15fdcb95,1,0.649134
0fdace2e2ee35535a4f6445c,0,0
0fdcd82efde044b79878d95d,1,0.469931
100e966972a23b70949e99ef,1,0.350199
1013f288e1eeec2089e04335,1,0.712032
1016aa737b01bee631fcd5f9,1,0.432962
1019fef0d9c09783edefbdd3,1,0.875681
101c021146437f81a2eabc3e,1,0.809577
102dbbd6f86ed1d76812baa1,0,0
102e23a9e4d99a6d1e8a1082,1,0.764892
1046e4b887597fec0642fd41,1,0.356111
1053de3f72db765ac790bff3,1,0.7696
105ce3744e0f6c57c0fa6cc4,1,0.848847
105d66adeafd1bdffef42f12,1,0.792143
10712adb32439717f1238429,1,0.474996
1088a65da0d585b5c86fee3b,1,0.732783
108dc9ee81e00799e69fd886,1,0.331769
10976a4f329c14ed1d83377a,1,0.285073
10aace5a7938342b9c8768ff,1,0.797714
10b171ad6772e2bbee68f872,1,0.552027
10ca9d1130f2336f47bab698,1,0.648021
10ce66042a4d8739c0ef971e,1,0.896614
10dd6f07c50aa13b078ddb7b,1,0.865338
10e14ca1b41d2a450c0b3dbd,1,0.762247
10e45b8babe2b00019c55cf1,1,0.856092
10f105d34c178bebe5d83840,1,0.794544
10fe1d0eaba4723a95adf6fb,1,0.908618
10feb15d230e9f789f83f3b5,1,0.841826
11049c585cb7ce09e3e982bf,1,0.627723
11157290175f8f644589ee27,1,0.8874
111e0852677fe45f55b95fbf,1,0.808067
11268902699647301d79611f,1,0.893495
1128297ec8933beda0b068f7,1,0.664105
112f6559c7d8be68c2cfe89c,1,0.72027
1138dcfd4d776c1892b83ce1,1,0.871475
113dcc117f13ad295ed0d39e,1,0.856932
114c2953fdec0beea1069949,1,0.619529
115128f02f40cd787960633c,1,0.754734
117551432e47789fa9b7ec19,1,0.855369
117d1e10ea097ad2524c6f52,1,0.256273
117de2662bdc861158d9de9b,1,0.345657
11883e35f937f04bb89a0f1d,1,0.331012
118f7c6f3b5e8465d24236ac,1,0.765418
119105e60129e49de5843f2f,1,0.445922
119651b4c28f06929626caa1,1,0.398816
119d3d80bbbe13f5a88ffbf5,1,0.280715
11a80ec6fe5a212f47b4dddd,1,0.793106
11b9a1dba071f14cbd23233a,1,0.85318
11d7d34c20ed79bfb43239b9,1,0.31321
11f3da13d2a845d90b783929,1,0.454381
12055b766dd3d0ac7d368f2c,1,0.696784
121389c6adcd34d3e99e3b1a,1,0.772359
1214c245770d09a78de32ab3,1,0.343452
12167fe83d573c8134218dcb,1,0.627495
123ffacf6ef64cef4a67bf42,1,0.367724
124b50298a2259b8ed3ecd52,0,0
1252b9ebe69935c08e7fc45c,0,0
12757ac67877772948d865fa,1,0.879871
12914c930539fd57fa80a31b,1,0.373762
129a374edd671b2fa5759a0e,1,0.883034
129f14cc427d3ff74bc40425,1,0.717012
12aacc9a2001ea5e8b0230f9,1,0.399519
12ae13c80090f77b3a95376a,1,0.277375
12b4ae34461c36a5ea63e8b9,1,0.709422
12bf08c4972a1a5f85c4cc57,1,0.748904
12c55256c5da6e7fc2565fc5,1,0.477311
12c58f226409a0673a8cbb66,1,0.481576
12dd92466cab73c2d1399590,1,0.848345
12fd43a67bfc26d3bb73430b,1,0.839865
12feaf485ed3f8d7efaa90cd,0,0
130245478a432c00fd2ae1e0,1,0.822474
131db2745f77bcb66d78af69,1,0.260578
1324d82676e0b208c2691ba8,0,0
13312029c3b12e83d87491c1,1,0.408395
133161c6683e89de77daeab7,1,0.445349
133bb4f336531f308eef3f33,1,0.770119
13457b37a6adb0a41367a858,1,0.886027
13464a56eff1ab2c6edda05c,1,0.846704
13543c94dcbe52e67835bd85,0,0
1364749716e52683d758bd65,1,0.773216
1385a64246ea5f911d7a6f31,1,0.791821
13928896319743ac7d850115,1,0.80456
139952e11bd71111177aad87,1,0.354768
139a10bb11b35db452df2683,1,0.285472
13a9a714a9350186fdcf20a6,1,0.284377
13ae46a217219e118617e5f3,1,0.820757
13c163be8fa971d4cf46cb5b,1,0.854885
13d0c27fa9af91760b731af6,1,0.669961
13dc7fa592fb8391f85740ec,1,0.832645
1417393b0f3078cf989965a9,1,0.541833
141d2559025ddf35e5e0ce49,1,0.837885
1422b696bbe1af3e4dafd449,1,0.821044
1431dc11b0b2428acbe87683,1,0.457591
1442f562493f2f693f1b0d84,1,0.282988
14487b139e691f168b01295d,1,0.767341
1449771cb988bd26da12333f,1,0.835349
145537636b14f049738be300,1,0.341583
145b228857125ea691ff7dde,1,0.878314
1464fc3c2697ec82d79c885f,1,0.818882
1488c0e89a061484d839250a,1,0.726523
1493344522c6db90ef101328,1,0.71123
149b1b6d79ffb7b6dc2ad894,1,0.805173
14a07f64734e02ac63ec118f,0,0
14b47b3cd9e5e4cf2f4dbcca,1,0.805326
14b48044c6cae488f91184c6,1,0.785144
14bf953503ccf0e2e6db09e0,1,0.333503
14ca0a1ad0d7ac6a567382f2,0,0
14ca1aa28be60a768cae9420,1,0.456834
14da2097f35e34b80023fdd4,1,0.746324
14fe043d78718795126f10b0,1,0.270288
15000bd74f8c1329254f1619,1,0.669421
1511ebd53f18eef946268706,1,0.825167
15342b4b1dfc71da80650866,1,0.854278
1534aae3e3b8664d0e03c801,1,0.609234
153b63dfc3aa948a8eb18cfb,0,0
154d6da8b2a238b560f9cbee,1,0.803328
155ca27700f6523708a4db39,1,0.860955
1579cafd9306469cc1915e3c,1,0.882225
1590768e405f055909bd9f60,1,0.885434
159d0d5def31906935c0d7ec,1,0.873754
159e8a3ba5b6dd9a18467b70,1,0.270384
159f06ce4a2ae027925a8c06,1,0.867598
15a4880ea64f163fb939ceb1,1,0.663996
15b4f10491cf40b329dd5cca,1,0.333503
15b99829f9aa1f8aeca2cbdd,1,0.423458
15c32558814c86a1df8a4ebc,0,0
15fa7ad2779f58cedeae859e,1,0.823186
1604b5cf128f730c7970a1b7,0,0
160d220feed10de3bd4835a7,1,0.844281
163efbb13523fc83fd871eb4,1,0.70477
1649dd2b3878a3a6cd089342,1,0.426142
164caccb539c5d48599b2ee1,1,0.877687
169da579ac3e0576ef28b099,1,0.418519
169f1069efb0f2016b7b30cb,1,0.630571
16c078b95fa4782f539b7dde,1,0.841174
16ca0b17212ff29c757d0d03,1,0.729231
16e6028ced29d1976777ef3b,1,0.342791
16efc79eb45bd9625628a0fd,1,0.444746
1711d0c1b19d8e86527c86b6,1,0.386821
1722bf110a0c60787e21e758,1,0.772702
1726d9398db9163bbcf505dc,1,0.82963
1755709d0004a7b783ea2db3,1,0.704668
1763980cc4565c24a276305e,1,0.73659
178413a68bd6cfa1f89fa609,1,0.378172
17a3f1cb33ef6d7aabf312f8,1,0.86212
17a9fa3e2894bc609d75bbd2,1,0.501453
17d2f3685545bb71b356e686,0,0
17d3ed0ab6f2280bf0e875fd,1,0.709724
17ead05317fa84676c1be302,1,0.848722
17f243d294d8555241e6e6f7,1,0.434761
17f5b0215139756d37546c39,1,0.851953
1800eb455876cf26d793ad3d,1,0.859782
180ed399cc11c728d24aebb3,1,0.380529
1820b63e51d44195eab5f43d,1,0.830869
18234455542a650b9229b4a5,0,0
182698deb121ed4c31aac808,1,0.807309
185b1501fe81b9747c2d1b91,1,0.856092
1865c463419853f4ebba947d,1,0.45647
187d908064dd56cf0498c2a2,1,0.763131
188766f7c4bd14222ea9f40c,1,0.888759
1888556e4f5871c9d6138675,1,0.718397
18a5a6c02f875ab7560e8e2f,1,0.694095
18bc03a22e99e8fe8d2439e9,1,0.849222
18c0fd16e45855b315c05950,0,0
18d4ed93be2b5fa4a4b37316,1,0.732209
18f36f6edb77830ed6c17fb0,0,0
18f86f3f6ad5fb303ac6683d,1,0.711531
1910fd6665d9557baab57de5,1,0.759761
191c492acee348c6b08779bd,1,0.805326
196f24bb785647c0ecda3546,1,0.300951
197e25c8cb15fad0073552e2,1,0.805173
19bc74b1f0c6c7b7c6abc0fb,1,0.792464
19dac255da4bdaa2fb3545fa,1,0.351534
19e0035d168844034a3a95d0,1,0.798344
1a0312709f1279a61a8a8bea,1,0.435842
1a074bcf762d692b65a75a2e,0,0
1a0cfd9aa31185ede032249a,1,0.822474
1a2ead1b479c95065744e46e,1,0.339171
1a3256b8977fef16a020c6d2,1,0.877687
1a35c3f7912bb71ec619c810,1,0.864882
1a3786b80362472b9ee036e6,1,0.808067
1a3c106915375e2b3006fe9f,1,0.811078
1a73e413c59e3437394aea62,1,0.730578
1a7e7bf1ac187aead6134564,1,0.80271
1a948411b25599024d21ca28,1,0.596903
1a9786a4574d0e9d249183d3,0,0
1aa84939d5eb72fbe8466741,0,0
1ab3f20e53879b1cb029b86c,0,0
1ad5d32fba9ca468410bcf88,1,0.607896
1ade01ac17616c2e634e96af,1,0.83762
1ae32d1e6d2b0d8a449a9c97,1,0.572065
1ae3c1cbafaef9339064ee43,1,0.57081
1ae87a1a14b78023381eb0bc,1,0.283881
1af086342905aac8d5658766,1,0.267026
1af3aa28268c805d2d0d6478,1,0.818156
1b2242319dfa7753f71e02f7,1,0.374333
1b2f1952b3e02446b0749ec5,1,0.822189
1b35d3d4501b8af86b3fa037,1,0.341802
1b47df5369f17397c2be3d0f,1,0.287868
1b5e5ec99dd2e0f39cd5d5eb,1,0.848722
1b64f20ae71bca3b35300426,1,0.548583
1b93e110c9826700818044e8,1,0.372049
1b99d395d4a7d95c90ebfb54,1,0.474418
1bb22d80578e52fe3949e90e,1,0.668772
1bcfdc189169763d9ba5f8ca,1,0.776792
1be75c67cc739439a60964c2,1,0.792464
1bee74f69bccd6249f7fa125,1,0.850841
1bf239bbb109f805132dddd4,1,0.721743
1bff1f6d4f66e186907b5c8b,1,0.793746
1c47a3bb6de4ce14085dbfbf,1,0.819171
1c48cbf828541a2339d67325,1,0.549308
1c4fb5bdaae1defe16a7228e,1,0.46135
1c6c2d968bced76df9b3f0dc,1,0.742608
1c6dc196136a01e02794185a,1,0.737536
1c78788d632bc2f12fc71146,0,0
1c8ac08e84433e5dfd582b1a,0,0
1cacf209caf057b669d57977,1,0.922482
1caf90e4ba7d72b095ed75d0,1,0.82963
1cbc89621fdf69a308c1fa9e,1,0.341253
1cc293850137d57760eb3487,0,0
1cccf3833aa3ecc268bf5792,1,0.682997
1cd1c6c13bf033d3ecb962d6,1,0.797399
1d2800eab256156a7a576f8c,1,0.575051
1d32a36a094c4ff4e2d7f2ed,1,0.743913
1d35fb8677c9f22e155d1c26,1,0.695958
1d3a703a9898ff62835744e6,1,0.533397
1d497ab87c2b36561419d88f,1,0.742422
1d4f03acd715fe9fc12c1d65,1,0.881819
1d65cfeae92bdd50934aa680,1,0.881615
1d84194ddc2aafded6e0e005,0,0
1d87f5de3ef862db31f6c32e,1,0.896251
1d8acebd36e8ddbeeb15b95b,1,0.900879
1d9d2db24e803d5276ec4f57,1,0.652131
1db651cdafa4807785b2a0ac,1,0.594375
1dbfcbda70f117d452e15f08,1,0.614683
1dd6ffbb2e065fc2293c16a8,1,0.851583
1dded9ae2b244b40cb02b325,1,0.828662
1dec5930bf25c454402069a6,1,0.732783
1e0bde0ebe632c844bea653d,1,0.480555
1e0de717cec9deaa6cc08e49,1,0.278747
1e138112b3b25f9b0ad6a7f9,1,0.829492
1e16cef2a016fa5f39f1865c,1,0.486187
1e252190d423c1e4e349c7d9,1,0.867598
1e283a976da34665dc9f4f90,1,0.878939
1e47927554ff8a4ff7a63f77,1,0.796292
1e5874d67b14c233b27c4b5e,1,0.831006
1e81bcee99911628f1690c07,0,0
1e87e046bcb81c8a6f45c31b,1,0.685213
1e8b4122f1994019ee4e03f2,1,0.902952
1eaabb2af6ce43913ce82b44,1,0.65379
1eb0f26be69f424bd6613d62,1,0.811078
1ebd9c4cf62f071758b3ed1f,1,0.566918
1ecf66930edabaa647d873ce,1,0.401981
1ed30deb6ccbed86860077c1,0,0
1eda855bf60d6e3966bdbdfc,1,0.840259
1ee1fdc4b9a529786d4892f4,0,0
1eef474947df2641be63d887,1,0.778481
1f26a5134d97fa009774fe1e,1,0.447279
1f3a2e2eac6dd339dbf05449,1,0.483496
1f4e26f828767560574a223e,1,0.644449
1f52c36d85f4b824f495a874,1,0.318379
1f62722bc39d9ca0b1dabb85,1,0.48374
1f80f0dd08bb57a4150033df,1,0.695752
1f868eebe8f99ed2d02dfc09,1,0.867934
1f8f0bf9421a10b720136e5e,1,0.487269
1fa05d5a61cdd22bf002dfc4,0,0
1fb36cb1c74bcd43bb921bae,1,0.262464
1fb6ec3c02670d6dedc3da1c,1,0.557845
1fbfaf70d10d10fd5a693876,1,0.801159
1fd50cd369ec3bfa65585ec9,1,0.720368
1fe1af5991a2f1ff9ca592b9,1,0.707101
1fefaf82cb7262a4f8c4243b,1,0.558056
2045945d4b3994835cce1645,1,0.809427
2070fbb49e5b752697e9f22f,0,0
207259f4b0081376472548bb,1,0.447641
207935199d3b634ac8a02510,0,0
209617bf50d0094edca968dd,1,0.300027
20ea7f8d2130a4bfaadcc99b,1,0.76454
20fb60b40825497b730f10b8,0,0
20fc98261d0250b60b789ba1,1,0.849847
2116708af716cebd4bbed7d2,0,0
211bf165aec5afcd0d32614c,1,0.869493
21406d28705e4b1fbf5597be,1,0.883236
2145651c525af669dd95891a,1,0.77081
216debd76a60a5f054df5ab7,0,0
2170069ea32f4ce4ac77caa6,1,0.30549
219cd4fd431e782ee30d3813,1,0.341583
2206d51d86d6dd19d348a6e0,1,0.787114
22126131fb176612e58ea038,0,0
222a6a9263cc8d8a942a45b3,1,0.742235
223644c73dba0fa12d22d301,1,0.691497
22584ea65f21dbbce410dad4,1,0.395484
225b156bfe5fb45fca3d7eef,1,0.684897
227056de92699dc0b8735951,1,0.850717
228f2efc5d59695f3f8b113c,1,0.885235
2293281d103dc2a1f594e09d,1,0.806243
229ac09ccfa53e0de1fe2190,0,0
229f45e41b222bd643b6e987,1,0.788746
229fd99dc4a5dbf99719bed4,1,0.805632
22b175be41c05c38c59e8839,1,0.685002
22dbb2f56864d34dd9cd2963,1,0.303938
22ea544b7001c0ae8a012617,1,0.865565
231105d187220a46ddd9208c,1,0.808219
2315be0e15e31a34b101a6bf,1,0.459986
233d50b3cefc348b83399f79,1,0.325521
2354b1d14f88b927710dbc14,1,0.853791
2373c8042262476d53c4d829,1,0.628065
23755e133a6bd7429aafee72,1,0.501303
2375a20ba5ff6a890be91829,1,0.842604
2375c5856f7e8f284d5a3782,0,0
2375fbb9fcd8e9385f056781,0,0
238206ed379fb04b9781f8f0,1,0.887009
239f1a1488902aed952204f7,1,0.913522
23a1d915a6cf8a75348af228,1,0.762247
23afeb6edc977db1cced2d73,1,0.299003
23b411b9158dcdb82921cb88,1,0.314051
23b4370c2f94c77d031dd0ea,1,0.81582
23b48ef05cdfed3551f95ade,1,0.611208
23d789550c0aaadb87c77955,0,0
23e3dfdd16befb8969e7b0e7,1,0.304352
23e6648c8477745eef3790d4,1,0.866585
23fb7bc875952c378ce944bb,1,0.842992
23fcfaae93261614747323ca,1,0.31785
2416624af04bdd233f59b826,1,0.818737
24334e7768ca86b14460bfff,1,0.777975
2441a3dfeda2f86b90d238a4,1,0.716715
2457616ae0319abd3788c38e,0,0
2460b7a044dced151f48461a,1,0.470022
246d32abf6af337fdfec9ccb,1,0.509093
2473d7251321fa79f135843a,0,0
247e3a3cb39c575a6e6515e1,1,0.845433
24a2b4475df687572ccfc049,1,0.286269
24a6a52e6bf4c99c1e61561a,0,0
24a6cc8733b05aa3612adfa9,1,0.407157
24b421faf5975585ef75316a,1,0.718002
24dbf362da088b03d13ea98c,1,0.305594
24fb0943b852fd8cb2b57521,1,0.770983
25032d66275b589ef4fe7b3d,0,0
250802b4ed9c488c85094215,1,0.606265
2568828b82ad9ea0ab679e05,1,0.823896
2580c865d39b8298805657d0,0,0
2584db143d681b90df657392,1,0.539832
25a272c7617f41b13377e6f9,1,0.755276
25a8f4fd84567c7fdd50f7a0,1,0.686685
25b0626a3b5f84b66f153c1d,1,0.739799
25b2f4fe2f6a219c86e2035d,0,0
25c81e2d412ca480da243a0f,1,0.839471
25ddfd11b9333a771a7d96b6,1,0.808521
25f3b5df774f86e36f5fbbd8,1,0.803791
25f9f9b932272b85b47bef30,1,0.68268
261050908173f8ea8d33283a,1,0.829354
26178daa285680a948a8db0a,1,0.438394
2623a749b4c8dcce9dbde0e8,0,0
26417f3b2d98faa8bf92659a,1,0.665954
26500abbae9374a93b2d36d3,1,0.855972
2665a446f6e8cd329b3b17fa,1,0.723993
26ad0273e664744065ac4260,1,0.579757
26af8eb740e05da84bb76807,1,0.29523
26afd56f226eeb137da41a29,1,0.810028
26b08eaf226882b48c447c0c,1,0.831417
26bbc283f8a5ed0112370ea7,1,0.859899
26c4209e63495e04988bb14a,1,0.880283
26c635be4401684f81f722ec,1,0.790045
26c9330c610385c4292b2d61,1,0.842604
26d71691e41bee72f01fa412,1,0.7237
2704439cf8b464bdf70b0d5c,1,0.642432
272a44e4a01dc20c38fa2719,1,0.695235
274f72186cd443549e997bbf,0,0
275a279d212d8c0adb7fc586,1,0.851336
275f79b4a10011615c26a069,0,0
276d9ccd03ff8b4a766470cb,1,0.862236
276dc266b2992babfa791b6d,1,0.63861
2775601edc277a12552a3963,1,0.833189
2784259232e8915e440c5adc,1,0.757974
2793474fa8f0b5f45c1de920,1,0.826151
27ae8eb8847bf0c38da509ff,1,0.297776
27b54450853984835ca4e95d,1,0.26971
27d3d54ca0c3b7c27846e847,1,0.371821
27f2e41b62c0e5b0f53b8e9d,1,0.815967
27f7ef814032a6c6eab3fdb0,1,0.697918
27febb6061089b3c88b75ece,1,0.455986
280649ed031b590b1c325844,1,0.553143
280f5230183525e59ad8f5ce,0,0
281b1543995691355b1da800,1,0.790369
28435b9fe4a2b42d3b45bc16,1,0.868269
2847aec16cddf716973f7f13,0,0
285b3d0bf1141c65f06f411e,1,0.829354
2860564ea308cab1e4554410,1,0.896976
286649bb7881c3e8e2559711,1,0.812719
286af257498078bbb84cbec0,1,0.551876
2890d978c838f95e5e304cc7,1,0.719876
28a6bb53db0b0e6c70f388d9,1,0.766294
28ae4e43cd62186d2c30b100,0,0
28d81067f49f08d9b72ec77b,1,0.610453
28dd5f2ab8e7900808715d66,1,0.743913
28e18f65db9bcc5418320fdb,1,0.364438
28e9b111e4ab36df0ee5d7df,1,0.881819
28f68fc4259ec2516bc56c81,0,0
2913d326fc65272cc8b33f1e,0,0
292b342d90c081d722802725,1,0.844537
293dde8255ddddfe8569e08d,1,0.635109
2959615f7f4e6142ba3159c4,1,0.460895
295be7a731f5d9d0d9c222ad,1,0.435181
29660f652190417b6afc9db1,1,0.288068
297e2b4b68048d2c8ea47ef5,1,0.666171
297f1cb20458e8925d73c9cc,1,0.857291
298d92066547ed42b7d5bed0,1,0.746693
298e0b89fcfe811ee2c84dfe,1,0.430147
29933e5f831942b98f03d72c,1,0.795022
29ad33e6ffe32cfe3ae2f6c6,1,0.801004
29b24ee0913456366cc01a04,1,0.692018
29c3f5da6c3b4c3b98f08d0b,0,0
29cd91051278fb55be90757e,1,0.798972
29d1b6f152f133c370ff1229,1,0.882022
29d43f40aa0d995cd816b91b,1,0.864882
29e01ca34674463764b60566,1,0.611266
29e5aa6896c39ffe62261708,0,0
2a06fdbf7291f529965402e9,1,0.825871
2a0de25f8339c94cc308d566,1,0.526358
2a3167f137f1d949fa4f4e10,1,0.677901
2a50b78486bc24f1e3a903de,1,0.847084
2a56a6431ee32d92e188d334,1,0.728845
2a609de8ac0e03e022b5126d,1,0.27973
2a66b14e0ae4ce511cd9ace4,1,0.776623
2a67d7474c800a1dc9ef122a,1,0.882428
2a808761b832f73a9271177f,1,0.869271
2a8c1c0b24f00b3df1bf6b4c,1,0.269133
2a8c859a47a11f800c09fc3b,1,0.899298
2a8e5a5be968006ef1c43c68,1,0.626581
2ab927c91cba7aa1c70a73e9,1,0.801625
2aba5953d6aba6144f6161f2,1,0.763836
2abc86998442b2785e437508,1,0.381392
2ac7e3973b229e93713b2f19,1,0.828939
2adaba61512baeba6d916427,1,0.698021
2b00b60beceb225354a21580,1,0.448698
2b03469038bae51af3b3db21,1,0.794225
2b07492d750c93c84dd882bf,1,0.850593
2b24b70861864301f7cbe89d,1,0.873647
2b57abf68f34a28729c16775,1,0.698638
2b826336c8accc5d1ef3d737,1,0.277277
2b83cc3891cdb23d932093fe,1,0.740174
2b845104427a754e02a462d1,1,0.766294
2b9187664320ab6b31f81390,1,0.403626
2ba136f9e7af0d2a6aee9bda,1,0.886813
2ba7a505b5148969f3df3599,1,0.863161
2bb9c7a9bfd443e908703043,1,0.793586
2bcf0b42a3b578f5a83b9067,1,0.253676
2bdfcd9ced7de84118fe24b8,0,0
2bf67b773a1d8bc3017bb1b4,1,0.785966
2bffe890a199cbb4d7690b69,1,0.28577
2c32d2de08087274d16e7a24,1,0.257578
2c4550a6e54181effb422585,1,0.683842
2c825edad3de43455d192f9b,1,0.830732
2c841aa161682cd73025dc0b,0,0
2c87eea1c69f67bd508a18c9,1,0.511991
2cb3f476decb7f8aa28e56f0,1,0.81772
2cdaee7a2b6edf8d3c580d9f,1,0.885037
2ce07aea9bc86df1c164379f,1,0.470068
2cf7f807df3614fb8d56e89b,1,0.657538
2cfe9f50f5b0dea352f3820f,1,0.311636
2d03498f196d583b20ad2f00,1,0.873323
2d41d0085c374038ce72bddf,1,0.719975
2d41e9e399fe6b076d6765b6,1,0.630912
2d42570f09df3466dcc07d55,1,0.359814
2d461f4f73da65b0b84424b2,0,0
2d6230edb6158ac0abe3b4c5,1,0.71393
2d70805341264f2654370e14,1,0.557032
2d75bc738d35d70c15303e22,1,0.843766
2d8c41103edc0465b640f07c,1,0.66356
2d9c9f3404ae130b712745d9,1,0.577138
2da6720da8534a00c7fb7c3c,1,0.765593
2dd2fe302158d71accaffe4d,0,0
2e120ebe8047a44e19f9f6aa,1,0.888566
2e2131374633b0f2d2246c66,1,0.520694
2e3d6d02298ffed859d40470,1,0.356223
2e52bfa64a35c0c744e073b1,0,0
2e5c48df3a4cdf0242826f97,1,0.614278
2e74182106c5bd53dd756522,1,0.826151
2e860a1c59ea9b82f2e9fb06,1,0.61878
2e94c3cd9126e6ed8d27652f,1,0.891811
2ea3bb500c887201a428ef50,1,0.760651
2eb3a17ac81582b5d28af43d,1,0.838018
2ebc5eb3d9d21b2a833ea2ca,1,0.861655
2edd22a42fa1046074d72ad6,0,0
2ee77f57c23268640e498976,1,0.576304
2ef34038e7fc51f883a514ed,1,0.33372
2ef6756a162ed8798d3c8bdb,1,0.779825
2f1a1a316e2a0be445e7a79c,0,0
2f517e8bf6e75f000384367f,1,0.807916
2f579eec33476fc2501fd6de,1,0.822046
2f62b454049584d359f8124d,1,0.684686
2f76ae1aa150f92f53691e0a,1,0.873323
2f99eec009e684fc5427d619,1,0.862815
2f9bc67eaf3ffe100adf0ed5,1,0.259263
2fb857a397df333041f454e4,1,0.614972
2fefeb33879b3c68fa308a75,1,0.445891
2ffcb9a0ff45a17be2272145,0,0
302401d6722612f540b65ec8,1,0.878523
303bed1624c000a79674ab82,1,0.805632
3050429b836c750733b92d2a,1,0.840259
3052b6d881b0c5f45c91e202,1,0.650578
30605d310d20fef635bc03ca,1,0.739046
30758fb0867f215a089e3e22,0,0
309f7d784a040456442433d9,1,0.257578
30bdaa686bb96314aa5a3ed5,1,0.34798
30c171c8562d894c31ad4d15,1,0.654232
30dadec3bc9fc9b90a11b5de,1,0.390418
30e117a90a51d9a8da2fba0d,1,0.380989
30e8ece5d6fe9ee9553b7fc5,1,0.396594
30ef40890ddafaaffa22d648,1,0.460895
311023f04c1c0354e9387dc0,1,0.875148
31210d95772fcbd62765996a,1,0.747432
31291b5306425ef805006668,1,0.802401
3130e76733ab888d555ec61a,1,0.655777
31319ad18d5ce60f1e0896a2,1,0.668556
315068d5e63c4cc54aa4aeae,1,0.314051
31507f966a65d64e47487647,1,0.434221
318f407f0462cb38e5aee478,1,0.639624
319bcb720da7911ac67df2eb,1,0.4184
31a68b75ee2f59c90b80340d,1,0.73848
31b98300a75cd7c12100f5d4,1,0.827828
31c8b6c8019db9f73e72c2c8,1,0.456531
31ce0fa993b2b45670b6ae2a,1,0.834946
31d244d3af629eaaed667809,1,0.700997
31e6b1ef2e763b31bbe2993d,1,0.761539
321bdc8cc17de1b4873c37e8,1,0.365796
32371559a9ae2899fa3014f5,1,0.330255
323bc99ef0c4a8d2fefa733c,1,0.696165
3240a1ad9b8e519774562269,1,0.819026
324f613a07ecab44413e080f,1,0.508231
327a7110d6c564f9d1ded4f9,1,0.557936
327c49151392e6e2981e9c45,1,0.751283
327fa164dfc47c0cca996f82,1,0.731826
32940ad1a0e0b0531d139a3d,1,0.851459
3296d6586a64d913d0685e61,0,0
32c815f78dbfbc257d5cfd9f,1,0.327668
32dbb3c014ac02d9eccbcdb9,1,0.475849
32e0c96344c5a9b0302a38e7,1,0.740362
32e1e2a5b56c77dc2faae4fb,0,0
32e633d7fa90e1c9931b0357,1,0.761006
330f2d8e53944b91a25132fb,1,0.5794
3314737341d1965d7ae4991d,1,0.901575
3343476ed4f1e0ebfa7f7f74,1,0.32896
334446ff338c9b238173ec5e,1,0.72526
33696e78691d7ccae8a81887,1,0.783658
336e13d979670ab540b84afd,1,0.701917
33710675ad54a70a66f61bec,1,0.703651
338f0cb9c513ecc3690dc18c,1,0.788583
339640b9662801ac8e7847e7,1,0.875681
33992236bbecd55d8a9bc667,1,0.607081
33bf197196160d2b4eaa30f8,1,0.845942
340899b318f7fd53ebd8934d,1,0.83508
3410eb56767025c2177528fa,1,0.611208
3419da07b1522f4a32348e17,0,0
341ede05ffe7d40084a31d80,1,0.446977
342c909b3625567a3c1acf82,1,0.774413
345c56197ba084412d54457c,1,0.857052
34767c1b445395097399e4cc,1,0.836555
347f844ed6cb7c8d2a1864b0,1,0.856092
3496ec8bbf870cfe3dbe832c,1,0.7696
34a52eb825e536ed33519825,1,0.896614
35045b71e59fb335df25e165,1,0.268174
3522876db20e00c2a9717dd3,1,0.684791
353c06d4b4e4a9dff503a73a,1,0.467818
35527970fd0606fa05422315,1,0.849722
355ea8091dae69db72774d3d,1,0.609175
3560b84887ef8822d4572770,1,0.64512
3562e72b70d40fc0ceea08f7,0,0
3568e1a8531a95c556b04ad0,1,0.40751
3599d59fe3fc22fbf5f8d42c,0,0
35a16d698cb833a34c29f12e,1,0.797872
35b1d5ad1eab83755e072877,1,0.887984
35cab19f9c7f818d85076074,0,0
35cae12c3a719a06b450f45d,1,0.689515
35ff4e7ead3b7284f7afd47a,1,0.827828
3617c4bcfc30681f7e0ff999,1,0.472334
3655fbe592615e990ab7df8a,1,0.8321
366da424b446a0b9190fc20d,1,0.452113
367e09e823542307d9edf3ad,0,0
368d497bbfc0ee656243c5be,1,0.879043
369e82b17d4b8695a0f90132,1,0.602237
369ed0908a3267e3af29ef82,1,0.836154
36ab1f4488da1f2224b41842,1,0.834542
36bdf41fc2316e3b70556e6b,1,0.707
36c0748f1ea25309569b497a,1,0.784484
36cc8997feeb5ef269c09e82,1,0.860252
36e7286086d923709197e374,1,0.85753
371f5dc2f2ab289bfacf42a5,1,0.64579
37283010a32d59bc3c75f240,1,0.896976
372d24e656bc1472430961ac,1,0.500913
376a1fbb0b68f37068e3f09a,1,0.349533
376af38a22b8047a141f4031,1,0.755637
3794027a462e2fad2e112f0a,1,0.771499
37cd326239706196204b90fb,1,0.821188
37ee52d4f3ae5ad07a1a3ec2,1,0.655667
381604c18110cc2fee6f65a2,1,0.825871
38180ae543f6a80590534cb0,1,0.569972
3822626c09f8011049c357a7,1,0.303732
38281ea36f91af7909cf9ee5,1,0.280025
383b5ea70a87ba16f3918910,1,0.275617
383e3d17a4d12e247afc2e1a,1,0.80502
383f9d12ed4daee00cba013b,1,0.734691
3855e246f0b6de3189aae067,1,0.912748
3859da5ff36ef9612644fe35,1,0.82176
385e77ab03197f34d67067f9,1,0.829077
385fa2ec8fffbc4531e7278f,1,0.838018
38781657bd0e91e2e3d29f29,1,0.499191
3887eef72fdf2090b657dc47,1,0.405331
389beb1542cb0cb961ee238f,1,0.872782
38b86ad3544a80855d7e0231,1,0.700383
38b9400195c2e1de3f90736b,1,0.464325
38ca4e14af33d6f3beaeb791,0,0
38cc07a5a54bb55b239e5941,1,0.797399
38dfcf0e898500471893d41f,1,0.902781
38e44b5e5964db8dc629e2c0,1,0.460835
38e8caaeaddaed752dc057c7,1,0.695338
390a21ad09d122480bbfa48c,0,0
3914aa5a2bad4a7098fc07ed,1,0.39129
3924d114182ae6bee024247e,1,0.308607
3953a387ab294dbbfb6ed675,1,0.756358
396c734fecdb458db92324e1,1,0.863966
39710d91c4e328252aee90c6,1,0.85741
397d7491a5ab77caa8195f9b,1,0.545437
398f319ce58f837c2a96733b,1,0.354768
39a2525f379361d1fc0c7472,0,0
39bb6d722b8e83080a426151,1,0.903805
39c02555a4fb012773fbce12,1,0.790369
39e30e2ecf71554538a8b625,1,0.702224
39e9dd03aa44643d4a6d6aa2,1,0.88779
39fe98205d4cccbec2b9deaf,1,0.828384
3a16af454d8b8d05fc49bf5f,1,0.705684
3a2a27fcd8efd1a10c458067,1,0.763484
3a3c28ef8c2a6e985655a96a,1,0.30549
3a421f95a8c9f5b5abee59af,1,0.42322
3a6207397395866343c7b629,1,0.656988
3a6acd69047d5f20741fc759,1,0.431704
3a797907ea7671ef248e5651,1,0.636127
3a9411b197996b616874d6e3,1,0.734501
3ac69681b1b34956a81368dc,1,0.461108
3acc4156ede0983ba3e75a44,1,0.854763
3ad77829ebd0821010e54dbe,1,0.453716
3ae24f3b308035744a4cf259,1,0.71113
3af24acd960abd09f7fc99bf,1,0.747616
3afe3c0f9309302bf74890cb,1,0.80038
3b22f227b5501cb1c09a3ee6,1,0.629775
3b2b3678463458201ddf5c27,1,0.825449
3b3366ae62e3e45f8ad681a6,1,0.790369
3b733f39295cec513da4fb10,1,0.818011
3b8b15d39a521326c69a4ca0,1,0.711832
3b962d18e77dd22c47abd5bf,1,0.386532
3b9cd6769c0af67ab14bb5ca,1,0.733356
3bba37548b971ad1321c77b0,1,0.587884
3bc1d1f48d31d952de6bc23f,1,0.789721
3bc39360ef2d6fff6d81d656,1,0.846958
3bd8593706f02091946191bf,1,0.862699
3be10f88d9cea859d09e99fa,0,0
3be280f345beb6ab8f38cff9,1,0.463414
3be7a62cfd6e8863b7816dc5,1,0.884039
3bee614e9dcaa3a01f7dffa5,1,0.787768
3beee7a49b4387bae679fc13,1,0.852322
3bfac3ab3e8db810f4f5c18c,1,0.518958
3c0e8deccf42e6d657ccf034,1,0.382026
3c121d348d6021df7af3977f,1,0.740737
3c36fbf9d0caa131aab2585f,1,0.287668
3c445151dd474c46334c58cb,1,0.769773
3c5a09c24804fdff8130f9e4,1,0.743541
3c62bb329a0e4372c6e1cb1c,1,0.616532
3c750c67c936d58beed58795,1,0.794704
3c797ecf67a918518cd12c25,1,0.748536
3c91aca3716f16fa0820e8f5,1,0.719482
3c9421bef70b09841776e729,1,0.498509
3ca42fd3725901bcaf061687,1,0.723895
3cab40584c7a0d3f6dbb4c4f,1,0.651022
3cd1d8d12483c43f3827f155,1,0.801625
3ce77a077a078cb39aebe56e,0,0
3cfb02d4a04491c187972189,1,0.888372
3d055590e87502fbe89f57b4,1,0.421373
3d2618f3a0c1b5847e7f3cee,1,0.4575
3d2818a85557d26dd3aee4f0,0,0
3d344c0065b5a0afcee0aa5c,1,0.794385
3d35a2e226261b814560beab,0,0
3d49ef19db029d7ad0461418,1,0.340705
3d4ae6902721469da0764a41,1,0.490754
3d642e32f6dbefeea2915bf0,1,0.871146
3d6ed8a65a8c8ad6355603d5,0,0
3d7833ba78cda7f176c8d2fe,1,0.868269
3d7d8143cdc06e26697bebb0,1,0.802246
3d92d4a5ae19cfa285edc7af,1,0.817137
3da1114f5672ee8e7c58791b,1,0.785144
3daf19100eb20ace189d5f4a,1,0.85741
3daf68a72069445445c6d232,1,0.332636
3db6952d2feb5a36ccf4b674,1,0.842215
3dd72a66b94387e285221640,1,0.853425
3de219a056a354032f866965,1,0.84759
3de66d6079ba10029642d25a,1,0.42179
3de93a5d787b24ba88312e08,0,0
3df188bd7d75d6ad4db47300,1,0.855369
3e2240b92fa4a1436e6fadca,1,0.634883
3e26bc961f8d21cfb1617ad7,1,0.825167
3e2b25038d5809fa83a53157,1,0.391406
3e32827049221817124ec855,1,0.900179
3e3e5828035d3cbe686d5d4a,1,0.804713
3e43d543f4666c59180e258b,1,0.389372
3e4e2f41c8cdd9f11644b3c2,1,0.836555
3e500a678956449d21e7f071,1,0.885235
3e5dc1b6b49c29ee4ecf7d26,1,0.644784
3e634be64b28106216255ba9,1,0.85753
3e6ecc1cd4a50003fb956c7e,1,0.678753
3e79b9093d414dba0522e52a,1,0.826151
3e932d52c2d7f8b4acdd2c82,1,0.843251
3ebc48c509be4343cfeda9dc,1,0.694613
3ed0dc2c53db910fbfa1237b,1,0.800848
3ee6db315a6f794220ccc940,1,0.815085
3f4c841c4c28ff0abe36ff4f,1,0.80502
3f5c9a5b11a276b9cffcaa21,1,0.397997
3f97238d73df7b0be5d464b7,1,0.54353
3f9f922678ca131f38765cc0,1,0.846958
3faa43744cceb92fde50b339,1,0.294621
3fb5880c74c82a7e601c4385,0,0
3fc3162e195ebb121fd6b366,1,0.883638
3fdf85adc1bdd42e098288e9,1,0.808219
3ff3f21ad27368b08c86eea3,1,0.799442
3ff4980997cdfe5d6aa0226a,1,0.812719
400a105c6cfb8e77850a5d89,1,0.725649
402029abacbeee53ca536af0,1,0.663451
4029ebc74c9820c5a45bc66e,1,0.32338
402ff3dc2e1471ff084d527a,1,0.515033
40351e119750db029ddc617a,1,0.906818
40510973522555fa17238c9f,1,0.288268
40890abc281a0e1d5117c438,1,0.865338
40a0beb21da765a6d2da6462,1,0.881615
40ae25d6e021b49f43ce5868,1,0.36591
40b7688789aaac23031fac8d,1,0.815526
40b97e127042c4eae41ca836,1,0.775945
40c6ada21d50b0ff8ad7d623,1,0.903123
40d333ec94fc7013363b3fa8,1,0.784814
40f2eb5be383cdd7e3db064d,1,0.864882
40fb96677615b19e3f26b9fb,1,0.689724
4116d1e78efba6119008509f,0,0
41180e9ca41781a988dd04b7,1,0.758332
41181dad9eeb8c25f356d34a,0,0
412a83f4bc6e701e0c487eb3,1,0.719384
4136e1c024e4c88fa7421bcc,1,0.417153
413a583bd0d0a57d7d5b6e55,0,0
413dbe299c5b83fdc9c0ca50,1,0.797557
4150121a723ffdfa02981384,1,0.720663
4151fd653a3b9499718e0480,1,0.687945
4155ea7347e1149a9fcfaf71,1,0.798501
4161dff68e21a88442485aa9,1,0.299925
41626e3f6f5d11b9e76a4792,1,0.858837
4175b93531ef25d47d4d3aa0,1,0.784979
417b0ef68ba8676ea4fdbce0,1,0.754734
4187c7cd393477db49bf1ec1,1,0.782663
418864defe28a6d2c85f2b15,1,0.716318
41952b667a667a05355f56d9,1,0.830869
41e56fd6d1fad9cf33b4e5e5,1,0.81257
41e767aead6d7e131e1fb096,1,0.666714
41eb61ea5db562600188195d,1,0.854399
41f0f2295148c44d1144757c,1,0.761539
4201c534bc137c113937da32,0,0
421c51abcabdfbba1504a694,1,0.846831
421c62da6e3b7bef0906f5c6,1,0.818447
421f867163a37a48c40e4214,1,0.876423
4227ff710e4edfbf86c787d1,1,0.860955
423fd71c4d5945c7c5b48b9b,1,0.704872
424bc54a0f6204e1445a6bbf,1,0.840128
424bc7706414b9249c984c95,0,0
42588f21474ed69da7b8679e,1,0.468639
4261a6608072ddc4ecc8465a,1,0.581244
426514f4dc938550c7aaaade,1,0.503651
4272b6c2f1f8f2dda8f46717,1,0.423577
4289006adc3f208cb7d8a666,1,0.76856
428923875be5649893ee7788,1,0.846324
42ad7f42ec552425e8b632df,1,0.847463
42ae1e236e45192f6310f6ed,1,0.623606
42b937f84d068483e3daadab,1,0.842086
42c4035455d25d52d2b26df5,1,0.259826
42e2406a410466949f0ff8e7,1,0.709925
42e7805ba50014cc1f319361,1,0.697712
42f4f1cc4d00a3964be5bd0b,1,0.452627
4331aa147b521dfce86f46ff,1,0.897156
4337349c4326b52fe7798870,1,0.739046
43493c13864c0a6b64739c99,1,0.83868
434a1bb730276db600991c05,1,0.2522
4363ecb17dbd3f5f0b349549,1,0.87821
436ddac30d1ca7c60905a9d7,1,0.680879
43a8e10833b2baa06f5760f3,1,0.578567
43d9d2c26fae142278ee73b1,1,0.351756
43efc8df9f6930b2a5778aae,1,0.271252
44217a2a2cfe1984c55b19f8,1,0.256087
4461c285554d8bd8a1ea8e2f,1,0.442516
446b529d1ce47cbebd525dc9,1,0.264548
4476a05cb2db45cf28bf1ac7,1,0.896614
4491bad221c461eeb28d2e2b,1,0.888759
4496cac265d70b0412e93649,1,0.867148
44aced2c4bce2475c9c4b8b2,1,0.750736
44add3bae7b94d1bf262b269,1,0.580114
44bcbbbe7983e7810d7e3970,1,0.798187
44bde980072accba719a5909,1,0.695855
44bdf275b8f9d7ca8e6c84b6,1,0.608768
44c2db2e5e297dd9718f6f93,1,0.322313
44cd68c192c963c839743cab,1,0.851089
44d683558ace2c3cb71eba02,1,0.857887
44dcddb197074efc61c998b9,1,0.842086
44dfcc0ccbbc431169f0c09a,1,0.878001
44ed44474e315853f6e1e1d5,1,0.875041
450e08b07121a3b2ea7d8b7b,1,0.621196
453fbbf47a1caebb9a62ab0b,1,0.864081
4544e468dfce279904ef0af4,1,0.828939
454d5b8c9f7acc9904ec5c81,1,0.707809
45889e6ae74786b178800bb2,1,0.275227
458ba08072549231a39dfd4e,1,0.452657
458bc48baf575b30e30276c0,0,0
45b66f0e85b2b943708c7e45,1,0.575946
45bf98d903ea5aa7578b424a,1,0.260954
45c83e3c70eb2230dbf0b724,1,0.467058
45dc22a19217e3c67e02889d,1,0.877791
45f25c1f59d645b0559af592,1,0.815233
45f2d6102c9bb501daf09f76,1,0.598019
4600080d3d4285433841a635,1,0.752195
46069c8a10379d3f0962053c,1,0.50526
460daa07e5ac4e3cbc2ff2e5,1,0.823896
4632901995361e1f3199e380,0,0
4634d8e84474282b1544b784,1,0.677367
4636f736c1d23ae94c737239,1,0.854642
463e9d9b9167a10065e94b86,1,0.854642
464a7f00d0e31df83f98e360,1,0.821617
46511961c231b353d2622b1c,1,0.349311
4687f2f778bb4870d7b928d4,1,0.765067
46a4523d65a7d46709fb1892,1,0.433861
46b1374aa206c374d0455d0a,1,0.794385
46b8c53bf0c4f937ec84fdae,1,0.281702
46bb227fb0510f0897b2d4af,1,0.554561
46cce0518ce526039337c5a1,0,0
46da803080937817814ae506,1,0.777131
46dab975028677e61d954740,1,0.877477
46e489805cade7af6f8ced0a,1,0.90053
46fa24d0bc7484303be83faf,1,0.309754
46fcb49f49d50ad6bb8f406c,1,0.745398
471459424e1c641f78adf6e8,1,0.418935
4723fe933fa912a5431bc213,1,0.896251
4747d664079af7b9120d4835,1,0.796609
474a274d278d6250829c7937,1,0.875361
4769cc61d57f52abe89240fb,1,0.632389
476af6acd1cb92f7c3958078,1,0.316581
4776893501d75749684f109c,0,0
4779280c1ec9a93590ab917c,1,0.498432
4781cff923e0e2e55f04b0ed,1,0.338405
4795e60383f7f1fe265bb50c,1,0.807309
479f5328b5f1a4e4f69fec07,1,0.763307
47c72363f0c2e4b381e75edd,1,0.658198
48002c5b0e955ea31da10069,1,0.261897
4817becb77e8b9b76db5bb09,1,0.905322
4843231cf02ff9eb22fc8527,1,0.840128
4860c2e2eb2dc25a7fa482db,1,0.903635
4897d3d2c29eac4bc3634492,1,0.658966
489ddfef3530ec326b5ec32b,1,0.790854
48bab20f6f10843572e2fa69,1,0.293708
48c8be49eb5b69a3dc509629,1,0.682045
48efbba19dc768cf6917769f,1,0.815967
48fb5c355530b17a5efb8329,1,0.789558
491525f83b8167fc832fa285,1,0.837354
491ec70e7f76b3f05ca10c65,1,0.525049
4925988a67c6396264f4c05a,1,0.758153
492dc0b7d6f38f043cc6bce0,1,0.765944
493999242a70dbfc4e539e63,1,0.717705
493d89d66a583f91ab2dff9c,1,0.879354
494517913a21c67e7a10869c,1,0.690559
49759d0d4f096d2edb15ca37,1,0.927363
497e2bd5dbd0cfbb82e9aa89,1,0.82176
499445e77f5c39fcc712401c,1,0.517937
4997cd78659eee2883483b45,1,0.757615
499884b87c89ca451cf60dfa,0,0
499cd3e907d348ca08b5b6e7,1,0.660501
49a3d1ffecb77340ae0916c4,1,0.773901
49b68bb780f2ea8b707ceaeb,1,0.834137
49b9b3ef5a07b752cff86139,0,0
49c73e1dd5a48e634bd3ab32,1,0.270769
49cba5d89a9436364f4cbd40,1,0.279828
49cf7a5d016d8133d1c19f45,1,0.262086
49fe652ba5f374487db8307d,1,0.470402
4a017da8807296d70caa7f8c,1,0.36591
4a044f4884a9a54a558eafc3,0,0
4a122f93e4cfb5eb21a5b8df,1,0.291586
4a17c135d05685cafeb830fa,1,0.343672
4a2a6a96dc7d2ceaa13e9d86,1,0.256646
4a2dc5eee6ac0dd09cf92aad,0,0
4a35d68e0fdf44f1f33bdb00,0,0
4a384211c8310b35c74bbf95,1,0.431405
4a3aec80d92de550fe252e8f,1,0.83346
4a42b695bb00a7202d19aca3,1,0.803482
4a5638145b140e39e022c138,1,0.85269
4a5bf91b696fdf24289a9e77,1,0.806396
4a6db943f46fd5dc8832d95a,1,0.746878
4a6f7417e21a917185919676,1,0.543711
4ab1aeee6c1a52c9788e0c21,1,0.835752
4ab8a10aa6d3d3d79492f811,1,0.878523
4ab91b999b92537f8be224c9,1,0.875468
4b0433af5568b6c67c2c486b,1,0.446736
4b29ac9f4b4f3cbd0bba0562,1,0.697815
4b3105fd02aad99fb01d6381,1,0.405508
4b5ed32c2a1687ebccb17249,1,0.277865
4b64ccb011c77e0eabf41362,1,0.428233
4b6a27fb57787520a08d99a6,1,0.729134
4b723f02bceda2934bd340c2,1,0.573917
4b9e058a9827e8068d4d4cfe,1,0.28587
4bbb8869160eaee96522ee0e,1,0.897874
4bc8f287b845a312643271b7,1,0.70253
4bcadff0cb57edf7e49424a4,0,0
4bd491eeafa4be4e22c24316,1,0.890865
4bd50629a5569ee7ffa8cc9f,1,0.855248
4bd6337dc7f10bd75fa5b953,1,0.865565
4be60531287703e9e882e94a,0,0
4befb441cf0bf2520ad29585,1,0.883638
4c0f222554279938b2688298,1,0.763484
4c526fe8cf2504ab80091aa5,1,0.778818
4c7463e933d2cb4bfba19473,1,0.861072
4c9b03f4ef99fd4dc1701956,1,0.894973
4ca4968170cc64352906e9d5,1,0.745584
4ca6a3d7d93818ab21bdd463,1,0.755637
4ce9fbdb8451f890aec06cac,1,0.856092
4cec38594f0b69b8cd9c74fe,1,0.754553
4d15b8566114c124b21dd4b3,1,0.913213
4d41efc486bffc846d830af0,1,0.823328
4d579fa80435df3ee71f23fe,0,0
4d688d475e2a0990a3cb40a2,1,0.343122
4d72af09069637bbac873146,0,0
4d7ea9b8f125c5c4af9ab85d,1,0.543984
4d81bd92e932ca1b9a3867c0,1,0.266262
4d8783a64b0977cbe2dd82ff,1,0.711732
4d91678c18327274e8deccfb,1,0.777638
4d9227173e976f210f6dd6e1,1,0.749271
4da28336c81af158a62a4f0a,1,0.853913
4dbcc79e1e3d5a106a3cbfd0,1,0.315314
4dce3a731d73d57d5c13a22d,1,0.259263
4e0e52224d393d18b3d94b20,1,0.692226
4e101277bba29c1d7e887770,1,0.861422
4e1f7bb153d5912878d2aeef,1,0.430327
4e2f93298537e7adee0e58d7,1,0.8067
4e2fed2527f5d0e94b714e9a,1,0.878835
4e3c24e4080d89c2e0afd976,1,0.645008
4e454a3a70ba3213d39c58eb,1,0.825871
4e4d0458f2d1e52ffdb47fc7,1,0.730578
4e7aab9255f954558511c26d,1,0.849347
4eafe1d56449cf5d980906eb,1,0.798658
4eb1930362ec58b4a079416a,1,0.709925
4eba9dc198784082a9205cf2,1,0.297674
4f1a3987d65517164ef7521a,1,0.749821
4f28a2d1897844fabd17b1f4,1,0.774583
4f325280a087648cdcd51563,1,0.880695
4f5697242cbd74da0e7e582c,1,0.894789
4f65b8fffdbef2bdff78323d,1,0.305387
4f7402da17233e196f00317c,1,0.785802
4f9fae5d29d5f8a87abede06,1,0.764364
4fa294b523a8000e919ce514,0,0
4fa33471d1a4778b64b8c8a2,1,0.695752
4fa3a2003966d551c07c39b4,1,0.783326
4fa884a763e5639b7f91b041,1,0.713132
4faead980a1dea22bf4982b6,1,0.71423
4fc2f157f0abda99e712d094,1,0.892937
4ff474bef4088448fa888dee,1,0.842734
4ff4a1789fc3a02cef1c1279,1,0.769946
50009da9c91d84e4aa8eb261,1,0.826011
501fc7f8bc070d1fc019e934,0,0
50418e92fd3a78c01d5f759d,1,0.315947
506a1ad19a3385b074e30526,0,0
506a3c75e2d95a8006c0c9a0,0,0
506cacc8c10e51067a991207,1,0.877791
5070ffd193e25da3cee4c45b,1,0.444836
507518c8cd071ab94b664bcd,1,0.445891
507c8072e1eef0971a4840dd,1,0.8874
507fd2454910a6ce90b2fdf5,1,0.90261
5083c16dbab16f37eb0fd095,1,0.308086
508d3d0bcfa023bc23d3040d,1,0.825449
50932786f66ad1ca2b6c73d0,1,0.781831
50afdbb5de598e151c181309,1,0.565779
50b6df14f8ac3844e6a0d7c3,1,0.854035
50bc44cfa6df6e3e4f03f5c1,0,0
50bfbb4e9c8327c48661ccff,1,0.801315
50c6026d7e9a63561ec2d786,1,0.792143
50ccb2938ec8b25a7c633c4d,1,0.627152
50f06c3b93641c54a4d32db2,1,0.811825
510ebe11662ce22fade97f82,1,0.828523
512a6f2ed89ca74d2243f86f,1,0.801315
512ba86537582c54675e1b70,1,0.72662
5153ea7ed81c724c4d216a31,1,0.828523
517d40a757dfa5d4f99adb33,0,0
51b2a55e5203c129a911d7fb,1,0.256273
51d7739ed1799c563810a1d9,1,0.724188
51e6d8308ca7d959b152d4b7,1,0.889529
51ea9b4812931ba7c6352fd1,1,0.89607
52119a73424ae5a46b66aa2b,1,0.295636
5215235a51aaffecc5ba5434,1,0.76856
521ac809c0419d6c15df9ab2,1,0.784154
521b655b0a7816c4951958d8,1,0.810479
523184ef07d1edb09e7b1313,1,0.856812
525216df67064ea9b71120cf,1,0.812123
5256f10f758616ef40415f1f,1,0.637708
5262de83dcbfba404c878895,1,0.796609
5279578906e37a22b55a0a04,0,0
5279ce7fea2666b18bc3c041,1,0.803328
5284500cf06e7f23fec2f4d4,1,0.705075
5292745da2db4d2fc300d758,1,0.312055
52a62de705531459eec0286c,1,0.794385
52a6d9803dd007994a23bd13,0,0
52b29c10cfb9f22dce3314da,1,0.778818
52bcdde3c3146314d9d3cb67,1,0.60842
52c5ec17fa34b2496e45b665,1,0.557062
52c6d859fcb425b31dd40d29,1,0.779658
52cadc4f03a8f953e1949f56,1,0.727589
52cc767b5a6ec2e34d174983,1,0.250179
52d3cf9f94c834307c3ecb1b,1,0.430088
52d45725f8db816bd334ae93,1,0.843251
52f23e990c1b65ae0c7dffec,1,0.656218
52f8d0f3be1a4a12429e3cf9,1,0.772874
52fce3859eb7360981a468af,1,0.349866
53063044fe162ec063c46036,1,0.547736
53111ecc878a8c3e8430c562,1,0.613352
531fe47bcc7b5ac546753181,1,0.809577
53241fdf1bf3e5c2c7e8d16f,1,0.789883
532e6c1fa85ca7125f4655fb,1,0.845305
53333ca87cf6bc5dd9b35fa1,1,0.81946
533ff4a6b11eccc2e7e91ba3,1,0.73431
5354f816d69b563ebdd6023b,1,0.911653
53621c2b78cb42b7c856db48,1,0.675765
53723bcd6090bf04a17e632a,0,0
5387c37957ca4dc23620ec36,1,0.839603
539e75ff077e14450841e5e4,1,0.272315
53c7cec321d97752af3ee8f0,1,0.535584
53e7cd188ca7c52d74007241,1,0.840913
53ee1af9ab0a43e1868adf45,1,0.743913
53fbb0ce65c764867f7b7a31,1,0.743541
53fffdcd25ea4c6889fe7730,1,0.878419
540290b6133aba94f67dc1b7,1,0.867261
5410eed9e726e5b4c267bb7d,1,0.650911
54120ad0c68524e595365fc4,1,0.906818
5414baf820b2f27eb272351e,1,0.863046
54177a51bb7b917350c1cb75,1,0.794704
54197441aaed21376b550d1e,1,0.316369
542aba9295376d925dc1903f,1,0.440319
543f8d65d87ab4a8aef84f82,1,0.708313
5460f6270c6ffde0d42d2c7e,0,0
5466735f623b71135653b966,1,0.772531
5471d53cee9f3ee9b07fd2c5,1,0.327561
547b8754e79ce0a446bb34b8,1,0.776792
547ce83cb8141c2d52ef7e04,1,0.292393
54a0748bc4a21c5c99fde641,1,0.866019
54bed7ae67a9eb9045279834,1,0.331012
54e1f7836fc671db3a278d6b,1,0.717705
54f133b3a830203341156b28,0,0
55063d49765634fbb63dac0c,1,0.266835
551545df9728bc8561396670,1,0.522522
55199693ed929365d879ca41,1,0.826572
552fd600c34ef36fd228d402,1,0.808067
553b6e4b1e70c67a5b50952f,1,0.463353
5553fe618ac646ec3950119d,1,0.7413
556037039b5e278792eaf855,1,0.854399
55748d759150e7dc8cd435bb,1,0.668231
558486e7e81e0d3dff5c2302,1,0.255901
5589d68af0ad0c203e4cd16b,1,0.311741
558dbf224c2f5b2c5716f509,1,0.85753
55907a9c8dafaedf06879676,1,0.762954
55a2561a0a54f1f229651321,1,0.826712
55b61ca5919d70ccdd475fb8,1,0.316581
55b6ec2df840ef98d14355f3,1,0.40439
55bb4f9d7344aa1d03994ce0,1,0.370909
55be22aa24052aae35bde96c,1,0.772187
55d45f650b79ecf4880ff7d7,1,0.260013
55dc6a76b2d312cf216228db,0,0
560054dd7b8f722c83f13778,0,0
5613d58be60489314813844a,0,0
56203fed6c9ef1af898e568d,1,0.639624
56384b3b5e67ad9d2ea9289f,1,0.299412
563d681633e74b868aad2664,1,0.815967
56416be4597373d9eae0e55e,0,0
566c51ffab8c87543b047961,1,0.302082
567c056056cbda4ee458df75,0,0
568a0814d1668c5fff16437d,1,0.460228
56a496783ed46b0b6215cc50,1,0.254416
56b47d930f8198c95fd81a5d,0,0
56c33be8dd4041ec17e42def,1,0.832917
56c372a1ab02dd85840fea83,1,0.727782
56cadf31196ff66551909b8b,1,0.311846
56e8616378783f11b34e2ff8,0,0
56ecbfdab354b3eb2926f340,1,0.870597
56eebf647a58907229948a43,1,0.826011
570fb0f0901a5cd4d7ddbef4,1,0.412294
571ee05d00cd0e27d247dac6,0,0
57215e2bb3fcd31fc3543d6d,1,0.763307
575c2637319e0786945a0a4a,1,0.695648
576c2ef964817bb2f91a658f,1,0.813461
576d1486db9c2bf96609eeca,1,0.405743
5778898b1b60e51cda44a395,1,0.756358
5778ed04aa2c0ba3d05d6b8a,1,0.425546
577deba1afc91b8c6ca01540,1,0.812421
57a2b9b576cae79e4dcdebc0,1,0.707809
57c80aefce123e3f163d9145,1,0.711531
57d23398a27cc6dcb18c8d16,1,0.824179
57f2a4e32050d8caaf24362c,1,0.695855
57fef05600de870a2bdacb91,1,0.807461
58437ae47a4c3b938f6354eb,1,0.755997
585f7b6eec8a09fce5d8ad8a,1,0.858955
58612c410a61e4fe4ee2e616,1,0.568056
586b670237b7f1ef5c416b8a,1,0.808219
58747a5d2476db459b9b5e7c,1,0.852935
588d6a93b5fb6a50e36bf5b8,1,0.397646
58aba199a9bcc631853a2756,1,0.304042
58ada2c054d8f7c40fcfecd8,1,0.558297
58b965b1904ee398f7973866,1,0.841174
58ce52800d98ea07ddc41471,1,0.715225
58d7a431232723a38245deae,1,0.658966
58d8ec3b0119f1f600388a2d,1,0.367724
58e39681515199089bb492b8,1,0.340376
58edda487ef3845797eede64,1,0.255529
5905a081d4fbfff26c96e75f,1,0.78016
590cd25f092eea6bb464bb97,1,0.76908
592dab9d02b41a851f417cd9,1,0.863392
593c5472c154ef92ee8f0aa7,1,0.772531
594921fa3464c7114c3230ea,1,0.931088
5954b6e031c157d9e2ae013a,1,0.863392
597136cf100506b916a3cc11,1,0.837354
597b47775d84180438c9a427,1,0.810929
599722f8c1f5436ab77b9e76,1,0.509841
59a9fd4b4023f523d58cb54f,1,0.741112
59ac08ee5d13652fa0e4bab0,0,0
59ad8471cca14b17d039410e,1,0.752559
59b15272163a0dd2605b2cdb,1,0.76454
59b720f19c1fe04d4c615096,1,0.585575
59bb5760a982dc6ff57b1925,1,0.807764
59c50831be33348bfbcd35cf,1,0.519354
59ee530fc16905ba4fa15c09,0,0
5a116adbe933a01f3b4ec980,1,0.754734
5a13edb43e52a865a2d3e57e,1,0.519506
5a14670c91f941f1a91269d6,1,0.851212
5a18fe0717d79fe017fa01d1,1,0.50255
5a1db7b45196979b7560bef8,1,0.382603
5a2d8202c37245032a2bab8b,1,0.875787
5a320cb7878657cdd2207b9e,1,0.342681
5a33c96979579c517fdd26b7,1,0.836955
5a36a40642966e4647ffddbf,0,0
5a38323b468be8a4dbbd79cb,1,0.881411
5a4ffba527bf06269b7476d6,1,0.85753
5a67d3d2f20667f7e6e7e0e7,1,0.758689
5a6ab6bf4fc9737eab37c5e6,1,0.824885
5a738c435463ede27d23dfdf,1,0.380874
5a7aa098b3be8eded856e61c,1,0.354098
5a8c7a6547fb226b11b7dcd6,1,0.871037
5a9a45fe72bbbc4c0813a446,1,0.869936
5a9fd5351fa2c7d9ababb799,0,0
5ab9b0ce54f36412613a0e58,1,0.852568
5ace152e76e252819ef5f369,1,0.355104
5ad011d158ad2ecbfb5fb074,1,0.610453
5ad2d81f591189271639da5b,1,0.502953
5ae700527c532d726677d631,1,0.483694
5aec36661b689c494a3dbeb3,0,0
5b072f6e2dbfa2d132e074f2,1,0.624408
5b0f628380e2391819e19c13,1,0.76366
5b19cd39f5a6cee6a92cac06,1,0.608187
5b256c5d7180f79d74da3961,1,0.339061
5b3fb4fb600e864a75cd76cd,1,0.852076
5b64d522d0a8f913793a1bcf,1,0.39356
5b79c0d2c34a50aba2eebc1c,0,0
5b9385ea84d31e999c9d47d0,1,0.310694
5ba0136da71aab1d17e42cff,1,0.779322
5ba92653a3464b55ec1c6345,1,0.844537
5bae07efc7099c24fe6ad739,1,0.563378
5bbd82c1b03c892a3f58e79e,0,0
5bc111774651afeff3994dab,1,0.2587
5bd7efbc41b443624d8f9f37,1,0.311113
5bda85999b7a397fdb9ea5aa,1,0.301156
5bdcebd56089ba223bffd370,1,0.805326
5c106d785218ec4bcef10cc1,1,0.899475
5c14bdcdd6f5f290a79cb1f9,1,0.82559
5c1c15815276a96a7272608c,0,0
5c398cbbd338a2984305f243,1,0.453322
5c3b02520c64d34155566a4d,0,0
5c3c8db7c0615888ae0e96af,1,0.30013
5c713ec733945eec0eb8b26d,1,0.399167
5c8bb64a34c1c5bfd46c10e2,0,0
5ca33a8bdbef6dcadc625114,1,0.843122
5ca695146dcad288cb75bf10,1,0.78233
5cb4b387eac2393125e7eca7,0,0
5ce5801d375ff6c66767624e,1,0.424412
5d0446e5b9788af066e6288f,1,0.752013
5d22dd654bf7975a85e4824b,1,0.717012
5d337aef7f8ec2a9c5c81ab7,1,0.901053
5d3470bf0d93a8ed4a963604,1,0.840128
5d4359fc9021b490aaa1af55,1,0.477493
5d4ae0396f4be5470f934f4a,1,0.722723
5d4c182020b0394b96083093,1,0.851336
5d6cc981a2b9f024230a90ea,1,0.447792
5d83effbca678cbd0ad4263e,1,0.460471
5da7285b3c745df222844d8e,1,0.867598
5dceda39876f8c15386a3a7c,1,0.793266
5ddc671006f5767536e5eaac,0,0
5de89a3367b7b4021bfd606a,1,0.351979
5deacf8cc61f9dc3fe7dcdce,1,0.753285
5dfff98ac8d580b59403c804,1,0.698227
5e0e9c923bf8b7a0289524fa,1,0.778144
5e25a5966f97d7d3f236fe40,1,0.282097
5e3753b7c10a5092f541ce5f,1,0.723895
5e4fc3189257228237f06b92,1,0.690872
5e54de4afff89d209527c971,1,0.705684
5e55d3287e1c13ad867ae615,0,0
5e5d4aca42d62e9d2c3b2fab,1,0.810329
5e5f3d89816ec1356b7c0422,1,0.766119
5e8337d8d8f15334e6d823b3,1,0.260578
5e8b62eba5f6cb3628505be0,1,0.755276
5e8d3e17ae12513544a37b58,1,0.73431
5eb8752e4d6fe3172979da49,1,0.718792
5ecaf33be0d0db745ff781b3,1,0.860134
5ed09aa47e1a0abf28a2d46d,1,0.877477
5ee3eca9ce522647c04fe254,1,0.655887
5eecb809a6fdd9ba356e03f6,1,0.792143
5eee31ddfde765e324360afd,1,0.490503
5f31077d7beb43e848519c80,1,0.649912
5f31527e589da0d5d3352db4,1,0.426202
5f36a148538fe646711d8917,1,0.728845
5f856e8cfc20cca17e69862a,1,0.472501
5f982ca13db2f0c875fdab00,1,0.623033
5fa3e6a50d09f06248e6f0f0,1,0.819026
5faee42db8c40bed9e471fb5,1,0.41324
5fb725dc63e4f4be272c1973,1,0.84039
5fb80bdb6a84ef97d43bc5b9,1,0.645567
5ff74d8fcc646b6cdeded3f8,1,0.262275
5ffbbf150ffb8d2e4f908018,1,0.636805
5fff268c28bca8929811e2de,1,0.826292
600a9fcc14c3a497a5ddbd9f,0,0
6013bfc63afe9e9e78bed3ed,1,0.363082
6027f369a53a9e78f49ec1e9,1,0.465904
603aa2aa8b920a011b0a3cef,1,0.819171
603f1084afa6944f0bcc6c4b,1,0.337859
6067fc4301211f9d71e2d2f4,1,0.878001
607363ac086e772361aaf292,1,0.635449
6080d355ff29c6fedf733bae,0,0
60b6ac312eb7eade2e879d60,1,0.348091
60cc9cd977df7ab1a960cdc2,1,0.733738
60f95b8ab67247e3f6c94c36,1,0.402744
61050f42ca27746222467010,1,0.430207
6109c1e2c930db4baefdfb8b,1,0.25128
610a1d56a4586e244e4d5b5b,1,0.796609
610bb40de86b72de4c40879a,1,0.63477
611b7041b95a1ccc9200ced1,1,0.478833
6141cbf85018924a757f439e,1,0.611208
614501b6f96fdd72a9be4f7a,1,0.563138
614cfbf332dcaa705a71423c,1,0.52205
6194baf25d75e05e68aa4246,1,0.677154
61ad961ce27a53ef86cac47c,1,0.690872
61b53b272ea473fd9603abc3,1,0.854156
61db839024657fee58a12721,1,0.644001
61e673a612340e9aa091b92c,1,0.64969
61ef15cb7488fee6072a7628,1,0.854399
6208c825e1efc43e9ca20069,1,0.812421
620b76f9bd7d2cbb9b593d67,1,0.520923
6211364a5c268ffa48943c02,1,0.428174
622031a6067dd7bb70325517,1,0.829492
622e46d380786b5688f23c06,1,0.410815
623901bedcb09da2ff749c52,1,0.652352
6247cee37423efe1a191ede8,1,0.824462
627053adc0309dca52aae216,1,0.870487
62783abc9945a50eff208546,1,0.516382
627b03d2d0aca5e69bd7caed,1,0.774071
6295ce1b51ffbbc852bc9a82,1,0.891244
62ce8f23aeb2ee0fffa69500,1,0.877372
62d9536c35de19f4146c445a,1,0.690663
62e6ec94427b45129d98e3f2,1,0.840259
62e7e1fe3ffd6a6bfb7836a9,0,0
62f73f01277a92c34ecffdf3,1,0.825167
62fe1c1a3a48b178afb76f95,1,0.455774
6308a9b4f82b9234991ecd5a,1,0.863507
6309763f063e19f686535066,1,0.881615
6314a621df78907141c39928,1,0.562958
6329dda8dc37283027ddaccc,1,0.865452
632f5ad28650a4d01457048c,1,0.841826
633c4863ec3b13d999b03df5,1,0.850344
633f7f2f5f9b23a3270f517e,1,0.612599
6351457586f30c12171b4525,1,0.84759
6372280fc7717db75dfe3f91,1,0.734691
63745e9f545d7b4e2a61a8a5,1,0.818156
6387994d48dd2f7d302fb21f,1,0.827271
638b250444a0d90496086e37,1,0.344113
6398c7469e2756e2210e9343,1,0.797399
63b72777b1220c66efe6f62e,1,0.2587
63f3b4753d8458ddd6e4b488,1,0.729327
63f9bbcb244dc1c34c8a9a0a,1,0.353317
63fd599e05a3625c277426af,1,0.423995
63fe2f42d340f6d86e2de43c,1,0.549731
6404d828f5d464cbd54a2ffc,1,0.602705
64803aa6c24f1019e7279bc3,1,0.858719
648e6abdc8d0335bb7172741,1,0.814496
64af4bb9cae84bc0cf526deb,1,0.717507
64b5f0776f9db33f6f662051,1,0.775095
64d390e7592542dac7d5b207,1,0.637144
64e3daf97b82ac7a9ca05d91,1,0.349089
6501c70a30ff212ac77048f8,1,0.888759
652e0d6a3f03c40668d5e5c6,1,0.744842
653b729258b617dc65fc31dc,1,0.411052
653fc86ba4c9c078fa987770,1,0.793746
6542d43e54e9b847bd3dfd8a,1,0.673299
656d329f82f858e5abd48cff,1,0.70304
656d3e0667880d779565630b,1,0.755457
657939aa7f6e93c68f675813,1,0.657758
657fe0964d43b8637029f342,1,0.669637
65b2d858bf537495474ef0a9,1,0.794066
65c22f39446bbaf5d4acbec3,1,0.832781
65cd4fd30039b13b8cc93c17,1,0.460137
65cd5bb4519efbcc08801681,1,0.864539
65d5bf8b90148278798b0aba,1,0.845688
65decf0f574ee5bb51a0dbfd,1,0.73412
66059d889ddfa342baa48659,1,0.406155
6638ab04d80a48e1def84b86,1,0.694303
6655a23353968f17629d0131,1,0.88642
666381800fd64944c7f2a9d2,1,0.708011
66919216192e368f9ce1427c,1,0.762424
66a1516993f26dcfc5106060,0,0
66b10f5e9eafdac49c72ee61,1,0.525536
66beedb17fbe45fece3e98b7,1,0.604574
66edca02d5debc009a02568d,1,0.603757
672524bc626180d932bb0da6,0,0
672b7b2434687914aac586da,1,0.884838
672c232f076da6096cffb130,1,0.362743
67512a09e43dfcbee018ce54,1,0.716913
67661e83757bca5b9a90b387,1,0.367497
6777ac9812695facd53f397c,1,0.791176
677d3b99659143c239673085,1,0.52794
678ca75de94686e3f77a0d05,1,0.622172
6796246ef943cf01d38db495,1,0.790207
679a627c4aeed83369281c92,1,0.842086
67b252c0fc2456d1f5b0af8a,1,0.811974
67b37fc39747f352cafca1a8,1,0.450571
67c8f02d25ac9c4fddc5a662,1,0.772359
67d4f46fa32f2ccc6c157e04,1,0.879561
67f026931290fc9ed9a1ccb4,1,0.304145
68117446713f95a1ce5c36c2,1,0.868269
68322feb0c2ef5a3f410031c,1,0.696991
684686c4f9d8c48dee2dd08f,1,0.708213
684f8a320da68d17f0d0955f,1,0.29523
685f8547c0f1085090f68bd8,1,0.404743
6870f197013099839b9b957b,1,0.421492
688bf109cb3e8bcc38e1213a,0,0
68913f170e77690ba0115002,0,0
68ad3e2c8e75f2a728882508,1,0.38549
68c2ce247b39cdd4c617e41b,1,0.467879
68c9b463c93fa47a13a98255,1,0.80837
68d0a4d189ae6421d65702dd,1,0.874721
68db2500d78484f5526cfe3b,1,0.605158
68f0bb7251c91464e79ede99,1,0.59843
68f5d043ee78b0f855ff3701,1,0.681197
690ca301dc5702e2b84fe7a6,0,0
6915fee301b17823b263ad48,1,0.490998
692d1c08bc3a5bc71bd34713,1,0.879768
69355fca6dda7723c7c3250a,1,0.402157
695aad922292f46286145382,1,0.319652
6991b5cf409908e640a11e12,1,0.433022
699fdb5553da4c1b24a9d1c4,1,0.762601
69aa3ba97b2dab950a997d2f,1,0.897156
69adbcb1c3630ea8624793c3,1,0.425426
69b174280b60e147c9f6a651,1,0.260766
69c33a32d3732e0a9e38e3c4,1,0.506099
69c7c7700bb6321987e46c42,1,0.263979
69f81add41b1351e2a4f0a3c,1,0.652463
6a04f284ce8979ab91c97b81,1,0.69181
6a10e06a115031805314b9d3,1,0.641198
6a2611b15741d467906a27d7,1,0.788746
6a3ad82be5bab3de0fbed4d2,0,0
6a446a91d19eb045c0afa43a,1,0.852445
6a44ba926af5a55f3ddca682,1,0.880181
6a515f6b8fbfc90e783017bb,1,0.758332
6a6e6973086945fd23127b4a,1,0.654784
6a70a22d8915ae6fc7008e9c,1,0.890675
6a91481b3c9e0e623973aced,1,0.618608
6ab024683c7212ab91e645ac,0,0
6abf71ba87f1ce8a6557d949,1,0.261897
6ac3c830ca8aaab12d1799b9,1,0.678647
6ae4fd50e5a2dc412dd0ffc2,1,0.846958
6ae635b78983640cee527597,1,0.629888
6b028c3bbf64718620b18ce4,1,0.434461
6b445304d834b31da8090747,1,0.458894
6b5386b851a9b3f818fae2a9,1,0.607896
6b636583b00393b50ea84715,1,0.775945
6b6c820829691b3a201c1bf8,1,0.477783
6ba7dd3d74bb6784a10b7ac0,0,0
6bc5854568f59af5d843501f,1,0.770637
6bcf85336be59ab0bfce7f68,0,0
6be61ceb8d6346dcd053eccd,1,0.728555
6bf6a24e568c0a43bc97bf57,1,0.342352
6c06c89ef1be2f05de1b0ea0,1,0.871912
6c09edc76bb914bd3a718522,1,0.861305
6c0ee04d5d9aa0eec9b56fad,1,0.553475
6c1f9e71215c1d6e0d6f33bb,1,0.654784
6c2115fb2032be7adb3ae534,1,0.645343
6c21f02eba07c63e92e3c3a3,0,0
6c36f0432e6af01ce399a707,1,0.883034
6c4fbc98a387ddc96679aaf9,1,0.764188
6c5494cd3100e7fb05a10f7b,1,0.819749
6c7401fd5fc874e86038789c,1,0.761893
6c77497d04f9b59cf74c1003,0,0
6c794066dbbfb6ed02b1ed74,1,0.796292
6c7b538909036833f3bc7559,1,0.755997
6c9a19598e729e07264f933f,0,0
6ca4b70a784499815c7b2481,1,0.809878
6ca6db8431acf87a30d08d11,1,0.801159
6cc20d0c4b04d9791dcf6ba0,1,0.640973
6cfcaa811d49a197a5021966,1,0.851953
6d076395b61562f5f226ff7f,1,0.856573
6d0a302e601ca9c78cc97a8d,1,0.789883
6d0a567502bf7ceba0d57d34,1,0.363534
6d2553350a48d587073a74d8,1,0.359364
6d3dcffb770796d240a20e94,1,0.8874
6d55552c1ee19e25e58505b0,1,0.26923
6d6a495d5a9561028d5783a0,1,0.742608
6d73d7aace4f1e36f720980b,1,0.832645
6d7833b26fe03e88930a7147,1,0.737536
6d78c0876e5add9240de1753,1,0.297164
6d957b6fd1659d4dcbe97006,1,0.878939
6dc6a85287e5e9cd14f8da96,1,0.832645
6dcab5ec955d19459020325e,1,0.449121
6dd5303cf8d200d95d88b68c,1,0.721743
6e03e06fa6a4e8772bbd3d3e,0,0
6e06d494867f4e3ffc5d6c5a,1,0.748168
6e0d41200edb2212539c64e6,1,0.855127
6e19fb1f8f91b391bf207f64,1,0.816406
6e19fca708dc6865e379efd4,1,0.836688
6e259fdc0fee690ee9ef8710,1,0.879768
6e2a2f802579a36f5e6b7ca3,1,0.708213
6e36cab9a4ad78c46a72931b,1,0.730001
6e3c7a5da9b537f2c3716045,1,0.326164
6e68200d1ca2ad59a58a464a,1,0.909907
6e6defccf8835f81d6cb0142,1,0.25945
6e6fdea1f1474709ce6d2ea5,1,0.444173
6e7123bd01260655b30b5395,1,0.742048
6e7c7b7a2b6609b20192e544,1,0.846451
6e89ef0cefd1706ff1d49288,1,0.683947
6ee9a691071effebaedd15ab,1,0.854035
6eeced195a7290d0277fad19,1,0.38393
6ef0abcba11dfe47c9d71981,0,0
6ef71853ecc5212ed3be232d,1,0.853058
6f01d3a642e6446aa16753ec,1,0.839865
6f38f73b487371012c81f93e,1,0.789071
6f3adbebcf251c66c3146b88,1,0.857887
6f47469cd5609fed3868f537,1,0.719975
6f5786616155f369ce7834d8,1,0.801159
6f6efc88a94aae585eefbb21,1,0.296145
6f6f4f5611ec7c804cf7fbe4,1,0.554983
6f740e5a3f3e045f2b52bc6d,1,0.275617
6fae00176c2b6161ceb7e122,1,0.364778
6fb98a3fdf2beb8d360290ec,1,0.674908
6fbf454aca5dd6331e94cd72,1,0.893867
6fe48fcd650f38707dbf3230,1,0.86916
6fe6b63cb5f9ddac53ff9710,1,0.505848
6fff28989249f0b3292e7a21,1,0.834137
70008713a52bd855803f98c4,1,0.534187
70179a94db28b55ecdcb3b63,1,0.490907
701b5f4582e96afda055c85d,1,0.861188
70660b72667705229d8d8a49,1,0.748904
7067e2a7262f6654c38ae50a,0,0
706e19ce59b6b129514b329a,1,0.672869
70740525e9c47cfa2e7c94ab,1,0.908618
708b9b0386e160360f542663,1,0.800224
708cec3b68e20d049254e175,1,0.435181
708e04c32821efb48b890d54,1,0.855972
709e84b6e9baf70426a0b147,1,0.752377
70c6fbdce11f15af5efc80d1,0,0
70c9bc184c7454c9d5ea7d5b,1,0.275422
70efdc89e312f83d1135e84e,1,0.824179
710156da332ddd72679cf79a,0,0
711a961b54a78698d371b9ec,1,0.823044
71273d552fca9c2513f30caa,1,0.60644
7146a6bd149cc8cd1ccf3dec,1,0.787605
715be510329762eb20c7236c,1,0.540439
7177a804c1f11e86eaaedfaa,1,0.800692
7191144b12e1620fcccc0f9c,1,0.339937
719bcd582edcbdca7a3c1cf3,1,0.368747
71a319f2dde8e086c627bf7b,1,0.349533
71af185226de6f313fdb21a9,1,0.881002
71c38fe99aaec43180dd289f,1,0.299925
71cb50987d5a68df6fdc4050,1,0.811078
71ce9d1d8d3b097582081c66,1,0.791015
71db98bd8dc5d2a29ed7fa55,1,0.321567
71ebda8e6b17409e32a92676,1,0.612657
721d1f46d6efd28c891967b3,1,0.57517
7223344b4bf424258c7765b7,1,0.803791
7226bd2162e888d7c381fa1d,1,0.722723
723028f0b1e6d9611af3b449,1,0.870157
72343fe296789b3849eef4c7,1,0.871475
7236d29a45433cf5b50e4cac,1,0.810329
724bddeb72b0affed0bb13aa,1,0.874185
725ce5c71d9d0e60defbc9cf,1,0.78842
7267a1b916da75e9b0367e71,1,0.526906
726dfe903a9a3c9b6f69ad7d,1,0.526038
7274fb73957fb1527269f107,1,0.531483
727a682082fb7a22899489e8,0,0
72822e053324309db9027e61,1,0.916857
72adbe8b0390373a6562f45b,1,0.725649
72bf28166dc800e145fb9587,1,0.747432
72ca40b8b819c831f07c75cd,1,0.464659
72d293efb5f2e0aaad61eccd,1,0.846324
72d4af62f10604471b96619d,1,0.286968
72e80db38105034b016cbdc6,1,0.903123
72ff3463503f335c66fcc472,1,0.829492
7307719cfb3f70e3ef7fccfc,1,0.298491
730edf72239cfa68c2bbe39f,1,0.861538
731ac4afcd48bf8646ad020c,1,0.72691
732023bd89817d5b8ab1d61f,1,0.861771
7321129343617e4518c623a8,1,0.850469
733245781703f735a4d5f1c5,1,0.7478
734f66982dbb2c1912664ffa,1,0.720073
735ad4b9d54662d6b2c20c29,1,0.426859
73842132c8696945434815ce,1,0.784649
739e26e56eeb968c3ad215a2,1,0.854156
73ada9108ebc7e844404411e,0,0
73c8b6126db12e402a81ca7b,1,0.803945
73d0210f224e1c7942930ebc,1,0.755457
73f1b5ff96d4c80e7a221ad5,1,0.524166
73f1cb5467314955481d2aeb,1,0.644561
73fecc232926623f6c113856,1,0.756178
7405c6667bc2b414d706171c,1,0.258326
74081b7cda998c8cfaa0b230,1,0.637031
74160b079ae47b31d334bd35,0,0
741f1cb204fb2223e9388fac,0,0
74242f3f0d05ea5b3d983164,1,0.400163
74449cf707b3759c914d0d61,1,0.765769
74493e9ec95622cbb07a54b8,1,0.73431
7468616d5fa83486a1cc26a4,1,0.625781
7482acf254b5337b66e256ba,1,0.830732
74a8e89140d7d42f44c09d48,1,0.580471
74c9827cf7227147ac163c54,1,0.798972
74e4a2bcaf6a8702c8244684,1,0.768038
74e5f18ecc3910a091acf0a3,1,0.828939
74eb8b98e27a376a4d69c13a,1,0.405861
74f6e7e3e6beee82aba16313,0,0
75039d5a789d0aa03923a9e7,1,0.794863
7513def54df5ae83fa672ce9,1,0.809878
75203939cb7c4766e587088b,1,0.352759
7521fbd24879d21d2579237d,1,0.863622
753278b3b674e201bcf0f65d,1,0.687525
753636a384077d757c5d611c,1,0.761184
754717aeb09d6dc69b547c51,1,0.876529
754bc0b7cc81fe64e61a60a0,1,0.827689
7557aeb2623c25b8ef00ff2e,1,0.599016
756316067890efb7cd089d55,1,0.714628
756cc19673b8cc3b779c2824,1,0.340156
7576eb0884a6fad4d6d2c75a,1,0.284179
758baccfe2b9ecc570953a8c,1,0.260201
75a2f5335e7ac78ceb5395a5,1,0.785473
75b465c31adcba7679b479a3,1,0.811377
75d7c9ef2139b031be9776b9,1,0.709724
75e4f061e7df75fe116e77d3,1,0.375592
75e79f36dd64698f0200a9da,1,0.862004
7604f5d59baf527327f440df,1,0.826432
760d71bc171057e9fd197a95,1,0.777807
7615ab056fb53b2e355ab830,1,0.643889
7627e27d85896f62a357139a,0,0
76335dd567a4926668b72e82,1,0.458258
7637ac2f5cbde00285c7bbe7,1,0.769946
7655b46c9e1590f86f4e3f6d,1,0.575827
768889558e2850529d4915f0,1,0.282295
76b8751fd49cf6ed4f919828,1,0.54053
76c90ad4b5fe9aaf823433fc,1,0.811377
76dbc574b2c46ba3b2ef361b,1,0.874614
76dc65f8c526f92e1ef0b868,1,0.488489
76e67fc9b30eea5f9988a632,1,0.445349
76f3c9b97f43df5e2db9cbdb,1,0.303009
77005c0afc2ad8cb744390ca,1,0.649912
770c52ae05d51ecac0e9228f,1,0.72691
771f91054ce3b4e40cf4c406,1,0.775435
772b635bda42aaf14420d1c2,1,0.743354
772db7171596e7d92c2cb4c9,1,0.39065
77896a91eb4ff4f11639a6b9,1,0.251832
7792f8cbcd55381216c05fa0,1,0.871912
77944db8cbfaf9b832985ae6,1,0.826292
7796de830b74db4da2c28380,1,0.783988
77a89188b780ce7a318ce396,0,0
77d9fd67b7dc72c9e0b90e60,1,0.691914
77dd03b8311f3decbc7abfd4,1,0.297266
77eeac443be0fdde3401436d,1,0.29696
77f4713516cc0b51498cfa93,1,0.652241
77fae334de12cff69b0ef46d,1,0.657209
780a7291e33f056452f4336c,1,0.845942
78134df19d6bedc7bb4efa55,1,0.886224
7823cc9afc3a73d6ab78c003,1,0.853058
782ab099429836da0d47d89a,1,0.258513
782d7dd94be7f461d15251aa,1,0.7478
784f289f7ab4fb0828939f74,1,0.818882
785df7db965d15fd6b403b9a,1,0.710327
7867da34f4e03353b3ccd39b,1,0.807916
78706e01cb93f1ae4edd305a,0,0
7874ba4e4b5c2589550a29a2,0,0
78871652d1d6e4f032cd59ba,0,0
789b7aecc6bad7524d047bab,1,0.838018
789d5840d2b8f3fd427d9558,1,0.522964
789ec8efea707922e6af7826,1,0.281702
789fc34433f02120b1773a87,1,0.827131
78ab2d366c04c140122323a7,1,0.883437
78b2128ed64979efd01dbd4f,1,0.498577
78d36987989c0b8d256dd331,1,0.617455
78d6cebac10ab032da172bc0,1,0.794225
78df5cee042e64583500abf8,1,0.835484
78e663dec4f1bf087544d508,1,0.834811
7917489ecd7154da02c6cacd,1,0.487429
79292292b2b0213fdc9452d9,1,0.64646
7935dcab3209c7895549eb54,1,0.643329
793e96151193f33ba001fc68,1,0.795022
798636b3f3bdcf86e87b0a6f,1,0.447068
798935a1b97348edafd95252,1,0.270384
7997e69ad6b526f6909e6a1e,1,0.814053
79a20d83be30ca5d13f91797,1,0.655005
79a81f178c6ae4be943495b0,1,0.733929
79a830f1503146972bc8672c,1,0.81626
79b5dca14eb2ac2cfce1c234,1,0.802401
79c05e85ddec0678ba1cee2d,1,0.535888
79f0f9152064f65e5e5f2b86,1,0.733356
79f0f94f0d47c09d14bf10be,1,0.652241
79f712f5c69bedba18315f23,1,0.801936
7a43d15b5dd5ee0076418eb1,1,0.658747
7a957077bffe9492e0cff9ff,0,0
7abec07db6083c8e07d25994,1,0.568356
7ad36376c2f8de4b1e29a59d,1,0.821903
7ad766d14245662228a82057,1,0.750004
7ad772022ed5be5822630c37,1,0.770119
7ad866ac75dad9c5d7fcf603,1,0.385259
7ad93bb970babe5a1de7f72c,0,0
7ae042438a56af4f7af4a65b,1,0.708918
7ae7291b31515ee6d7245bfe,0,0
7aeb03eda5771d54992e7612,1,0.485424
7b086fd705103ae5b2c9c674,1,0.707708
7b1324fd51d4e4a0739df8ac,1,0.386416
7b143a678827bef93484a298,1,0.890294
7b20731d706ba477165d9896,1,0.80038
7b297730dcec4aa7c60178e0,1,0.253676
7b35721ea3f2b01eb6b86520,1,0.871803
7b4b77278b9b6849d8bdcff9,1,0.59514
7b521a833b34beba645b3288,1,0.876105
7b6048b216749b1a60f4d0d1,1,0.385432
7b6865f8400deefb304297b8,1,0.693265
7b6fec5b25875e5920765770,1,0.354657
7b77cbbf54c79875cede7581,1,0.38659
7b8cd31630b8da77b9645a75,1,0.806396
7b922fc7f7cc779413be1472,1,0.718397
7bb47afd97427e8d6703a228,1,0.868604
7bdeddb87b99d37528041ea0,1,0.369543
7c06f9a70b1817744f35797b,1,0.461199
7c0d48660632a3752f1c9fc7,1,0.44556
7c3920b0407f17e33a01c859,1,0.777638
7c44dc480239fb1d40996ac9,1,0.463626
7c4ca934e183d8031c04b24b,1,0.864196
7c67a718e9fa63efb69c0c07,1,0.798815
7c74b51554abb4836f819331,1,0.872782
7c7671e8b65552a7617d858f,1,0.795181
7c84e62c57b40fc72ff989d4,1,0.316686
7c85847f63cbdf4f648390b8,1,0.898589
7c96eaaab159d12431e840d5,1,0.810629
7caac02a4d99a27c71e1eecf,1,0.705176
7cbbe61e462320e50705faff,1,0.900705
7cc9b29af56e3340323371fc,1,0.689933
7cca1f8ab232ce086c73db06,1,0.635222
7cd700b8e0ca70a1c5e61049,1,0.332094
7ce01c23d7763d4808aa733c,1,0.824037
7cec676e909af0ba1ef2a39a,1,0.259263
7cff328a5baa03cfdeb103eb,1,0.851953
7d0ea13d8e62290b8d2da221,1,0.819605
7d177cbedd57d3408fcb4e1e,1,0.554742
7d1b18f55d906730acfe6313,1,0.264928
7d2e13f1533fd7722d240b08,1,0.906322
7d3770657f30a805837e1201,1,0.384797
7d37db25fc290e2c78433b32,0,0
7d579a70e7ab965fa5323648,1,0.586641
7d6d5be066c151b2c9c2341d,1,0.71403
7db9a7cf07ea6aac7245a171,1,0.374562
7dbd4f4dbf2ef6bef247a41f,1,0.836421
7dbe36fc651596e27d3e407c,1,0.44562
7dcce6bdaa0f608cb5880bcb,1,0.433262
7ddacbbb4a91761249585cd2,1,0.709724
7de8ac3b460294786b9f1266,1,0.855731
7defe230faebcaa1276edec8,1,0.338296
7df4d481ae1cfe0fa1cf3d30,1,0.85741
7e0420f8941ee3d7ef1d2636,1,0.87821
7e0427431f83b60a227c2bbc,1,0.487658
7e048d209aa283e1693f5dc9,1,0.294925
7e0add8ad51fb2911552be41,1,0.775775
7e42032f549fc43631fc2ad1,1,0.735452
7e4ed82d09f24f83e1d1a8ec,1,0.360039
7e58567ad25d88d6be172519,1,0.86293
7e59787171a1dca246da1bb6,1,0.788583
7e6f2842b9e13b00579de368,1,0.318803
7e82939848746ba019fc0ae5,1,0.320077
7e86d0bcd5b15976d7362d43,1,0.715225
7e8af467c2ddac2ac6965c5e,1,0.731059
7e921952ab7e215247c576f3,1,0.81257
7e99cc1d7a8295ff23e734b0,1,0.787114
7ea731b8b40d83a56f2786e7,0,0
7eba8ae373050d83085056d8,1,0.298594
7ec6ca56cbf53710d4039a80,1,0.515833
7edc5f35a2eed9ec1c265775,1,0.902438
7ee6e8d3ed4db8deed843940,1,0.450571
7eec608f5480f5c240f622f4,1,0.814053
7ef39ebf160cec9f45dc99da,1,0.870927
7f07f9e03e447d4c5bedc04d,0,0
7f2e3a1c8ebf986b0ce98897,1,0.402568
7f6f65e941e1b8a69d1147f5,1,0.697094
7f6f7594a98206a3743828cb,1,0.785309
7f7c6450913f3a81c3ffd30e,1,0.689515
7f7d1d20a262ac6b149cfb70,1,0.586996
7f7db331db28c359a9980cf5,1,0.311008
7f889b7ac65a315d5b99445e,1,0.788094
7f8bb46e44d1b62e0dd59d59,1,0.814053
7f94859a82a0199547be89a1,1,0.805173
7fa361ce859abe620f28a46e,1,0.623492
7fa803dce6b1aca6e33c3de1,1,0.375821
7fd3d41f00b42cdfcbf0cbec,0,0
7fe4d142c0484dca07e57e25,1,0.804252
80188ed927c907b6667b408b,1,0.726134
801acaaefd7f047d843f1201,1,0.900179
80204742874909edef3f9e6e,1,0.727879
8030557efc9aceb969f44a4a,1,0.670608
803a49b7eb2bdb01ba20451c,1,0.789883
804201bc151043141e8fb844,1,0.865906
804302132ff8de2cca06d76a,1,0.875255
80454fa22d2423d5e99d380a,1,0.765944
80654a7e76d9f2e1168a12d1,1,0.771499
8089bda928ffd88821731fc5,1,0.376279
808c015de2e38d4647fbddf4,1,0.896433
8094f8da3b5bb4eddd1627c2,1,0.849097
809fdaf092c5b3f9a8b37e07,1,0.35287
80a31be9f543095019cc8ba2,1,0.825027
80ab2ae88784dfb54bd6f7fe,1,0.341473
80b7fa8eb8bfca8b367604df,1,0.616532
80ba527b20c608e3dab6caf9,1,0.898767
80d91e967b121d5b74cef093,1,0.797083
80d9a9bd53817a04a44300a1,1,0.421016
80e364664af2af5f2d9b87e2,1,0.859664
80f2e13a62709df44691ac48,1,0.702632
80f8a324af30fcaf7e5188be,1,0.696371
8114a87c40463cd05bb17e5b,0,0
8115448f35c5de8327d6cdfc,1,0.262842
813304e5014ced16e10154d8,1,0.703753
814c77fbc3bd314ee0ddb741,1,0.40645
814d8cf38e8047c3ed0d7328,1,0.852813
8151887ae7440d203707a6dd,1,0.816553
8159c4ccd4f3a5cf42b9bc75,0,0
816014ed8a01eafa46cb5343,1,0.403861
81747bb0c3ca83474b2ace9a,1,0.828106
8178b6878c0ad9e1a78b92d2,1,0.450541
818cf3e4c6e864472493e306,1,0.905823
8198ebb8cc175bfaab4dae3c,1,0.302288
819f0a65ff1bc8f10e3263bc,1,0.664431
81a01d1bda3e750c30d85d9a,1,0.638835
81c1769e1d99937176429ff6,1,0.676085
81c6348cf17bd47b43a5f27c,1,0.864996
81fe2560c4102c7150791287,1,0.898944
8213ead8f7e7888088b712cc,1,0.261708
821665372e3437a214c35846,1,0.832509
82189ddb9621ef00eed7bd42,1,0.731826
82222b91af4c43fc41eb12b1,1,0.78316
825b36fec9bba19e7d9f295c,1,0.673514
826d8ba08b41db677a137ce2,0,0
826ed47818a476dbacc21447,1,0.782995
829f001006f1b433e9d4a5ec,0,0
82a7e5ed19ae3aed4f8bd3b1,1,0.324985
82c33f3e74cb0b43715fe882,0,0
82c639427da9c90371d774f3,1,0.650356
82c8b91f4bb1484495680aee,1,0.473901
82d3477705b5fcd7a39eee1a,1,0.732209
82f48aaab6c794246115e22d,0,0
8305dc6d32c0da075e76e0ea,1,0.863276
831b3522faa6911067676822,1,0.744099
83272be176b19318fde8b7fe,1,0.334263
8329262817dc278078a92de7,0,0
8335a2fb294c536d5ab93e98,1,0.28877
833f5ad5d6361a3be56dc32a,1,0.73678
8353cfa46b867807c289baf9,1,0.872021
83623888892be27244ac1076,0,0
836edfdfb08ac39a9ec242a9,1,0.667798
837f1221d97dbbcd1bbdf8a3,1,0.50444
838df3415d5a39682cb1c955,0,0
8391d7b5e1bb2fd008090306,0,0
83c81b9f2f0037ec46ffb1b9,1,0.826011
83cb317d6d3b3ad773c14fba,1,0.75183
83d82e3e274073465062b7aa,1,0.845815
83dd4252d94e13ae2449b11c,1,0.912903
83ec3e7f49fd6ff424be2a42,1,0.855248
8420a273b4d19e40d7bd1bad,1,0.500278
8424db24a5f4a47224cf9d3d,1,0.480098
842cff7aa61f6bed2477b6af,0,0
844d864bf8f41230bb6636b1,0,0
845b50e35863f89337b6e329,1,0.288268
846456fedf2f83195d63e013,1,0.799442
8473504d9ef19a78b3e1ce7b,1,0.853669
847a112ed3adaa861df4038f,1,0.8874
8481a31b67a5698c8fdf33ab,1,0.347537
8483e8b799a628d5a6220c5b,0,0
84ab37187495206f70fbc0a0,1,0.775095
84b0dbea56fe0a1fa42eb661,1,0.353651
84bb8573f963d729908b655e,1,0.857768
84c5e93b09f9aee3a69908e9,1,0.29696
84ca0f2bbddaf5fbc37e4291,0,0
84d025c8677ce67a61d8b53b,1,0.543742
84f7f73c7f19eff65ef2d9b3,0,0
850f19be0c1807b98560814b,1,0.865224
8510c048c316b6d2934a2d0e,1,0.81582
851c0f16e3cf4e4fb5ff8f99,1,0.250363
85395f9b58756df5e9236615,1,0.642432
854273dd0edbb550f48d8db4,1,0.793746
8544847c6c48ab0c23ddb123,1,0.757974
854c76cf1739241bfc8611f6,1,0.869049
855232be4101af99b48ba5cf,1,0.49825
8559fd2d37a86a7af9259382,1,0.787441
85927d80617d7304a024aee4,1,0.672869
85a397416f5083ff2c6318f8,1,0.357343
85aec04980e450f7b4ccff91,1,0.745398
85af9ad802611e6d96dffb71,1,0.729905
85bc740b98225b9f38b69f17,1,0.642769
85c805a651c88433afe4f7fe,1,0.843638
85d461dc2d5c8c9608ba81df,1,0.627837
85e7590e316c36deb6291907,1,0.564579
85eab4a15954bac3f36032b1,1,0.758689
85f6d4c939fd44e990dea8cd,1,0.378861
85f93ce2a1b8f2a230b7a84e,1,0.730097
860280de296525d84f217091,0,0
860e7aa9e9354d87343b38b6,1,0.690455
861636134150f568e9af9808,1,0.814791
8638b8a870777a5c10b1514f,1,0.652795
864871ee0887ecf3aa49abf1,0,0
8652f3cfb6378e6a8d54ba17,1,0.845815
8655ebb90d8329e8d2f73664,1,0.644001
867d6a944244491cfeef5f13,1,0.63409
86a80c09c4c371d1e7e9188a,1,0.754553
86a81bcafb93ea5c1673e345,1,0.860838
86b0fcc7925d5b0975194fa1,1,0.659844
86bb15825bfae33e1c0b11b3,1,0.844922
86c1103d2466ebb27dac62ed,1,0.797399
86c1b5b6708528fb890a8b0c,1,0.824037
86e42397499cd4276d1bef3d,1,0.443932
86e73a67f6dcdee212c0165a,1,0.523253
86fcbee97e46df7367aba73b,1,0.36523
8718d418d3d8049e101249d0,1,0.753285
871bb9d0d3fbe87c529da9ab,1,0.337859
871e507665f60330d7089191,1,0.296349
872b0a3317ee33eb0c19f048,1,0.838151
8744d1693a641412fbc3b962,1,0.784484
876d9634685ef7204cd67c71,1,0.797083
87713b5c1a49d15540fe3e50,1,0.866246
8774b6a6c81e8b32d411a3be,1,0.745584
878461268614c940f0b4bab6,1,0.730963
87a735eff6d174fcd9d8b09c,1,0.513173
87aeaa0c02e9b8f85c490a2a,1,0.857768
87db4e34b3e0f8395fc44bc0,1,0.900179
87de2f5a32e3b81b3d2eabee,1,0.282295
87f03eb1be58d944adf31dfd,1,0.589244
88027b1177bbdf1cf9002b42,1,0.798029
88107bf33b2df1c53038051d,1,0.290578
881cea7390dd78d0da8b4856,1,0.316581
881f122da21aee0a12712e89,1,0.4184
881f3c898f1a790158cf5818,1,0.897156
88253ce621ca4e41e0179f93,1,0.471527
882cff43aad803e1d18ceb3a,1,0.904313
883bd4a19cb0268d7c736c9e,1,0.651466
8863d5bb92b6292f7342a406,0,0
886ab9d19d51995708d2a179,1,0.775265
887d4d25c5c26518d5a13b98,1,0.331877
8893c1b0e636cc87ea23f457,0,0
889bb905b91c982a5552a775,1,0.654784
88a91195fcbfa73811ceb644,1,0.866019
88aa587aad79e3ddcf1f0af3,1,0.668015
88abdd47018fd78660c633e4,1,0.829354
88ba410f728428f5e35676a6,1,0.845942
88cff82633384d627cc9df20,1,0.860134
8900fcf0b4307311952f05c2,1,0.863622
8903ee68899fff0ba0cd10e9,1,0.727975
89190305a322666fa1524ef0,1,0.36557
891aa764482f182516038945,1,0.815085
894d1c7fb4a9973c521750d5,1,0.510695
895213d775397f206d9c790e,0,0
895c235fb0cdf725bd89a206,1,0.303009
895e41f713f19c09182dd535,1,0.867373
8976a4789045349faebc6610,1,0.627951
89909a2e22f5842dee70f0d1,1,0.804713
8996245af64b92b98fd485cc,1,0.797241
89964dfa6c525d296412ba82,1,0.343122
89a4842dcd5bb6266aa5db8d,1,0.844409
89b12a161674358e9b299e3c,1,0.854521
89b3f0a5c9662d8ea985a4a2,1,0.415077
89b6ac30a927d70d74ab7ea0,1,0.84039
89c650e71da2c4df4f2c7e30,1,0.814496
89cbfe6f9aaefb4e128f08eb,1,0.38798
89cc56d079078a717f074550,1,0.855851
89d390d18312133b07135684,1,0.440981
89dd47a0a36c90bb903c4136,1,0.867822
89e4202e67b893c861a7c622,1,0.765067
89ef06e1618c46e977ddd423,1,0.778313
8a2150b05cfa209648636260,1,0.838283
8a4986268656b883ea94c990,1,0.785802
8a4afe9376619e281decae89,1,0.821617
8a506cea1af0d427740a24f5,1,0.869825
8a5565d81a12cf00eea8eaa8,1,0.86771
8a65c856998e58b92c29017e,1,0.472957
8a6d07c04dda68ed39a775a2,1,0.839471
8a74bc3acc7c13b7cd27e712,1,0.807309
8a7bfca903e396ddf81cdea0,1,0.809577
8a80d6b202b841c61b1c8eee,1,0.694199
8a90600c5c5b294fbeeda3e5,0,0
8a9d619635228855f57c87f0,1,0.622
8aac1124c1d3d7e4afe50ee6,0,0
8acf17734687fcd7d950ee04,1,0.266262
8ad301bbb77b83abd1c85042,1,0.41478
8add328c10d1b37242579022,1,0.64512
8ae17ab5c5e53f6798f72bf0,1,0.876423
8af88315791a592148164f5f,1,0.422147
8b0d7cd481f1b6d4ab9c7cc1,0,0
8b24ae361bce6d3c5a528382,1,0.843766
8b38fecd68f179d4505d1d6c,1,0.786131
8b3c0994e4022e960bd7ee0a,1,0.692746
8b3fca0a736a21e9ffcc3386,1,0.269326
8b5dfc01032d45577294207e,1,0.812123
8b7430a10cd6566ecf3060d6,1,0.877056
8baa34857b9ed06e1630e03c,1,0.778313
8be63c428ad4fffeabf8a9a3,1,0.275032
8c04ee945194c4dcd39cfe98,0,0
8c06c996dd0a05987146d580,0,0
8c42121f7935781f789a37d2,1,0.4575
8c4f26956aff7a68489d302e,1,0.606382
8c7c873396bef78ba369829f,1,0.868715
8ca329946dd74dec94e2e6e3,1,0.743541
8caec9925636bef3b7dbc602,1,0.891622
8cb0aff597a6459395c67f02,1,0.564038
8cc4fda6b58ac688e6444f8a,1,0.257205
8cc83acf09ee68da3b403713,1,0.265309
8ccc9a6faa16f4674eef7598,1,0.84338
8ceb6d168c22e91616d6221c,0,0
8cf961941ee7d12d8303e46f,0,0
8d09ceaa2b74872087fca98c,1,0.841565
8d2b7308ee05b989542e04f1,1,0.742795
8d3577f93515d8bc34460674,0,0
8d56ac416a86c8c1d82c3963,1,0.562297
8d8848c14b4a115fcfa83b2f,1,0.808067
8d95caeb265e3d75535ddbd4,0,0
8db66651c2d00d9057bb265a,1,0.694095
8dbc331d2e156e6427d5992e,1,0.772187
8dc8e816b8dad2693326af1d,1,0.840652
8dcfc975641a4c0973ec0fe8,1,0.456834
8dfb9b4ad5d65693cf70f25e,1,0.839997
8e3a78bc2f442b370bd2416f,0,0
8e58ba67f8eae77268389ffb,1,0.768907
8e8776111ee9f6b353dcbebf,1,0.82347
8ea1e25de5f9ed081ec31c71,1,0.713831
8eaa4eae55a46a4664b3b82f,1,0.811228
8eab1f364a36bdf741eb9272,1,0.642096
8ecd80522010c51599d1f4af,1,0.764188
8ecdae6e7ce689b655a0dbad,1,0.353205
8ee016277d83fe3890a227c4,1,0.841696
8eeabbc00362c14e6b9e078c,0,0
8eeadaed2ced4948bce70ada,0,0
8ef8b99f3f65efaf737f8c94,1,0.881615
8f043f7858a8bfc1044c9e27,1,0.897156
8f04ee1d512d5b592636fdec,1,0.81538
8f1c6f1a0b25f17dc5606197,1,0.588948
8f2650b8a002dff9eac977a4,1,0.726231
8f3107dce5841c73878dc275,1,0.806853
8f378141483e024f90516032,1,0.30549
8f60b8d3250e40d45b82a168,1,0.855731
8f6c4b18910674bc3d95af7b,1,0.795022
8f6f137810a5946851636daf,1,0.656988
8f712bff127b85c4a32cca89,1,0.820757
8f71fc4ec4018dddc63fb610,1,0.844409
8f73bd025800ecf8af84b861,1,0.814643
8f78ce16e9b26409931fcab9,1,0.714329
8f81e729e41cb4bcca44731b,1,0.646014
8f8af1747fb1865260ff18d6,1,0.328745
8f9d5dfc5b30d6ce6a161bc5,1,0.766119
8fa055beb964ee388b7c1493,1,0.832645
8fa4383a35743ed957e0dc58,1,0.793746
8fa8b39b7ba602918dbf8bfd,1,0.765418
8ffaf352ba89d7ef941435a8,1,0.791499
9021952294c976051d77810a,1,0.818592
90316fbf765a869e00669009,1,0.768386
9031c01e1cf505d257b50ebd,1,0.732974
903fd7b7ac6ec4dedd59e7f4,1,0.747616
904842ff04f3c913bff80e3e,0,0
9064452ed0e5becca4bf9235,0,0
9066c0229487c97d35676084,1,0.461168
9069e5cbdb14c253f5f80fb0,1,0.499466
906e9d00a5ab6f361494328a,1,0.680242
90724b35570d226b8840f647,1,0.505218
90ae5e34cdcf91de6de97bc7,1,0.849097
90c9dba2e43f0715789e4df5,1,0.795658
90d10b7896d9c827eb715a21,1,0.498313
90e73f41cbebd78bf933fbb0,1,0.312055
90ee49840cb94616bc1b83a1,1,0.41567
90faf3fbd745df9e35ddc23f,1,0.369656
90fed156a6255a2158a6dc0d,1,0.313525
910f5c5c6957356404db1d0c,1,0.892563
91130774932ba4b01b2f4f08,0,0
91188591fae18567469b65bd,1,0.845177
911d5d7b25cd23166d7c8f33,1,0.72526
912d9af094b01990d9d8f395,1,0.838548
9132df74c8374da63846bf63,1,0.809276
913cc39794ddc1c1c7edcdff,1,0.749637
915d7ba9e1d387bc39ecdfcf,1,0.675336
91703bd321510695c1f81d46,1,0.858006
917dc090d94313dfe21f53d0,0,0
918c92e1ab63d911d9633b2b,1,0.770637
918edb23ff5166c36ab2c995,1,0.753104
91a337f6ead14877b281a773,1,0.499823
91ad33ebb86bdf80f973cd8e,1,0.835349
91bb954c3bde5b555cbe39ca,1,0.865338
91cf5eb277f91fc4b95b640f,1,0.853669
91f9dd23d0f55688e5e6769f,1,0.327238
92052dc857cff6fcaa8572c0,1,0.818737
920e32ee7191c391686b520b,1,0.783988
9231d8f6a695dfbd67c72844,1,0.648021
9261745189fc9fbef8b96ceb,1,0.771327
9273a77a2bf5a02777996d7f,1,0.885631
927907724bd59a5562abd614,1,0.284576
92988aa24661803f180d06d7,0,0
929f31d45cd22f206da01dac,1,0.46041
92ad649524c50a567b49666f,1,0.528716
92b285d9a28b6673462d16d2,1,0.792785
92bf066a80a4a42563957fec,1,0.851089
92d8eb0fd72fcd47c39167da,1,0.671578
92d97f1451d12ad52903f306,1,0.423637
92f5b4d92df16b8a13c6e6d6,1,0.521349
92f71e36fe274eed2bbc7e3e,1,0.741487
9311bbaddb19f6724126ac8d,1,0.585457
9314981ed50c0290a8870e43,1,0.404684
932407bc50f959ce8aacb635,1,0.871693
933e7bb6d63e70b40d6286ad,1,0.810929
9361b5a6df73ee6061f706db,1,0.561515
936b2fc56846149168d8d20b,1,0.424054
9375587d7262e6a51e916630,1,0.436202
93ca98d5fb717b3f4ba16956,1,0.408513
93d5737b364538f534e711b2,1,0.872673
93d6dea050141e92f1bb6e3b,1,0.882428
93dae6fe10318d5daee886c3,1,0.42471
93f39823de694d00433f75df,1,0.792143
93f50e01add74f380d88cbbe,1,0.573559
94231ed54ed9a63317374a92,0,0
94248139ce6a63b8bd084cce,1,0.708313
942967405ff7c9cb5bd4ac93,1,0.636805
942fb6b08439cc38417cc734,1,0.714528
9438b26380fded861ee7620d,1,0.467636
944d6b5f84f338bf00cbd513,0,0
945fbf60c28269e04def0f9f,1,0.265309
9485c29e91fa9bc2f8149f2a,1,0.301465
9492c68975c002bedab4d3c5,1,0.835215
94960b5fdfff7f2f98911ae4,1,0.863161
94be1e1ef0ef5e7e235793f3,1,0.873323
94c894a668a4fe88d23d3df1,0,0
94f9b443079998f3adb51419,1,0.462625
952727865f20be7441e85bca,1,0.39636
9535180785692682e74471af,1,0.757436
9540efef77a6da906262a189,1,0.343562
9548d0c988f06aa28686bd2f,1,0.683631
955b994e680d6cd32f76071c,1,0.717606
955c614d895eda3c224a825f,1,0.737914
957bffd5dc1d0207d020866c,1,0.608478
958023fafa622529e055475b,1,0.538103
95ab72e3773037ef3ddfb79f,1,0.748168
95ab98618382229e6c4cc607,1,0.291283
95ad73331e604fe62b6bd3b9,1,0.349089
95bb6f413b7540ca02243dc4,1,0.264358
95c975f3f359d80c824042f6,1,0.336113
95d6a1f8136fd0e407cc5083,1,0.710327
95db9c305cec76e5b97102b7,1,0.657868
9621c4d8f7fececf959365fd,1,0.826852
962ced361df769b719d87ad4,1,0.278061
962dc6751888523fb900ca6a,1,0.86212
96309b78cde57f1112f0a05b,1,0.656438
963119f6804a6e4b3aef2d06,1,0.815967
9642091fa6e5a4224422dcd8,1,0.691289
964755e9cf1eb9396e13bb27,1,0.829492
9650e0435d756bde89744516,1,0.544892
9658cf07baeb150e627c8ee7,1,0.818592
966295b3b8a83266f39cd0b8,0,0
966a41d0a10f52820722700a,1,0.317744
966c37368da0cfcf1bb63304,1,0.885434
9691e74bb2506058e1d26240,1,0.614278
969455279de66440fa10230f,1,0.617109
9698a04562a3e2a531e8f41d,0,0
96caade38a38f0aabd408e4f,1,0.802556
96dd2270dd4d216f851b9db9,1,0.497149
9702387d26fccdbe96651f2a,1,0.865565
97136edd4492e1f4f43c7233,1,0.528762
9721d41918af349a8512691b,1,0.566738
974ae967c3db82a0432c4820,1,0.794544
974e0d362306c80e52bc692f,1,0.724286
9753bff3534db190516cfee5,1,0.304145
9780a768561e52775226489e,1,0.658527
97a8cdc80894723f3644212b,1,0.85753
97b206be7e21764688e2a671,1,0.327453
97b313364b5e76de03ea2e0d,1,0.689306
97b51cb7e1c503bd3fb7e731,1,0.610686
97b5eb159e6c5faf6339bdda,0,0
97de242071a786bfb92e83b6,1,0.667148
97f2a3d3781c512a7cd1404d,1,0.533823
981483fd44a8c32e7bf84138,1,0.824603
98154b5b166f4b4af55f8029,1,0.88263
98184717bc386780765275eb,1,0.844152
982ecde94d21e0b335ba5fcb,1,0.382718
9856d97258e26821b4abedbd,1,0.682362
985bda6d7d69a6319b70c695,1,0.502785
986484441d93252f7171a6e5,0,0
9872aa0f0e1729436d566a81,1,0.742235
987641db875d1a85be63c303,1,0.778144
9880f1fde1957bb683cee78d,1,0.253491
9896a3f31b37de2f4cb6ce56,1,0.770983
98a22bea7b0eeb175f709a86,1,0.628065
98a360ddf4143f748effd3e0,1,0.809125
98c3d60a3bbf5cea0be9ec53,1,0.628293
98daa7807000e43eb19e9ede,1,0.421909
98eb36cc36fec2836e1adad7,1,0.611382
9903b372f8d20c2d7369e708,0,0
990a485651f40ccbcf65fdcb,1,0.739611
9928c74ffec616bf1b739e71,1,0.865793
9932db1d3ab2473e4cc7d0d8,1,0.377196
994b35f6e75965766f2e6bdd,1,0.754373
995414288df139fd573e21f9,1,0.860017
998e40c5898ff56aca66b23b,1,0.335351
99975521b41725aef6293986,1,0.756897
99b60d23a866cd9ff5d069d6,1,0.90764
99c56acbbed51cf813c9517f,1,0.817574
99cd7b1fac2c563d89834fb5,1,0.854885
99d2f1da6832bb74e8e319cd,1,0.302597
99e77f460acc3fb31774c37e,1,0.788746
9a1395bef8643599900f6d8f,1,0.904144
9a3b41130d9eb670e9bcdebb,1,0.499155
9a5b2046a1a2ad0336426073,1,0.867934
9a72c2e00ba117cb2fa0830c,1,0.364212
9a97a368e1ebb32bfcb0227d,1,0.792464
9a9a3dc7d2043804842da49f,1,0.686055
9a9c1f5057799e38efe98b86,1,0.709422
9a9ca32135ab2b105ff1c7eb,1,0.704973
9ab17bfd154922fa7394d1bb,1,0.830044
9af8ba984e44dd96200e1be8,1,0.823186
9b1d14a4bb4632fdb0692bbe,1,0.745398
9b210ef2ba7ac676873a3b6e,1,0.329607
9b23056fb74bb1a152616ec5,0,0
9b2374b5178b6e65c125d8ca,1,0.705075
9b2bfc1411c37ef48959ecf9,1,0.471527
9b2d7bf54019222e57467aee,1,0.883839
9b322711cc24fcf2d05a49e4,1,0.637934
9b32cf086b469eaa8c92f674,1,0.763131
9b88be38716fb7efbc78e2b5,1,0.854521
9b90154eaf9b82137bd26aee,1,0.786459
9bb61979caba2b905346ec1a,1,0.440048
9bb7b3e4064e5808340373c6,1,0.833189
9bba2cde446995d551cadbce,1,0.704262
9bc1cdd3ee7f9f16c5248850,1,0.373076
9c159845f041a6d041c8ccab,1,0.882022
9c464a6ff7daf865470ac284,1,0.555948
9c58c9cb5d16ba5390b80f3a,1,0.783988
9c6f99c8642aeb85a6db6615,1,0.826572
9c724cb82d0543a4a1520549,1,0.83346
9c7dae14b1d6ff8a84e8bc4f,1,0.822332
9c83402d431fb5e2477bdffb,1,0.787278
9caa89b02445421f0931984e,1,0.649023
9cb1e8fc14ef0691c9de4b7c,1,0.880283
9cbb50012483707178380c75,1,0.374104
9cc602dfa54264adf81b207f,1,0.911653
9ccf703412762956ba9bbeb0,1,0.301156
9ce47c75e742b5b793b3fd03,1,0.671901
9cf55cbe5dbe24358b1b8f6d,1,0.324128
9d07cf220007ae7f4abf91c6,1,0.847842
9d16acdd12263742964fd210,1,0.552389
9d1be0a4119f5587f327d45e,1,0.868715
9d2aaf39ce99128c3bd5945e,0,0
9d389bee6ec809961e42b1f0,1,0.671255
9d413282773feafe03ae79a2,1,0.766294
9d4571c554137ff8759ee15b,1,0.373076
9d488013ada4411cb8e9d648,1,0.537011
9d50d3010a95d10367dfe360,1,0.780662
9d526a2a0d5516d8a4a32aa8,1,0.659953
9d76c7c136710621c02de35e,1,0.868269
9d879d4e939aebdef4704c2d,1,0.798029
9d8afc51547afa9cf570f987,1,0.798029
9d93fa91f5a40b580bfb5337,1,0.564699
9dab035c316ac1b46e02b782,1,0.740174
9db9ad06ad2eef9a01e55610,1,0.778818
9dc8e2c877b55155bcfd22e7,1,0.354657
9dc90a5d8322a408532aaac1,0,0
9dce3242c661fd807a07b600,0,0
9dded9ed11a0ad82fb15ded7,1,0.859782
9de9621a385b33e1891c9668,1,0.889144
9df62c2a1fdef654bdf69cbf,1,0.904651
9e24f5da78a0dccfd9a31316,1,0.820469
9e481056192add9788bcc2ba,1,0.792785
9e5a19e019b1aa630e1cdc1a,1,0.838944
9e5ce0837a66b864c8fe4d0f,1,0.853303
9e7249568a03d36f869ab45e,1,0.715424
9e892341a4a3ef337264eca7,1,0.283881
9e9b856d8ec3c2b81a45aed6,1,0.71413
9ea9e7a123f74056a046d5aa,1,0.862352
9ec02acec9ccd92280998528,1,0.783658
9ece2366fad7bec5c72ccd80,1,0.633183
9ed3f062cca9a87e48143b25,1,0.442004
9ed60178a8818ebe04c45a8c,1,0.6488
9edf5dc321bba41866f1276c,1,0.735071
9ef1e72fb458a3aabf71b84c,1,0.82176
9f029fb305b12e6133aacc8f,1,0.772531
9f052d2a2662760bcc393831,1,0.868604
9f41aec51830ddbedc1e4adc,1,0.716913
9f5f5c9181cf1a16e38db673,1,0.810779
9f66abc59abfe41665daf9b6,1,0.877791
9f87eb71c99ed70f83b4b769,1,0.880695
9f9a4471619ea94fec234eb4,1,0.715225
9fb45f1b00622c6b639d6acc,0,0
9fb6f0e2c630bd8ebfa786ac,1,0.711832
9fe20d2fe54d29723a87c692,1,0.915959
9fe718cc7b5620a7784edf49,1,0.853547
9ff366d6673766becac8a5e1,1,0.823044
a0159322fca0cc3f3a350deb,1,0.415492
a01f87170c667aa718ab0365,1,0.635562
a026fc112551f64a14ee14ae,1,0.863852
a045c2f5d2be50994e0517f9,1,0.777131
a06227f34611286f2b1772fe,1,0.741674
a07282d8ce1c8e7c5f479c55,1,0.708414
a0760931aa6ada81a5999a83,0,0
a089dee45f872af2355adf7c,1,0.288068
a0c04f249aa1895591ab7037,1,0.826712
a0f70659ae72b23662598c2c,1,0.445982
a0fb214977734f7d36e69c82,1,0.307982
a111cf1b01e61da48765017f,1,0.807309
a1511366566eb6beff882ee0,1,0.89607
a1577b6bb9d36ef14a5efd79,1,0.624523
a15c44db3e0c5535513d3124,1,0.840128
a16a2d3c890d3949c4abe96c,1,0.826151
a1738cf1fa7dd1a5c9afb240,1,0.794225
a174b24be6345ebc19e56c12,0,0
a17aa24d6796dc597fe40e91,1,0.892937
a1a70c37b87639ba44eee1fe,1,0.853547
a1a81ebdc860044c747155b5,1,0.284179
a1b2a1dda4dc72e748559080,1,0.775095
a1b42864c1483f9a9e970a67,1,0.524456
a1b61485ca7b901d2991e832,1,0.84338
a1b89499b156a8386cf3959d,1,0.693577
a1c08a9d2ddfc78bcbc9ce8c,1,0.822902
a1cf5860a4046ce973d7500e,1,0.842345
a208e190df1ce75f805cc4fd,1,0.851583
a21bcde23cb70498e710bc2b,1,0.546133
a2288d3fd9f9c832e3bd6eb3,1,0.740174
a22e6b0994757e984196a4dc,1,0.856812
a2493d0015c8eb3764833fa5,1,0.613063
a250efb2c44799a98d7a0df2,0,0
a2548982379f984031a273d0,1,0.343122
a25e599f964c3f5e167363e1,1,0.494446
a26681af16c707616ebcbdd4,1,0.71721
a26887a42736d347f7d660f5,1,0.800848
a29f7d11a592fae3aeb87473,1,0.699973
a2a50d2fbdd015a9b9c6eda9,1,0.331444
a2bbd6b7ac01ce285d2e3745,1,0.82755
a2c4974cc040a279beafad62,1,0.252384
a2c78056f259385d70105d23,1,0.614047
a2ca7f35e26cae754fa0d062,1,0.408631
a2cdb8a2e3d8a5c2874615bc,0,0
a2d65466099257094c1ce8de,1,0.787278
a2e1299ea0a664509f44a5c3,1,0.627837
a2e53b4517bb0006bb930624,1,0.775095
a2f8f6545bf32072e2bcc3df,1,0.784484
a30bc6d20e4dd8d13a0f365a,1,0.561515
a315175c618d152546918a8c,1,0.915053
a3206b63837f3e1bca76a9bf,1,0.271831
a33b04f020c283fc48fb1fae,1,0.811228
a33b25f486c823faac3d6521,1,0.251464
a34ed416a9c406b7759c6e79,1,0.457531
a35acac3c81d207c31923b25,1,0.882022
a36a9038e994489d44734788,1,0.624408
a38557450873870053bcb880,1,0.803328
a387c303b4064804139f5b4b,1,0.884239
a39116300f71858df031ffc6,1,0.830869
a3962f0029f01d973d9a7dbd,1,0.776453
a3b2e7469644dc4d940b1114,1,0.85741
a3bbb03adc40141a8f3b04e2,1,0.654453
a3bd18805456ec0f5e333da0,1,0.39987
a3e145d6199ca8c08378af78,1,0.830181
a4196f6ca245a6ded617bc56,1,0.787114
a42a6e01c1fdc9bca4dc68b6,0,0
a43529960091d6da80c65054,1,0.885037
a43cf313730eee1f79b6e237,1,0.768907
a470c80c562f5a99ff16c7a8,1,0.876423
a47cb8e3185b451282c7e8ee,1,0.710829
a4890c59afe9f8b352ed1075,1,0.531042
a4893ea4c4f92d1bf86c2f60,1,0.857052
a48adb7a7f2e98fc4bace803,1,0.87821
a49e5d1af92af84e825f332b,1,0.255158
a4b950459999bd56362cf4b0,1,0.369088
a4d52462f5c44e0d964b259f,1,0.757974
a4e2008e53ff7fd9fe3b2992,1,0.747063
a508404ba8bad7c58b9b6f49,1,0.72331
a509c7f774c609ac3c101c74,1,0.280912
a51eecd1f99ce26f985a453b,1,0.516077
a549d74de9ab77cc258a9f78,1,0.806091
a54af85ec0bbcab176eac9f5,1,0.793586
a54bb5d9627b83c5b736e2a4,1,0.356111
a5596043557b2f48f4054ecd,1,0.764364
a55d24f943ea0eb6dd4db9cc,1,0.263979
a55e8e9f59cf7133e9c44761,0,0
a55fe40f5d43519f0c39d852,1,0.688887
a562e67ef5ff144a4d22e057,1,0.857768
a57a7b28c2b45fe1b71d1e5b,1,0.795817
a585b738d2a203dc43ad7b30,1,0.674372
a5877735097f63c3e0569620,1,0.733547
a59e74b2844372c5684893ea,1,0.71103
a5cb51d87d1b9106242cf749,1,0.35354
a5de28e9b975e338cb114d42,1,0.264928
a5f44702e06781655cc86856,1,0.500693
a61a6ac255c7d2edd8a6f4d7,1,0.449574
a6382b706d6a6cddd95b543b,1,0.407039
a641b87d98b8def0b755e2b6,1,0.309232
a66794df11a22f2ee397d17e,0,0
a67344766fdbb5939a119b32,1,0.776453
a67c61ac7904cb3d7a750f42,1,0.258513
a68f72d979e05c3eb3f8ca74,1,0.782164
a6996114c4beef4f16ca2a14,1,0.741112
a6a16c7937e23a8a8ca04d4f,1,0.346873
a6a863ed7fe8b9dd5e2712fb,1,0.833596
a6bdfcdb7827e2c11f0b6aa0,0,0
a6c90c2a53b8dece1df27a86,0,0
a6fb53fce34f0a9d33e0aeb7,1,0.273089
a70abe2cbe4ebde6ffe6d620,0,0
a71748c39b8107c34c9ab33f,1,0.665084
a7399f3b80c2108d7c1b5b62,1,0.374104
a75f2d971b1f5771f24dd04b,1,0.540833
a7a60426ced3309de3b926e5,1,0.773559
a7b2cd8858b6dfc8722de8df,1,0.500783
a7bddec62df79cf77b7cc815,1,0.794066
a7c1bf3574484919d816178d,1,0.871365
a7dba77d697c24593dda0c90,1,0.851953
a7e1d16357a445114ce2b0ac,1,0.351089
a7fa80140c50a142f31cc17b,1,0.625781
a8020b405dfcf4455dad6a34,1,0.8288
a819b0b8e95184da5941dbc0,1,0.858006
a8228c69b94fef6e5201d6cb,1,0.472805
a82de996fe1552583decf0be,0,0
a8450553cd2d7cb83051d55d,0,0
a84bbdef2a2dd29d33b46c7f,1,0.807005
a8846908e7cec012ccd936ed,1,0.751283
a8b49902fcf4ca3eff1f8163,1,0.705176
a8c97c31025a6e169576477c,1,0.739799
a8d7352082d63528f1eab308,1,0.394784
a8e5131bde2c69a589273638,1,0.795658
a8ea8df518c9afb42aaa3053,1,0.357119
a8f06cde03c4ff5534735161,1,0.267791
a9049a2e1a6dc0e0f284eae2,1,0.765243
a95387e4a23ea6116ba1959f,1,0.876105
a97322a2b5f6f46ff475ef62,1,0.530814
a973bf9552ac514e2536cab1,1,0.914596
a979e6d5acfaad0266ff2bce,1,0.625324
a97a9f0542e32ed5227f4e90,1,0.375363
a9879300c2617340e79e5be2,1,0.55097
a9d5c8babe4be9ac542945f0,1,0.362631
a9d83258dac1aaffdc633682,1,0.777975
a9f3aacd94eef08b2d41133b,0,0
a9f55572fa3e942afec228b6,1,0.794704
aa11c336c1d31cfc65f92a29,1,0.3512
aa136666c220b97b07fc2b5a,1,0.724188
aa322b878dbcae0687557be1,0,0
aa328f6e43edb9ddc625c16b,1,0.28607
aa44623d39012854793d8ca5,0,0
aa45d82dc1fb179aef3b702f,1,0.84759
aa595f84a18f068bf4d34021,1,0.860017
aa6b90c1412a787e9cfc16ce,1,0.365796
aa6c3f18d40ca1c4a87c4290,1,0.299003
aa86f2908a97633a174e0008,1,0.880077
aa8e5fbf484d2f4ee02de3cb,1,0.445499
aa91f1bb2d60f621c5d127b0,1,0.326916
aa999a972560b7bf2d96312a,1,0.552087
aa9e96aebec2c7712ad4c74c,1,0.518546
aaa4d72ddc7aa7c67eb5ae5b,1,0.858006
aab0eeafcbb6f26e580178b3,1,0.708213
aac795eb088eecf12034792e,1,0.859074
aaca4eee92c6cb35ce1d2c83,1,0.878939
aacfc4ddb227523e96a5c4b6,1,0.824462
aade5a374e4ea3f3a9dd7185,1,0.706292
aaecfe8e4729a34efacab786,1,0.825871
aafdae66c59327d61c12f360,1,0.843509
ab008ec11ec4a19fb8520755,1,0.884639
ab0a340048008e0a6cfff436,1,0.871146
ab14809184c22e61114788f8,1,0.851089
ab1b539302290e69ede8a009,1,0.679498
ab20d6c442043d0e82f471d5,1,0.776453
ab2844b67c821b63111efb6b,1,0.355216
ab2abcbb84359088af1eef0d,1,0.508659
ab2e1da28f186b8a1f61f86f,1,0.595434
ab4668c3c0fa688642037ae9,1,0.641759
ab56d49449c03328c4b1fdce,1,0.417093
ab5cd3b7324da7abf7d19e44,1,0.842734
ab614c40447bb26b0fe20790,1,0.271928
ab63dcc09cbd0f7c6b869cc5,1,0.760473
ab71419530cbb340cdf1de34,1,0.737158
ab899b856792eaed0ffc994e,1,0.847463
ab92d5af82af66616a43bec9,0,0
ab98413a650868a31ca80a1b,1,0.775945
ab9cb2f9f8b21378413e512b,1,0.89607
ab9f749074cbfb63277522b8,1,0.807461
abc0499075f81185857b4231,1,0.847463
abc6e282d6c9dfc39f3f3aea,0,0
abc91c30e973cd3925766154,1,0.799912
abe756638a77d8e9de89683d,1,0.723212
ac09855de342a326692a91c1,1,0.751648
ac11a57b6f5f7d0a41ab9f72,1,0.46396
ac23704fee5d0ab629b974f8,0,0
ac37e5b1895d837c5856f8c5,1,0.378172
ac457cb72363fa87915e9d1f,1,0.832781
ac48a900865fadeb02c3dee0,1,0.849971
ac4f4dc1ff4ebbbd344cb11e,1,0.597373
ac56289923fb2f6cf360e8e7,1,0.677261
ac65c5356f14da469208d79e,1,0.82176
ac71170a0ae84b651fef7ba0,1,0.778481
acb29f7bfcb88f82a22f47d3,1,0.802246
acb820e1c8f5b640b05cc231,0,0
acce1a34ce3c5e7c41db12fa,1,0.773901
ace3a6a9ca6857bf7867ab97,1,0.872673
acfe07f61e37ab886fa81084,1,0.854521
ad16a2790ee3a6c959c927a6,1,0.772015
ad1f87db00c578edd2450d86,1,0.898767
ad48ec0468f0a277a8e1bca6,1,0.447702
ad5bee6b0e3edba654fe9891,1,0.854399
ada84c4202c6208875941933,1,0.885631
adb29580bda5a5e34f2371fc,1,0.545619
adbee1a716c4f825805f0adc,0,0
adc1449190acc493c630f70e,1,0.305801
adc5c756c001a8d21365071b,1,0.653348
add88b8ef6092f0b4a9e1886,1,0.504364
ade998524a3c5d9d00416d41,1,0.433082
adf1acf5d699182ac11f50a4,1,0.628179
adf626fe70c2e9052098f762,1,0.368633
adf8c6a20972e17bc6c7f06e,1,0.837354
ae0967732ad18d716d6757d3,1,0.85183
ae218017303bcbb276f734d4,1,0.286668
ae29df79dadbd50372b3585a,1,0.66356
ae2b6b33042e16725acb26b2,1,0.814201
ae2dccd7046c911ff32fea02,1,0.864654
ae379ef0635b0ed25b62e897,1,0.823328
ae5da05839f7d666664049eb,1,0.838283
ae6bf3c11563d93b091b696c,1,0.318909
ae88827b1b531f2e4a72c162,1,0.891244
aebcd1a1e8af1a524711e9d1,1,0.821331
aec677703e19307162b528b5,1,0.647352
aee2232786c02ec28837b637,1,0.85561
aee8916a7f2c78fcf4e503c2,1,0.372734
aefc2ddd602beb12ea472f8c,1,0.851459
af2ac8aad23ece368dc52229,1,0.438124
af45a9db82897a425d275a14,1,0.885631
af54e7ed5fef778df8e51cdc,1,0.755096
af5c3445cc58ef954a4c332e,1,0.478498
af9b7abd3edb9c858c097393,1,0.60013
af9e9194f4fc0c34c4cfd2a7,1,0.806548
afd3aeb8ce51401834bd5deb,1,0.602179
afe48d1dde3a0c3e6eef93dc,1,0.433682
affdd334fe0485f19ec57b12,1,0.798972
b014f98d7711d8578f20b44e,1,0.879974
b01b61f4c8fe09f215b4711f,1,0.779154
b0395604ea5e4220d9b6c1dd,1,0.360151
b0413b7fac183f81028659c8,1,0.719088
b04a3259c5e7412f923f2385,1,0.49831
b04fc451326f2dafdc306664,1,0.867598
b06185244a6339ffbacc7381,1,0.46311
b063febc521365d7d6b5c3d8,1,0.888759
b06823ef9381cd3adaff455e,0,0
b09ac9243a8cd963bd0d873a,1,0.869604
b09de2d32631fa125d575477,1,0.300232
b0b3394cc54e9f05d3056b21,1,0.559952
b0ca635c7ca50dc2eca2f1c2,1,0.260389
b0e1da2907070737ae35a854,1,0.279632
b0f431373c91ad04fb9ea68a,1,0.474357
b115a71dd9c5eb6c1c8896ad,1,0.680879
b1183ee41e1c90a68055d06b,1,0.745769
b12103aa95c469729a101597,1,0.790854
b12d9d44d1285d68b21da752,1,0.358353
b146863b78d214754af5c50f,1,0.705988
b16f562761071260fb10006b,1,0.822332
b1891d9c88327a3b381000c2,1,0.826011
b191acca6082b39d1d19599b,1,0.808672
b194185f9bb72f2efda6e3a5,1,0.841565
b1968474aa71c197570c82ff,1,0.621196
b19c5d487d02e86091f99dc4,1,0.835618
b1bb2a1ed21cba8ac7c2edfd,1,0.257205
b1c00430afc9ef3b73921bda,1,0.747247
b1d07f643bed3b5379358a5b,1,0.608012
b1d5f176f4da3a04416fc00b,1,0.849722
b1de54aa02aa2cadd3041244,1,0.825027
b1ec3927b72a50769929d5b1,1,0.750736
b1f15625044a887e39f9a752,1,0.685739
b21351c5d2d8187836dbcf06,1,0.78842
b21527107d17d0412ca963d4,1,0.856092
b21be63cfb5ba264ed81bd2d,1,0.678966
b2274e95c3dc4f7a3b57f8f6,1,0.797083
b2288b1e5882e4db248e85fe,1,0.522461
b2709f88e985745490bc6419,1,0.895523
b2956a693ea27390658cb81c,1,0.506668
b29901e5836a2d7a58a53578,1,0.256273
b29e2be2131a36d8eb627063,1,0.859782
b2b87cda0b295286b9bf551d,1,0.896795
b2ce0a6e110772fd906ef94f,1,0.804713
b2dc6e0e63709d1c69b95cf8,1,0.758511
b2e3cbbe2aa25e89c61c7831,1,0.544075
b2e898de220540edfef94093,1,0.717309
b3060847adaf170bb4be6a3f,1,0.281011
b30b70df08c1108c5e46e5fc,1,0.758689
b30df5a43bd52f82e5da57ff,1,0.762424
b32411c5d42c64e8d6ac3b47,1,0.817866
b34945fd5356fb14eb041b38,0,0
b35459099f528ffd0e878b61,1,0.384508
b35fda3d3dac4c8121625ee6,1,0.810179
b360bc4a08a2c1b26c6bc2e3,1,0.826011
b3757394e079d69115410428,1,0.749637
b3838cfcaaf910f2e0b8ddee,1,0.424293
b387fd3d8f101ef8bcf475b8,1,0.587115
b3a3dcd7d6671d9bfbacc4bd,1,0.833325
b3a74fad74d3846f923e7b73,1,0.844794
b3b139594671c62ea8c75b7e,1,0.307254
b3b3f55632a8bc655cd2e8f4,1,0.721841
b3c5d2c309f1c392cbf17d5e,1,0.884439
b3ca0928acc48bcd54edc1fe,1,0.703651
b3d8f0761c17b3a6ac8e2509,1,0.878939
b3e2c8f5152075cb2c29cbbc,1,0.859899
b3f3841840d99ae15c49c66c,1,0.465782
b3f7f599998c2ec2a0bbb5a5,1,0.3863
b410bf85284dab7f8b134241,0,0
b415875516c96e71377c8235,1,0.667039
b41dc29de99c1719983b18fb,1,0.797241
b43d3cab255baa9b0e6501ba,1,0.867822
b460b600a60488fbd07935e3,1,0.848722
b48c1086f709e71cc497ee98,1,0.866472
b492e9aeece1faaebdda9350,1,0.90053
b49c9782acc844ce54e0b442,1,0.36977
b49e743e1b377db4296591bd,1,0.902093
b4b6430ff40c18cf4bb96d9b,1,0.347648
b4c87854866c819c804024d8,0,0
b4c9b1e633de47bf38836221,0,0
b4d33fa56de19b5baa37f719,1,0.883638
b4efdbb8d407a3a7784bff25,1,0.914901
b4fd930f8650f6ee87180434,1,0.365457
b50264f04497b2a82dbbe2f3,1,0.868381
b502a6043403eddf291ee21a,1,0.437763
b52106dba0b37f7bcef98ecb,1,0.258888
b52f39a9837e9acb2abbd66c,1,0.553807
b532e8f8f979c432f411e061,1,0.509597
b54074a451d55333cb831bb2,1,0.296552
b5611d7e43c573fecd313062,1,0.783658
b571947613e0660e16a549a4,1,0.561846
b57402d9b830661d42c02d86,1,0.890103
b577d2acfe6b6f23bb03048e,1,0.697609
b58581a6b6b897c76a16bec9,0,0
b5897f3c9d16237dbbf0dec2,1,0.835215
b5a7b927883275aff16984ce,1,0.820613
b5bc7e1bbadd06e6daa3a923,1,0.834542
b5c6ad337d14049b7bcb387e,1,0.597901
b5ce63a5607a200ed60c89e4,0,0
b5d0202709ccab313d07e787,1,0.868715
b5d5a1c489ca5748254a40e4,1,0.756537
b5d6469b724ac8f2db68d2df,1,0.90878
b5dc71ceff51b0a04b5e6d39,1,0.68721
b5dd9b88e02e738ea5c9b629,1,0.795975
b5e1679ecece05347dddfd70,1,0.823044
b608ca98c4b69e731ef3d980,1,0.798658
b6231cb72c0529bb3e01e8f7,0,0
b623f88e66e33123de40c3e9,1,0.263789
b62d3d46bb7ff8b22e04a78f,1,0.812719
b6446ce771766c1432475aa3,1,0.450873
b6617f8cff688f2ec4a46ecf,1,0.329823
b66b69b621d51ba0cccfbe33,0,0
b66cf038b2a3d890f808b87b,1,0.546103
b672a9adae4a4d6ee8aba609,1,0.887595
b673251960477ed3cfe540b3,1,0.83602
b6898169b2f49169492e5cbb,1,0.557092
b68aa3a58e7df06cb96ef74e,1,0.860369
b68bd39db06b182572d96d79,1,0.605099
b68eb8465ce95026061356b0,1,0.64579
b69a8375a4be87522daee888,1,0.426441
b6a23dfc7d87ad8ac6dbc7a2,1,0.855006
b6a8f00ef2f96bd06cc57f8f,1,0.777131
b70372b89827b0df69c7cf4c,1,0.81626
b70547ecc7511169fc168b31,1,0.884439
b7091c7b881e5e11b3552074,0,0
b70b1194e85eb67631651834,1,0.448668
b70d82d885b344b9bb9bc7b8,1,0.86681
b71dc7af941231a2514ed706,1,0.49408
b72a711e5d3b08fc8d55715c,1,0.822759
b74bee5f65439f7dc379c3dc,1,0.713531
b75639c54ba9b797f1e934b2,1,0.318485
b7631a234a1d684fa20b4419,1,0.53361
b768f4604f9c37c7f953190a,1,0.871146
b7754daf696ba014ec04daf2,1,0.797714
b77cb6860156118f970e5b47,1,0.268941
b77cc502147380264de523ca,1,0.507087
b77f7069fbf2bbc1e53b8e34,1,0.645008
b7998959d7fc044214d463f1,1,0.596962
b7d12ea54e4707a0bece608a,1,0.820182
b7fc80e9fc6d82d387529371,1,0.549157
b804d367ee0d1cceceda3925,1,0.851212
b819a0fb2263b9a8af1a485d,1,0.766468
b835b97d0edb63982d553ab8,1,0.400222
b8469c239d3eaf0d436bcd44,1,0.745584
b8640855324ce04f3fc76fa1,0,0
b880a10b3baeda6b515296fd,1,0.666388
b880b2d2996ec0c8a3d06cc5,1,0.866585
b89ad24bdbe608904ab18ef4,1,0.636127
b8b1592f273b34d80c61984f,1,0.702428
b8b69d03ad66fefee5fa9fb2,0,0
b8bd951d59fa87b4501ac950,1,0.67662
b8ce824c103daf24fddb6da8,1,0.717606
b8dfb59a9ee20eb48d3a915a,0,0
b8e9df0ec169d4c2448b807a,1,0.531483
b8e9e572433a19ce62de9d0a,1,0.585457
b8edfdea1b01176660fea672,1,0.717903
b91fe4c9d8e94073a41d775b,1,0.857887
b9370c86d0776e9c9bf731c2,1,0.834946
b9830d7499ab66b602a06426,1,0.48945
b9876d2f93687cf9b0bcd424,0,0
b9994b276a5919d8e6ba3472,1,0.786295
b999b4845b84d172a7e4b03e,1,0.642432
b9a20360f1f7f6b5c4597266,1,0.338296
b9a90e4b998fbb01223d63d3,1,0.816699
b9dc2477a0f1ac29a0782f1a,1,0.837088
b9f87f62b4eb46519b185293,1,0.612889
b9ff887bffd86909770c59e4,1,0.791015
ba0b603fcd4d626dbcf984a4,1,0.789234
ba1bb1f94ff18a92666d76a3,1,0.633183
ba5ff2b6e361b9c98904b0b2,1,0.856092
ba6d293d428f04d2af2b3764,1,0.739799
ba78cfc6a4cfa692c6624ccf,1,0.79166
ba8529c3e6b19f9758d09072,0,0
ba8ce8eadb2b5219e6777fdf,1,0.872239
ba9c884c7768f8541cb32969,1,0.310485
baaccf3295b1d360abbcbc43,1,0.831554
baaf280b15d88bbdb1caee00,1,0.736211
bad5a6ad530e7c483e3fa1fe,1,0.531392
badcfdcfc6f8ebefb562f819,1,0.793426
bae6d6c488b574a6ab055576,1,0.876634
bae6eff8c4ed6cf0522b3e98,1,0.45647
baeea8d90f921a05676e639d,1,0.368974
baf7972e1ec1c1c3f36e7015,1,0.831691
baf99f9348e7dd55a5ad3a7c,1,0.877267
bafc648e867ac210b60f4fc0,1,0.737725
bb26f38270234fce2bb1955f,1,0.73412
bb38c9eb23ef78895d6bf55f,1,0.822474
bb4d1bab5307c9cde2ec1825,1,0.863046
bb5038c4404a76fe7f2ce5a8,1,0.532425
bb5621cec59e0723cee68cf2,1,0.665084
bb72b273a4561212424a6ee8,1,0.722625
bb9b80ab07a5bb057c45e40f,1,0.81538
bbc0cacf199f06c458a239d5,1,0.701917
bbd87a7934dea2d4f5e5b54e,0,0
bc194bec8f12363fedabf83a,1,0.665628
bc1bcc904092f87148aa58c4,1,0.869604
bc2a280b4b18c68312b0597a,1,0.35421
bc2fc8aa5160ee63b7d4dd19,1,0.354433
bc3bc9327d72eab97a3f9f9a,1,0.315209
bc536405b8716656327fbd72,1,0.458894
bc62cdcf221d2f39b9e248b5,1,0.835349
bc66c084bb966a3b2e7aae26,1,0.850096
bc6e9a022997d3d4b1b193a1,1,0.881207
bc889472fd05077b0fd1926d,1,0.268558
bc8baf749a77d7c0b799ebf1,1,0.806853
bcb2115a665a22f13c407b05,1,0.853913
bcbace5b9079b94ffe60299c,1,0.786459
bcdd4e70009b5cf2f5a16b90,0,0
bce971c449cff21c5474b654,1,0.276984
bcf35479b056e113b573e00a,0,0
bd01aaed28a7eb3045e31a7b,1,0.885235
bd15354dfdcdfe5a39fcf6dd,1,0.407864
bd1c6c30aed605263cf15705,1,0.903465
bd39f19edd6da20ca660cffc,1,0.67405
bd696f31f7bb1ddd9da3d2fd,1,0.269806
bd77e78617184fc2667e604b,1,0.855972
bd7bf23cf1c8d9167b4a1bca,0,0
bd7bfb54f495cc9152be313b,1,0.294621
bdb0b9dd154ded681c2b6b40,1,0.375592
bdb6c29fff39d5ba037cb466,1,0.765243
bde73cea986769ca5250cc35,1,0.830044
bdf7935e7617e3a4acadea48,1,0.744285
be01c4f366a16dea43829b6e,0,0
be14dbab0ae9a60edebd0049,1,0.808521
be179b2e319df198fe7c486b,1,0.886813
be236473c9b9b95cb09bbb7f,1,0.867148
be2a5ec196d17a439c84af3b,1,0.766818
be33d35ea9c7631e2147b18e,1,0.842992
be342c392ceb7cc2801d25e7,1,0.663342
be446c26f3bc31a50f7dbbbe,1,0.269422
be4d28710ca19a6b1d67a2ee,1,0.71113
be5ee251bc0579feb743a1b7,1,0.830457
be613b3ff9faf56717e69da9,1,0.887009
be66f948f49d7d464f6facdc,1,0.893495
be88246f70300e885d801c93,1,0.827828
be9481e8efc64064b71d294e,0,0
be9ba555e2f41c56f4cfb795,1,0.538771
beb33f57e60b741857fe7096,1,0.867822
bed6447566266be7907f2353,1,0.676834
bedb2a910196482554fcb372,1,0.422385
befe470dcd2ec33437d45516,0,0
bf1f626975e23c87cabade3e,1,0.815526
bf2421d57497e46ad8cfa31a,1,0.341583
bf2bd4a6ec0aaf8869fab355,1,0.710025
bf2c87a92274b01abb596639,1,0.326808
bf3d56ce44e060bbc1ac82d2,1,0.827689
bf4124a68e868ec30b0b60a9,1,0.403861
bf49ae64e6ff7b1ec957cbdd,1,0.547948
bf5aabc39ea16b491a19f246,1,0.477204
bf5e4b91323aea8954827c46,1,0.815526
bf72193cb44a4274182c4854,1,0.755997
bf756b0586424207b6e0f4ba,1,0.439838
bf78a3135b8dee5cce1a488e,1,0.423458
bfabbb5113c7532b52d03c58,1,0.390592
bfac8c55e4f00e7d33c0f6df,1,0.860134
bfc15181e128a4afdd78aa34,1,0.54701
bfc4d7a4e6b733b81180db36,1,0.848345
bfd0f19cc8dafcf73fa9a272,1,0.856092
bfd56a4effd34bbe2e970778,1,0.488794
bfe0bbb3ebb53f4f06f81447,1,0.839865
bfed34172ee6015071cfb2da,1,0.457652
bfef1c5d774d0d5477b65676,1,0.457106
c037a886c7dd35286de1b872,1,0.813905
c038b4c3d4e6a675a8db5f42,1,0.665954
c03e597e124773e89b9f3825,1,0.778649
c04e2ddf0f1daae70c59cd03,0,0
c0579deb2cfc761ccd8770de,1,0.761716
c084336c78f1228b6c1160eb,1,0.344333
c093655be818629590370c1a,1,0.53962
c09a2d9dd9154ea3bf431e05,1,0.790369
c09cabcb0d54f108f9932dd8,1,0.779825
c0b5f3161f4ec17d9c2dc98a,1,0.858955
c0ce7190881a9de4d6dcfd84,1,0.823186
c0e7d339af7441826c0b576d,1,0.273283
c0fc494dac47c4245c841e1c,1,0.817574
c110cb61119142fccd2fcd0f,1,0.841174
c118ff7987f36fe37d6db6f1,1,0.492074
c13e46890d609726827476ec,1,0.686895
c14ff33f019e832fb633d14d,1,0.831964
c164be2122834edd3698be6e,1,0.744471
c1741ed799da3a7294438503,1,0.727201
c1a949e6f1ce8a6207e132fb,1,0.884239
c1b96e69e438e6a28ae12fe3,1,0.628749
c1b9b11d36952a77636bdae1,1,0.730578
c1ba259e99ca7d3448a4569c,1,0.867373
c1e866e61a57fc08959237eb,0,0
c1e9c65416d7b099379258c3,1,0.557002
c26af9dc551e5d441c7e64df,1,0.878523
c2a16f389fb6555ac3737682,1,0.856692
c2ba9717430d12f5126aa956,1,0.682574
c2c7d9b4bd3ba6686ad84df1,1,0.849971
c2ca75d07d156d9dc3c63d8d,1,0.81538
c2e4966c53e57726404d2818,1,0.843509
c3021cc5a76fa3d633b9de3a,1,0.862352
c31d2a0f79b7f72b240cee5e,1,0.870046
c3517fc944c7d3b16dae4921,1,0.643329
c3756bfab310d86b8a2b426a,0,0
c38a991204aae19941516524,0,0
c38c269e0215b3b511203db9,1,0.896251
c3a6c31ff914a848631e9622,1,0.752377
c3a94526889f1d8c8a1f7bac,1,0.608536
c3c48622326756ebffb0a676,1,0.81946
c3c732c656f9df0f37542836,0,0
c3cf887aa0124e36a99a2834,1,0.745584
c3dfefe77b35883eaef79fa9,1,0.852076
c3e15f6dda7d4960c954fdec,0,0
c3e230c5536cba82c15db12f,1,0.304352
c3f2d3ba95136530323957ba,1,0.820037
c437fedbf070f1c0c6278f40,1,0.89841
c445a5ff040cf5115ba9b2e0,0,0
c4598e4f32cedf58f03ec4ad,1,0.806091
c472dd1debabfa3b24a777ea,1,0.448456
c4a06933cfc746a2e627c4e2,1,0.314893
c4bc1d42e4f27a21425511b3,1,0.857052
c4be404869991846d296830f,1,0.818592
c4e669576e5afa2471877752,1,0.624752
c4e7dd4c63f06620aa6be3b7,1,0.406567
c4f3e9c0c44f0a9f428f8ffe,1,0.815233
c5203eba09e36dea278414d2,1,0.855731
c52a0fecae0c6c5654d7a25e,1,0.472486
c53f5a28b42cc0f509aaa38e,1,0.723114
c5510d3c2ac9adecf925fd66,1,0.685318
c5566f67f1aa3d5c7cbc5079,1,0.580293
c55b8ced3c5314c4ce8c4e42,1,0.756537
c55f930e38c78b8e45e87b08,1,0.438214
c565b5b28e33655bed881c3b,1,0.86771
c56d362b21bd8c7b583baa77,0,0
c57487eda59d5861553ca1de,1,0.882833
c57b701e9841eccd38a56bdd,0,0
c57c1435bab2487fad78ce75,1,0.715722
c57d6f0dc7b6a9cf79035044,1,0.522065
c594f22e7cc6a6eb822ad796,1,0.803482
c59de1ccbe00b21e16278eba,1,0.367724
c5a8adfe23869ba867633c29,1,0.871584
c5cc440589229367cbb21b4d,1,0.438695
c5d0290c9111a3cca942c07d,1,0.706899
c5d58a055fa49baf51bceaa8,0,0
c5e2a170d34cd5ed7b48a0f6,1,0.255715
c5eae57a16700469c20af40f,1,0.805938
c5ebb0cd9ec4eaf64e45c100,1,0.849847
c5f05e1ff0abf11924b6cabf,1,0.612078
c5ff728208f4a9b5df86bdfd,1,0.705582
c5ffdb90475f55e7b37a4bca,1,0.430028
c6033f7bead538b1f6876dd6,0,0
c6041dc6794096dc9749b39a,1,0.874721
c616900005232aaf20d35c28,1,0.85183
c61c9f7fbb0fd8af6b94c614,1,0.455108
c62686d1f2c89b016170c756,1,0.756717
c648400c0c2890cead0a38cc,1,0.859074
c6520d4f4af16580118bf1ac,1,0.75037
c652acfbe75818c46cde1e37,1,0.509749
c6a114eb44d782b485567c66,1,0.429011
c6a19ad0cbd291e25af2d38f,0,0
c6a2fe7336bc8de8afe63697,1,0.766643
c6afbfc45129b52c32775c33,1,0.822332
c6cad5f5ad801383d3068f48,1,0.761184
c6d09790552a4e9fc8786feb,1,0.381508
c6e011ab22d1949cb07e9da4,1,0.392628
c6ed10ce5fc7d776b0e8cc50,1,0.251096
c6ffa8fb6e0d5893803784e3,1,0.780495
c70891f4ed20fddb8e1213c5,1,0.847842
c70fad62ddfb28d889378f41,1,0.304765
c718af614f330d35806fece2,0,0
c7288a8332e917c684849eb0,1,0.540742
c72d448530bfa539201c1feb,1,0.376165
c745ba3f165e115d0738d5d4,0,0
c74c344ddbf9d6914c5c824d,1,0.871803
c75906c897d4cb7f8fd46e4e,1,0.863276
c7921aeff3b23bda4f239c37,1,0.819026
c796a181a9b461e4e7634e12,1,0.318167
c79ce31946e0458e55bade82,0,0
c7ca9c2ab28243ac754ea6d0,1,0.805173
c7d1a9790077058d0034e797,1,0.831554
c7ebde10002ad9fdb8d29227,1,0.843766
c820e30ae072d4dfaa0f96a3,0,0
c8295f179f8ec79158989725,1,0.80456
c82ee9f9439b10d781a892d9,0,0
c831f86535ab40dda586271c,1,0.874399
c885e78602319429518a46c7,1,0.73678
c891c4db4aca6f52d037dd84,1,0.730386
c8d42229ebac39e3f368c6a4,1,0.254046
c8d6e38fa4786b7b14870b35,1,0.461199
c8ed2951c37dd5fa90318e9f,1,0.693888
c8f00f141decca0f3be907a4,1,0.862583
c9233dc91ccb5756d62f4cd2,0,0
c9282c8a6ba09b47862269c9,1,0.834272
c929e8c76bf0b4aff61783fb,1,0.807309
c9313052d64cceefaeb6d010,1,0.699049
c9324436eb3ae03bc6008ba1,1,0.722527
c94cc2e7c621b885d68b5952,0,0
c955eb0187e7a261b669ecc2,1,0.866472
c95f615f2ad74fc9147439ef,0,0
c990efa6ddad48e0ccbf4608,1,0.891244
c99b8e0c0b29af9242c162a0,1,0.821474
c9ab267e701e673553124ac6,1,0.256646
c9e70f74bc52bc9322a16dfe,1,0.356671
c9f110171a11e70a689480e6,1,0.550275
c9f2b82ff9491bf5667e8c3b,0,0
ca170f3530979507481829c4,1,0.894789
ca2036cb702e99f20052f3cd,1,0.875999
ca39f497d6fa8de78087551a,1,0.719975
ca43f00d4a6c6d5789e45389,1,0.812421
ca54e8b1c2c07f1a024030f0,1,0.612773
ca5f562391825a3e83bec639,1,0.806548
ca69f182f7c49609609e4138,1,0.833325
ca819b5ac4f51e7c05d21475,1,0.769427
ca9425a32abbd852ab86fd60,1,0.739986
ca958394722138878c28ad55,1,0.85183
caa2e33206506b9b3867abbd,1,0.466147
caad620aa24e5ddfaf97a900,1,0.595845
caaf99800f1d8665f65b67c9,1,0.900705
cac10ac9e39ca217b5729876,1,0.289372
cac2af79b62b97c4421f4a5f,1,0.873539
cad322e5252f21fd9b1908fe,1,0.528762
cad48b441a5ffd883fa2bd6b,1,0.32178
cb01666622921b4c622d3a61,1,0.855851
cb11314762376345f286a264,1,0.759225
cb26debf09484a94abbc23f1,1,0.814791
cb35c3d071fa4f65a3afdb2a,1,0.377196
cb3d8d588928586e9f725340,1,0.436982
cb3dd985ece8932429db2db2,1,0.71403
cb4a58430b9ef4870c579895,1,0.70069
cb4c587ed7551e5142a3f90d,1,0.851336
cb539f589b88c97fe46d7a52,1,0.331336
cb62e1b9c7602cdbf00061d8,1,0.329931
cb7305759025b5a5994978b7,1,0.618492
cb831a7ed540577ebc6191e3,1,0.857649
cb8ab1a619bc41f4b18ef903,1,0.894973
cb9d204492a225c0f2c9c6c1,1,0.831417
cbb56016f5919731222ee51f,1,0.339061
cbc3a6d29107388e35c3f9f3,1,0.744285
cbd0771e37aaa460b2721246,1,0.608478
cbd9f9ac8f4919b98a6c8097,1,0.868604
cbf694d7f20078b80021ef04,1,0.811228
cc0a2d41a1165c903e25ea8c,1,0.469946
cc3a7e209293223f3925978d,1,0.368406
cc622f3dcc6ad2746a15cfaa,0,0
cc68f64e345afa1a6e0e3978,1,0.500402
cc78c682b0b64a8908867461,1,0.314051
ccb22ea0e44e04273ffaee33,1,0.885434
ccb5fce8493a5844243489bb,1,0.862699
ccdc13a0ca6be0bc39d92931,1,0.855127
ccefb0e031aa9ae909d5623f,0,0
ccf49c88a6bdedf0cb05d425,1,0.341802
ccf8a445f337596afb0c42cc,1,0.692018
ccf8ce268380b6ad69f361eb,0,0
cd14455a7f4df5294f0b7a13,1,0.784649
cd41e5d69a866bf3f882084d,0,0
cd504e800c1658c3fd5755fb,1,0.579995
cd57cf3e41c80aa079c18fbb,0,0
cd5b8bf2a9feb4b065e61a53,1,0.877582
cd74f713ca5d328da332db60,1,0.336222
cd7f339ca97c501f4ddf8efc,1,0.609873
cd996b9ef90bf5ed6f756ab8,1,0.816991
cdbbc43d343fc9aee7589a2c,1,0.466329
cdbc8948b74fffe3c867673a,1,0.712732
cdbd58cf33325823b480873d,1,0.778986
cdc47d196ea086f903bb86e5,1,0.290779
cdc7163b054a9444b50d1622,1,0.624294
cdd072738860d1fd59c3aec5,1,0.5769
cdd42207b0614c6a240e2174,1,0.481987
cded86e7f4e50dc501b37c53,0,0
ce06341f2926e31df610f1c4,0,0
ce146e8e5f968c81b059b85a,1,0.710929
ce1ee14f5ca952ddc7b61b6d,1,0.588534
ce3d8014d04de170a903a54a,1,0.533002
ce539457d89929653a02d495,1,0.317215
ce53da343ea9d617fa0373cc,1,0.84607
ce580ea0e524ee80f5f3d8c9,1,0.889529
ce6460366d4f696866f812dc,1,0.324771
ce887b6d5b0b593f206afe57,1,0.854521
cec2ae1f8b07dc0a6c1c9cb0,1,0.57821
cee9281091365756c37bc639,1,0.844152
cef1da898748d989da4267b9,1,0.711732
cef33fc5f9a222dd579a7812,1,0.460319
cf05a3f4cd3cf65165b3e57c,1,0.848722
cf1c86b14e634a7d7d57eb69,0,0
cf24e5fe6e46ea354158b078,1,0.505611
cf24fb4b3aeede43d0e5bd1a,1,0.629319
cf25477bd2b8266c67592745,1,0.721056
cf34f664a4c69df2788f746c,1,0.556851
cf419cc12468a13f2d2a3907,1,0.612541
cf423ced4d380b182a4377e4,1,0.827967
cf5abeabded2e6e9d3e14b5e,0,0
cf60a29d561f2c6462eeea77,1,0.372505
cf67da08666ab3308d0b4557,1,0.271059
cf6d25c0726c3f0ec610bc68,1,0.845688
cf811858c40035aa2105c262,1,0.887205
cf8af76eb2ebce59e62803ae,1,0.372277
cf97aa123e9fb65e85fe5668,1,0.379378
cfca9e704babeae572ebcd05,1,0.893309
cff1127bc33d5d88a0e37a61,1,0.616532
cff8155ebe1d2b8ce59c3c05,1,0.464234
d0044a5be4e6972b6607c229,1,0.836821
d0120110ad1d629dd327c8df,1,0.793106
d01224394856cb1a3ec38f3f,1,0.653016
d059135f4d78adf71f3e7976,1,0.40928
d08757b01f605ad0bfc4b923,1,0.655997
d08a21f20f2851552c986363,1,0.687315
d092b2d9a4142db6e87873d3,0,0
d09490d27d0c3a9225a7c337,1,0.757615
d0954d0daf227fa2a3b77c81,1,0.782829
d0d73c00aa64528329474799,0,0
d0de1d00014f047329e33b2f,0,0
d0e606ed4cf25f8314ecb2d8,1,0.29584
d0fa31077e4ce81253bd0a86,1,0.904313
d0fcd8a3cbc708f38a7c2046,1,0.826991
d1027d1e50df8fa083fade9c,1,0.805479
d10ba5f07d665a3f57c178b9,1,0.408926
d12b5eb495a602b1ab541106,1,0.662251
d1381846749fec4f84976ca0,1,0.714628
d1399708d427c751d45b8a1d,1,0.384623
d13a8f6c1487b0179999ba8d,1,0.87821
d14bd16e1dcb42042a45a13d,1,0.330579
d179bb6ddb02ec6a7ad2e929,1,0.330904
d18b7a53f44f93466a8356f9,1,0.823896
d18e5137db6a842f6280d91b,1,0.34798
d1cb8d84bee8942d7e71db2e,1,0.702326
d1de13d955767eca959fe0f6,1,0.48454
d1e72b7e9a73d38c5c963386,1,0.396185
d1ea9f42b0aec5e4b06575a0,1,0.632616
d1eb612d236c1ae531349076,1,0.340156
d1f150c949bbf710dcf66f9f,1,0.415314
d1f890af7e997d2b48214790,1,0.82573
d1fd7f4a1a416e68a8323b50,1,0.853425
d20a9479f6d65748cea222d9,1,0.278944
d21372c723f6794e93d3bc8b,1,0.749271
d252da2a08714e6fffc1a0e3,1,0.694821
d26940e0ec4fd2f53dc2179d,1,0.728072
d26fb649f7cc48d91552ccc3,1,0.389082
d2816fafd2c8aed3b6654fd8,1,0.813313
d285dad5feefeb55587160ba,1,0.638835
d292cfab8a1e0190824926e7,1,0.874614
d29a64ab9f1e07bdfaf4d6b7,1,0.845305
d29bd96eaa60d01ef819b6ed,1,0.720172
d2b1cac42f21ac5307bf2e63,0,0
d2c6e0f1da4c9783c75f31d4,1,0.795181
d2c87b5345ee4cee60a3dfe0,1,0.763484
d2cb4fb1c2755dac2fb57fd0,1,0.778986
d2d2888e21d3a8621f4444d0,1,0.489992
d2def871e6fb05e7d80f2107,1,0.861188
d2e0144826072d85e76f0da2,1,0.860604
d2e37050b679faeae7b1b978,1,0.834542
d2ed42f561e4690d9098ef78,1,0.71413
d303c5e3376b9b7dbf15dc37,1,0.321247
d310838b758c68adbdd20acf,1,0.860017
d319e3d40291b0c437cef7f8,1,0.563378
d32bd7d0986515528d8e659f,1,0.502888
d33c954f4c9d97910ef9d3dd,1,0.298389
d33f6fd8555de9bb31cacc45,1,0.568476
d377102c331d033ec94a8d50,1,0.685423
d39e6620df02b539245860b3,1,0.697094
d3c0b72841ae4a999014f651,1,0.687
d3d8513cee034adda69091ae,1,0.882022
d3e3f4482b8a9f3357d3295e,1,0.814938
d400ce6238cdd7d5d4ecdcbc,1,0.277865
d403bb6e677fa10d62e9fda2,1,0.774924
d413f570975813296bfe07e4,1,0.767516
d42bb1070ec7aab19189da43,1,0.597667
d4386c5d216e41504469ce5c,1,0.440349
d444f52263b2c1a2f690c39c,1,0.605449
d4645b3118dab0733db33dd5,1,0.416737
d4731c0377280c1ca5935837,0,0
d47b81aa0e2f6f48a25e8d1f,1,0.258888
d48c38be94ce116bcb0abd10,1,0.738669
d4c2d1c47fdfc05334e73dd8,1,0.268749
d4c9f65d24c9940ec90245f2,1,0.257578
d4da9d45099891a2bbadb559,1,0.545709
d4e244614892f0fc915606d4,1,0.6508
d502a98e168b7254a9b39ba6,1,0.646349
d5217886ca1154f5ff0d73e7,1,0.853791
d534f9e2895daf5104034d97,1,0.858244
d53aafae5caf780a72585340,1,0.63861
d53ea37015697aa31f23d348,1,0.868046
d54421c1fcef3ca460092402,1,0.793266
d5470e344102b7130df4f177,1,0.875468
d578e1d7a70688fec67cfb05,0,0
d5b642e08925988181674a86,1,0.581422
d5be9da78dfb7aa706074bfa,1,0.708414
d5c2c3e6ed2ee400e08adb74,1,0.251464
d5ec75f95d1aec680ff536c0,1,0.778649
d612e0139a2c5a6c7c3974be,0,0
d619d80a83898f6766bf4946,1,0.817283
d64dc0e5219dc2d6646b433d,1,0.536708
d65ed4ab1cc172c81697ca9d,1,0.793106
d662a452b1e4752f06f25334,1,0.882022
d671abea5c00d858d2d9feb7,1,0.881207
d6728d3c68e607700ed3e83f,1,0.646237
d6a08447661d863c33d2a5e3,1,0.877687
d704edd7ae3760590e26c24d,1,0.698638
d7102ec5ecf873237654bfc4,1,0.393502
d7125706d4042998c7a465c6,1,0.839603
d73b77cb074609f6da9a5f25,1,0.888952
d75dbfc3d60175c6751de9b6,1,0.472942
d765c24d235e9c9e66399e74,1,0.799129
d7792248a4d81740de2c6709,1,0.860017
d7af1fda4056215eb2b2fa06,1,0.281307
d7b5554e061f770427236268,1,0.743354
d7b8402f3ad8267a616665b4,1,0.482368
d7c46411e60959d18ae675d7,1,0.296043
d7cd1aa260589d244003bf2a,1,0.850593
d7ec05711946c0b29964bd5e,1,0.48592
d7fd7fd2bcfdfce2fe4cd623,1,0.879354
d81fc0c1454ff59dcb6d6da2,1,0.860369
d82bac5e89cd5c4bdc983fd6,1,0.837885
d83669bea2386ef9472f1a93,0,0
d8392653050de26aad23074d,1,0.745954
d868e2ed8a1d8616d2b129b7,1,0.26569
d873783e4d71948f4a4fc125,1,0.76856
d87a9f80d4c3e39275d671d7,1,0.254416
d8a62137bc8221f5ac2716c0,1,0.499604
d8c32e9999ed0a9274908190,1,0.893681
d8cafd66c6bd837abe51624c,0,0
d8e58f817383c67639771a3f,1,0.782496
d8f53a9bb89a5937e69dd46c,1,0.793906
d90b54e3731e8c68355a0175,1,0.664323
d912b433322290b54821146e,1,0.44749
d929c64b86a4f31f9c7b9a73,1,0.733547
d95807b9b50c172d8d1f715b,1,0.446585
d96009a467b9468aa789080e,1,0.335024
d96d7d9a735d7932d796a593,0,0
d9810fd526ea5a77d70a9d94,1,0.521227
d996ebd6a7118a1e6915d7e9,1,0.718989
d999f662396b5448e439577a,1,0.833731
d9d8d472f2620a09defc27c5,1,0.448215
d9deb54c352c4be288e6014d,1,0.714429
d9f6447debe2f592601bace3,1,0.78316
da0e0cbfde46d02cb65aaca7,1,0.710025
da3e1f7408b31f13614df1b2,1,0.779825
da5956a1d74da654741fc092,1,0.36376
da5a56e15b6808a69ea421fb,1,0.721743
da5eb8d5a69961d4836f95df,1,0.850965
da6903e2b6b2a47f9248421d,0,0
da77a59ff4048d8230a80d59,1,0.318697
da8fa60e51eb44007a8d256f,1,0.833325
da90eda4edf535affad9f621,1,0.253676
da92fa61dfb17f29c45ab348,1,0.708313
daa9fd75a88db884da289839,0,0
daaee4eaded0b1218f34d32a,1,0.789721
dac5820c5a826ff42fa5664f,1,0.402803
dad41bb2dde8c8d3c5b48271,1,0.762954
dad948295acee95fc341e455,1,0.792625
dada8cb4459afa5455f345a9,1,0.913213
dadbaf62a144646d72bf77fb,1,0.878419
daec0d78b26d43bd1818979e,1,0.880797
db3a4f59bbbe649547cf98eb,1,0.330687
db5805be43aaba453ea15afd,1,0.362743
db5b139cfa20eebf57839b09,1,0.404566
db650398570e47ed1df7dc72,1,0.688887
db765dd7d861cce60e56b406,1,0.255344
db823c328a558d2b4df21d22,1,0.859074
db90d6fe11aa3c3e5e582c51,1,0.81538
db976c333311fee0ca3e925b,1,0.724286
dbb4dbf246b2222b25165096,1,0.853791
dbd58102aad6e47c9242c101,1,0.857768
dbd92b92a18c7f5ee3bbf62a,1,0.872239
dc0627797f7548ecdfbaa0f5,1,0.881207
dc1ae79027cfe7b3b392c889,1,0.856573
dc2f539ecf83539cb956956c,1,0.772874
dc4b2d3721eba13d5e037f79,1,0.252753
dc7576527ee98d563443d78a,1,0.27513
dc7cbe938038ae6282e0cb82,1,0.753285
dc85e61bac05fcb3afc80f61,1,0.888372
dc88dbb9f3d92d6d08acb893,1,0.307462
dc998666b054acf7ad97bb54,1,0.749821
dc9c05ad4db43baea2aaf808,1,0.862004
dca56ba0aeeb79933cdaeebd,1,0.677901
dca59b35135b74d242a4e5fe,1,0.349533
dcb5211ce5b8fea555393fbe,1,0.898589
dcc54fb918381e4f2958f340,1,0.749454
dcd1ae34b3a8ece74412dfee,1,0.863046
dcf8f64d254bd923b514f209,1,0.811228
dd0d94a208cb67c97bf8a0cb,1,0.477052
dd2007c5cf440ebc58364078,1,0.922622
dd2ce38976f6236c834b8682,0,0
dd4e3c59225b9f5d225ae10a,1,0.335569
dd56d1af03422b0aabab6e13,1,0.809276
dd6568ce70f813df316a00b9,1,0.458258
dd80df3ad16502cdc6c7fb23,1,0.722233
dd917e6b1a0d727ebc6b02ba,1,0.876951
dd95615916db195e7b276c55,1,0.893681
dd974c3a9a06d24d67c0b204,1,0.641085
dd9ae9504da795d82b68ca5c,1,0.722037
dda6481d4641170f0e8b7252,1,0.675229
ddafad9781756861df90b61c,0,0
ddb08ce1b6ce84640c61625e,1,0.808219
ddc4ef611e48f5894755bc77,1,0.867036
ddc71ff7c51990619605d5b8,1,0.329392
ddcd4b33f5f44a0092882b9e,1,0.342462
ddebc606c346694ec43c48e2,1,0.850965
ddec822fe82092bfd07103f7,0,0
de1667c7ec685583df53c06b,0,0
de254fc5a3b4c462186f3f34,1,0.878001
de256eb310710d84c0be2e53,0,0
de5c87d437c2057c7ada4a0e,1,0.759404
de8a1cfa0986828ce8bdb0a9,0,0
de8a8b8846a869a94ea44484,1,0.588948
de9e5bbc6d1a9f39c6cdad8b,1,0.271252
deb00c8b9f9ce7f5fdbf055b,1,0.605216
debba8538c90ffbace6f7d79,1,0.717408
dec65363962f18b45d8321b2,1,0.831964
dee0d95b2c7151e82c4dd3c4,1,0.834811
df003f69cfb37fa3a2ef5786,1,0.397354
df1efc13d8a8fc4ea4494773,1,0.613237
df21dec650c7ec06cc13d91b,1,0.40028
df2711ebfcb54b9866da125b,1,0.634543
df2dd3b89c80ec44b498728d,0,0
df451db08360f196b14d2cf4,1,0.300438
df6b9eb7cffe3bff805ae2a3,1,0.830594
df84ceeda694a66738a907e3,1,0.356559
dfbd3aabd7fa893131b49867,1,0.823186
dfcb0ca4f25e781811c171ca,1,0.773216
dfd2d958b0fbdc386d313450,1,0.655887
dfd4a6efd1a19153a8899db2,1,0.764892
dfd696c604819293d3be75e4,1,0.652352
dfd9c679ccac277ccecb6864,1,0.33231
dfe23142727719242ef2d31c,0,0
dff86abd99970021bb5d7076,1,0.81626
e01da8b604fab303ab5db033,1,0.851336
e040cc167d492e4176a78196,0,0
e0492174e746d7f8139f0687,0,0
e04d27f0259042dac8780608,1,0.771155
e057375757e90d505261a0dc,1,0.880181
e0603694ed9906a93a85181e,1,0.383237
e069d1405002a9b5649ee283,1,0.603581
e06a533d98a6401f48f2ef5c,1,0.379723
e0731935f4f83a9d939f703a,0,0
e0a1775ebbac1911898c5796,1,0.256832
e0d32cf1e939635e179be196,0,0
e0ddc4da2dc05c3d2e89bdfa,1,0.266071
e0ee0e7f17425e1458c46f5d,1,0.439386
e0ef575e9dbe2cfd0ba547b2,1,0.69181
e1029fd4ce03a0b4fc811c72,1,0.826572
e10562dc13d3576ea9077fae,1,0.78016
e10c9b97655136352fc69837,1,0.818882
e12cab377aaddca842f9e9a5,0,0
e157ac89e1805c84536a2625,1,0.814053
e1661650ba38882ef8de7d20,1,0.356783
e17c2d21f46ba939f0f128b9,1,0.724286
e1a0b226eee6263baff3cf5b,1,0.432423
e1b21715e2a4e9c1074bda0a,1,0.811676
e1bc4632bd0a3d1a4cf6307e,1,0.719876
e1e1a9ce410673439b928bf0,1,0.86431
e214ba0520ec84c79a8711e1,1,0.398348
e222b4f4a963753af817d6a7,1,0.711832
e2318ef7890d0295f3de92ad,1,0.906156
e24f3ceb021879a43883124d,1,0.257578
e254753aa1028555255acbd5,1,0.801004
e2617a7448c8c59d3045e346,1,0.723993
e2651b5422bf455e7e8e15c1,1,0.841696
e27a31138c218af84ba2a7e0,1,0.629091
e27e9e722800293ada6ca0c0,1,0.840259
e283fa791fd85bdc91e9cdeb,1,0.883839
e2cbea43ec1f59bc562205fc,1,0.769773
e2d5f615d999a5871729014a,1,0.432603
e2f77b9cbb4cb9de29b4802a,1,0.335133
e2fae5285d0d44b434dffcea,1,0.407333
e30e041615352ffb6e359738,0,0
e3273997266c634d05417db8,1,0.886027
e34bd305534505aebac8dbe1,1,0.319758
e34f33e816f52621e827b3c2,1,0.774242
e3643cc4b646697171916c31,1,0.436442
e3666a99329816305db57192,1,0.871912
e38668b6bc0a5fe88451c14a,1,0.300335
e38b6196ad04b76846fc2d84,1,0.325735
e393133814b68716c3d09a9b,0,0
e39766324f505162a7b5834d,1,0.269806
e3a429ea7fccb32c5812bbde,1,0.812123
e3a4cf184f7d6a8a1babe61a,1,0.884239
e3b24027c1ff4a50c603d261,1,0.30819
e3d12984a1f40446b1de72d1,0,0
e3d56d93379538657e7cbe32,1,0.857171
e3d92eac4627fbe0fe2b2e35,1,0.856212
e3df658162fa3083de4d5833,1,0.748168
e405b7ab75d20a68d8438979,1,0.379838
e40e87e610504b49c682e23a,1,0.546587
e4409ce03a90f5bdeeab7ff6,1,0.761184
e44a3fea8ce64609fbbccfa8,1,0.733356
e4617e202e0f2b71b9215320,0,0
e4796bc43e677c84729d28bb,0,0
e491832678898a77bc792c1f,0,0
e4a073ffeff75ee82f3e7684,1,0.847463
e4b5915dc5960433d2dec216,1,0.901748
e4b825554790c2e2a9fa45c3,1,0.869271
e4c68015d77a91ea909f5719,1,0.258326
e4c8e74479e63a5e47191cf1,1,0.726814
e4d55ae7ad2001750d8e2150,1,0.648578
e50530b62871d92a1dd6b15a,1,0.757794
e51cdacf16de55fe286de809,1,0.678647
e522e4efa5865f27f78c2d0f,1,0.856932
e524ee8e0086c279198e1b8a,1,0.414899
e53d5cd03944a19ff5ef1561,1,0.795975
e5400028ee0cf4f6e4023319,1,0.899298
e54964f1b07a59662112f791,1,0.778649
e54c5e356b87957152e73763,1,0.417034
e54fef6bdba2ebf0be4056ad,1,0.72662
e55515f06a5cec452af13b18,0,0
e55637e79170e2bf9d61365a,0,0
e558f4c43b13f944044729d8,1,0.905322
e5736cc9f14ad7307d58bc41,1,0.788909
e58ed3adf4b5dcce4761aecd,1,0.459682
e5b5b2f81fab7926423fe46c,0,0
e5cafdb9d80de490479cac54,1,0.859782
e5d2be4f47665e5f6601c8b6,1,0.679391
e5d3d3815bdf05ed8983cde3,1,0.782164
e5effd0a63fb2d32503bb795,0,0
e60d6bd22fce0c4a797ef915,1,0.537254
e623611292fabe39f0c13077,1,0.819171
e6275f3532cec9c9acefa755,1,0.554802
e645e5641eed0f274a21d759,1,0.88263
e64791f0a1df1ce237c53c5a,1,0.78842
e64e02b3a5fe0a37d4c56e4b,1,0.486049
e65f243d5ece1d109c09ab20,1,0.878105
e68226e449e335c448b3ca82,1,0.564999
e6838378bea985227df74e5d,1,0.418994
e68e1c96e399f3a275079c3c,1,0.849222
e69a27defd50e91c01ea538d,1,0.291787
e6a4cb97042059ffb9fbe568,1,0.29381
e6b1649b8c27e88209bf3807,0,0
e6b3f07d4b77a0f6d43e28fe,1,0.720565
e6f8ac918a42cccf590abf12,0,0
e6fb3ef771e812efdd78d1f6,1,0.75183
e7024ea8e5a3d90f1b67e07a,1,0.639173
e702ca05afea82b913ff05db,1,0.843509
e706faafdfa96a2949c9cee3,1,0.561365
e70c4620ada51382f068dea5,1,0.851212
e721fa9f4bcce0c251e4ce0a,1,0.71113
e760402ec460a83926719d7b,1,0.818156
e760622d377cf71ff20bbabd,1,0.715523
e762045f4cf69d804b40855b,1,0.528762
e77a73c38ec24a9570cc8325,1,0.705684
e789fc426b49b41548f43f1b,1,0.854278
e78af7be184c8a594c344ecc,1,0.714329
e7a9ed51478d8dda931a4d7f,1,0.400105
e7ae73e9f4785259be7522ac,1,0.883034
e7bb2bf1a3beb5dcd067492f,1,0.250546
e7bfd567015b0ec9b35d0a0f,1,0.706292
e7c60fdb6faf10315b9eb5aa,1,0.744471
e7ce309ffecb677510abc7d9,1,0.640748
e7f01c96ba326997ea6a48aa,1,0.263979
e7f0b0ece8ad2ca5e0a36488,0,0
e7fb5a007d36fbcbca6188fe,1,0.693265
e804e0f56c67c48d8cfec3e2,1,0.282493
e82970c2211af7d2fc724231,0,0
e833caf09f781c90b5402066,1,0.745028
e876cea6e4e1498aaf274ee9,1,0.737158
e882692f1291f807ca3e3c34,1,0.619586
e89123b925124f8bbe376798,1,0.5153
e89b17bc248e6d166eb807c5,1,0.845688
e8a4994bf4b237208304917d,1,0.854885
e8b37d522ccf7b75ebaa9608,1,0.32595
e8bb08854abebeee6b7cf09e,1,0.3512
e8c42a34971faf3520d7c89f,0,0
e8d1e99c9e22befb72e9f381,1,0.323166
e8d86c5a1599526b72edd25e,0,0
e90e1221e62b79e11693b4df,1,0.807461
e91ccbb602041c9b146167f6,1,0.299412
e9262db6119f187e86cf3011,1,0.826011
e92f7b3161e1d8558f22fce5,1,0.882833
e94a50233aa26574f091f860,1,0.790854
e94d745baf556305e7e3617e,1,0.582135
e950307981d1c0f61e45cca7,1,0.562837
e9554dd71e575f44d4be9f8e,1,0.866246
e95af4139e762c5c52f0c142,1,0.366023
e96f452ae609ea0f0cbfd295,1,0.878523
e98cea34eceedc30d95fbcdb,1,0.855006
e9d60d5a1cffcbfed752bb35,1,0.741674
ea168e8f47b68b639d60bb7a,1,0.432483
ea1cb816ebdf119747cee004,1,0.365796
ea2145c077a8cfc721679268,1,0.729809
ea28ccd06887b6eaa020870d,1,0.511793
ea2d19e61b97358e23266f7d,1,0.474981
ea4ac13849e74c250bd001de,1,0.416737
ea7704898dd726ad2d2cf74d,1,0.657648
ea7d12bf272162363c06e807,1,0.645232
ea8dbb91661ced52da733838,1,0.396711
eaae63968ebdd24da64b7fd3,1,0.321993
eab7c5673b3b26f8b1eb844f,0,0
eabecbee551e60dff0484bae,1,0.821474
eacc1e2faa8cf05cacba369e,1,0.780997
eadbb6bda9be855b773bf99b,1,0.783326
eaf2b72d768fb0c1d0b5dae3,1,0.81946
eafb4102948d47774dc1bf81,1,0.759225
eafe21747322ecea6b8ab3b2,1,0.904144
eb1778d50264d83f15cb4f6d,1,0.853547
eb28392ad3d6a00e25ea77f4,0,0
eb398f0219838e7fa61259ea,0,0
eb45c187acfbc9d4dad1fcaf,1,0.782995
eb715f7066c651caa9799dd9,1,0.416797
eb71ce9edf5b3cce6c594f8e,1,0.815233
eb7ec05ad3b7a7cd5d48b6a3,1,0.78233
eb8396018ce9d910267057e9,1,0.415492
eb9220f8079aeac811f093b0,0,0
eb97d2a187810e7ea4d686ce,1,0.703549
ebacaac7a38a31b160a65078,0,0
ebbbc4c153ca10470cce0d00,0,0
ebcea73a0a1141a29cfc6743,1,0.850469
ebd1bd0c5da06422d2103726,1,0.370567
ebd2040664a8ebc6b6d33aa1,1,0.268558
ebd35abff2a13a21e36199ad,1,0.808974
ebd42a0455ad2219632104ae,1,0.439988
ebe1a622d8a95bf2f43c2d1a,1,0.399636
ebed61165933349a39469f6c,1,0.563738
ec0ce6fe6ccdc8c8f4245bcb,1,0.750918
ec1b56e3e0c414fa59f859b2,1,0.813461
ec1cef3f32abd8f8b962c64a,1,0.747247
ec3ad0cb3e373920fb591bed,1,0.677474
ec4272e7abd045a0d2dec54d,1,0.788583
ec43d8ed61e41b546a4e563f,1,0.787931
ec45fee68e51352b848c8fe3,1,0.859899
ec4e116660e2434b50b8c526,1,0.84338
ec509d0e6a5415929ff845f5,1,0.780495
ec66b3a6d5835cdfe6ddcec5,1,0.865338
ec6905d83a19546c20d9f886,1,0.778313
ec6a0175174c91c624a66a8d,1,0.583737
ec6bb12ef5410731769a8b09,1,0.639624
ec84f9a40b8a2ef4cd30fe37,1,0.70202
ecaff255cbf344598dbb4f1f,1,0.332852
ecb3c3db90dd1ae3bf8b37e3,1,0.327776
ecb93095bbb94b24fa1e90e6,1,0.802091
ecc1ec4924773c8db08ccfff,1,0.356671
eccd6b2eb25fc09f5b03066c,1,0.696062
ecd506d8c9286554a4a4f9ff,1,0.63409
ed00be207b90d7a3fc2f1142,0,0
ed04bf5d9cc097eb6d18dcab,1,0.838944
ed189bb71ced51adbf066f3d,1,0.801781
ed2c110e12a405e136d4b576,1,0.486202
ed2cf2cb7d0cb5b488ae67b0,1,0.737725
ed38305323984fc2893241c2,1,0.275812
ed3835d008b2d4b071916c85,1,0.738292
ed3b9ae7b297c5d9dfb226dd,1,0.695441
ed3d1a7a8c6194bcd5468e6f,1,0.431704
ed62a2466fefab6333caba46,1,0.736021
ed8881c2839de2ecf772c3e2,1,0.749087
ed9070bac243c5dfca5fed5e,1,0.825871
eda5cce20afd17e53d662faa,1,0.648021
edaf6cb4189578ca5dc123ed,0,0
edcc62e5d6f58461bcd3e95d,1,0.810329
ee09683fbfb51321892efffe,1,0.803637
ee0d261e7689057bd535e078,1,0.65379
ee2a711b1ef4b48a1b9e3f2f,1,0.262842
ee4ade784c79e61fc53e066e,1,0.82347
ee4bdfa231822b9fffe495e8,1,0.835349
ee725ebdc0740909cd229e5e,1,0.793906
ee782829fd860b5642469597,1,0.329607
ee97702c878e37b85aad917c,0,0
ee9bca433595e2293b993b3e,1,0.35488
eeb6458e1b18b2eeaf3c21ff,1,0.592195
eeb8c42d87dd236a0b553045,1,0.816845
eebe942a315bd4f8adc0a7d6,1,0.436622
eec26a65e1fc849c7081f4bd,1,0.812867
eed6f1aa29c13b9b2ba562b6,1,0.861887
eee75a2d062515fb71bbc331,1,0.856092
eee8c3aec8101155e5898326,1,0.725162
ef0758cacc4d041d523c874a,1,0.645455
ef10334cd9ea641eee44a22f,1,0.267982
ef11c34ec69debd65e152535,1,0.667581
ef1ee6b4dd4ecf32c30f1362,1,0.856692
ef25054a09e2af24a81a36c4,1,0.868604
ef2ea55a829a51ce5b481b14,1,0.279337
ef326db603230608db213c8f,1,0.619701
ef606084555df8db2207bc6f,1,0.833053
ef680c1d580e05139509e3d0,1,0.822189
ef6efd495d3430d2e0a72a93,1,0.550577
ef76b42c0b83efe4a380f9c7,1,0.795181
ef774329e76dd17003ea5555,1,0.83128
ef793b5b946295321562866c,1,0.714429
ef7cfa7202a1379815bc655e,1,0.819605
ef81fe3bc2824f3249df8e06,1,0.477889
ef95714584b2661be1dd419b,0,0
efaba7a908c777b3b33e65a6,1,0.306112
efd3804cfdcff741d30b682a,0,0
efe274a2d56194320872aa84,1,0.70619
eff8c117f805a06f57c39d83,0,0
f00bb1e068904129a9f55fe9,1,0.807005
f02468cbe5114cab9d2dc739,1,0.874721
f02e99fec9c5e98c18a59eac,1,0.581303
f0363d323739a81edfd73b05,1,0.846831
f042b30074876dbbd284c7c3,1,0.782829
f04ac3a41bb8cabce44271f3,1,0.664214
f0501f16efe9e49392d4a123,1,0.374219
f07dcddf9bd32c4a2ddacc3d,1,0.834137
f086f0bcd89a9ca62c60c917,1,0.490487
f08bd37e62dac8f932f3e9e7,1,0.516809
f097c47942ce483342843b6b,1,0.710628
f0a485f13ee98bbc53909595,1,0.71602
f0a851325f8240c78303fa3c,1,0.335133
f0b850954b884399113b038a,1,0.85561
f0d8eb683b8e7064364a45b8,1,0.896976
f0ebfd2e92fde4eb99f6e1e5,1,0.892375
f111235c7b9124e525bee259,1,0.645679
f1122975fe4fe61b22f23fb5,1,0.722625
f135db80c4670a1126632cea,1,0.364099
f142d52788e45af1b757a0b4,1,0.846197
f147285b68eda3c9e71e6b26,0,0
f15846c26dc4d41d10dcc8f3,1,0.874507
f196c46dce5999a429e3c365,1,0.794385
f19cf2370c9e742b85738167,1,0.441402
f1a277f02ba644a45dd4508c,1,0.701611
f1aa6438541b3c53f9002099,1,0.810629
f1bb146e79ebca49d4d91097,1,0.472988
f1bc8f909e5981fcd56d2d16,1,0.786623
f1d3d066eec02c0c8c2bff3b,1,0.791176
f1e2d6433ee2b6a99e00da8f,1,0.489153
f1e427be0050c749d0604fe4,1,0.509551
f1e4b9a912caf760669fd2dd,1,0.818882
f1ee803d64e0109d37f9b90d,1,0.520192
f1f8d8c2925e7b4e9ac3f8b3,1,0.764012
f1f90c79c20afed172ef19ac,1,0.860721
f1fd542bbfd9d319354d78a1,1,0.764892
f23a1025d124f184d9ea6fe7,1,0.633637
f24932c4ac0f6267052b575f,1,0.257392
f24f5efdb506bdd676ba4143,0,0
f2567949688da67b60f07e22,1,0.836555
f2727ec3a0d1013cf00b8019,1,0.397646
f272cfc31e4016b5705c45a2,1,0.898232
f28ca3d637f241f64b75617a,1,0.851706
f28d2392d22832221aa5d5a9,1,0.427695
f29b554f0249751f0c0a2718,1,0.859664
f29bcc2cdf76f4478f38b991,1,0.768212
f2b7df85ea7187d1011f3624,1,0.447823
f2cc33793aea2a521067c498,0,0
f2f347dfca7eaaca0f9fd9c8,1,0.829216
f309f534173caa24cdb7abe2,1,0.26923
f32f2f80629f5973bd17d32c,1,0.676406
f32f88885829d8cd7fb44c05,1,0.561726
f35aa2813214890f6ec93a01,1,0.859428
f36ad7b03d2dceb4bb23035f,1,0.32338
f3891af092d280d50e3cd9bc,1,0.889337
f39da404646220e77f323de5,1,0.673084
f3a92ed0fe7a439145434778,1,0.822332
f3a93919658b44bc13958cec,1,0.870927
f3ab299f8db595d1ad3abafe,1,0.771155
f3b5e28a6065f70d8a8ada63,1,0.802401
f3b8c9e6fcc4f6cf7b408cc7,1,0.354768
f3d40dc1b36a5b3dbbda94bc,0,0
f3d9573a0d1a767aba0517ca,1,0.319121
f3dd0f727d9228e61575ed78,1,0.306008
f3dd96683dcc672246bdd82b,1,0.604399
f3f4aa1d5849b241cc5c6b92,1,0.433022
f42a98744d5d65df13042382,1,0.756178
f433e0171f0e207bbb205b67,1,0.791821
f435edc4893dc74c62615830,1,0.638272
f43f892f743f78683b145ffb,1,0.768733
f44322a16c65cc4bdfd00ac2,1,0.772359
f44c996ff44f8265ab8776c3,1,0.810179
f45c3000664526ebf330dccf,1,0.78695
f45dafa60ecc9e3aa32ca21f,1,0.769773
f47635bf43da797c02314520,1,0.39601
f481ae554477f61141424f7b,1,0.810179
f48b0b5908501bba081816fb,1,0.867148
f4ad46f444e9acff18a8d871,1,0.663996
f4af2e2f7b01e5bf7e115b0d,1,0.774071
f4c9ccfbccac4c34fbf919a3,1,0.250913
f4c9e3a5db7a1cd040cb9021,1,0.68742
f4d24f848a8d44b82db475e6,1,0.402333
f4edc8a3bf7a64d221d97547,1,0.901748
f4edca18a570cb7856deeaf7,0,0
f5141a84a0c1bd328e154ea1,1,0.811377
f51c501e1e45ca06c33567bf,1,0.694821
f51fd8542b55c47a7e5e9b23,1,0.651687
f55fdcbbd6d1ae9bf94eacdf,1,0.281208
f5602122f9819ec1e5a4dc83,1,0.451266
f598f8d012477ebf4f655171,1,0.808219
f5d9bfa5de76ac93ef79d4fd,1,0.807157
f5fe7d75d14459a89a401003,1,0.263979
f620fa017c11d990ce5a3f47,1,0.857649
f639877511654e80a7184ca1,1,0.858006
f6431bb20045bfff50dac49b,1,0.593845
f6434b1809cc03f0edbd4a0f,1,0.770119
f64d15266473430dfa1095d3,1,0.614047
f65d6346eb21bfbc8041b61e,0,0
f65e542dd6c1c7ce8a209575,1,0.321034
f665e30379224dcf4f44b738,1,0.824037
f66bfee2ced5342a27913894,1,0.593256
f688d97076318d4a389c0195,1,0.853058
f6f3140d6f71df24423cf066,1,0.258139
f6fc1b7bb79bebd451cbf008,1,0.272121
f7198dc97a1c3a7018f5c1d2,0,0
f71c0879144918319572bf1b,1,0.760651
f727e6e5c8947a23bbfbbf51,1,0.82559
f74b72188de69c4d1724fc57,1,0.863852
f7531738f5dd65f0b0cc7a74,0,0
f759e946f1870108bd957a0a,0,0
f762a0b1219908bef0ffaeaa,1,0.859074
f76520750747b4ba5246484d,1,0.731251
f77db60ce25f24c32f1ddeb8,1,0.584449
f78bdaa479b62c826df71181,1,0.70304
f7bb2db2b3914ddd15755ef4,1,0.482124
f7e72f90742d6b7cfcc70c4d,0,0
f7fa551987b220403d973426,1,0.452294
f7ff3fa172a3ae1f5ff0556a,1,0.696165
f82746efd701f3bc539679ed,1,0.881207
f83075843efb9026fac6e1b7,1,0.323808
f8440f881c9727ef03889a8a,1,0.671147
f84a75db946df9280b5e3bd5,1,0.790369
f84f968fa0d4de3a93dc3e5c,1,0.81772
f85a0b554031e1288dd5f2fd,0,0
f85e4d02f6e1fc5902db7adc,1,0.662578
f867f4ebc7917a55ce4e740e,1,0.646683
f870e2340b863d202769d615,1,0.851459
f87c6796a58dea8d4d1fecac,1,0.564819
f87dec270d54dc0d5acb98d2,1,0.74055
f88223d9ee9e01c7f3d7e18d,1,0.685949
f885b251224edf1e240671a6,1,0.778818
f88a15bc7527db783d1b0c71,1,0.838548
f89246bc9989b0c145d383af,1,0.448215
f8a3eb1227ad67f650448db9,0,0
f8ae4baa6ac6b13b242b81e4,1,0.610686
f8aebf1cbd5cf900f90c0f5c,1,0.88263
f8b44a3048ab66abcc25da5c,1,0.379551
f8bbf5d2a1accfc24e3302e9,1,0.782995
f8bdb59627533fb59bf06aa3,1,0.800536
f8c27bdb86cbf12c86903e5b,1,0.726037
f8ca1b23ad2322a8204aff5d,1,0.831006
f8d83e4e0674d2e2f1e7d2ab,1,0.818447
f911c535ab34861d7168fe64,0,0
f91cf15d51a7c3181d46bb18,1,0.656438
f920d37cdc3a26d7a6075cd1,0,0
f9217c6e1f70e9516794c6f1,1,0.693265
f9236527babfe819aaea6901,1,0.822189
f92e2464a3329aa99cdac8fb,1,0.81626
f92e5479a092220b3d0894c1,1,0.865338
f92f72c3f3a3d095d4902a93,1,0.39036
f93872497934ba7c9cdfdbde,0,0
f9440d5d6ac413e140028c0d,1,0.480616
f9445ee390f8724d914f4b5b,1,0.40869
f946fbdfaab995248cd4c837,1,0.471025
f94d436aadbd683534208721,1,0.254787
f94d4c6f50fdeb70fcf94c71,1,0.779993
f9588fb3b127e706edc1a222,1,0.686475
f9756bda464565938146318a,1,0.817574
f97db761285fd595f2334ddb,1,0.869936
f9a337d679d27b409ec2a16c,1,0.543166
f9a444a2e26f8bcb5c905780,1,0.866133
f9abac08c07fa2a2d7e8543a,1,0.76769
f9af931a73fb3231ffa072f7,0,0
f9b01bb430ac4b28468b63aa,1,0.818737
f9c4abb7efffd52f589f184a,1,0.847463
f9ecebe87d3fdc8a0a5ed7c3,1,0.744842
f9ed8e590e0368be72d7ba2c,1,0.54958
f9f14319a4a56c91fccd9695,1,0.648466
f9f221d241f54bc2bfd0fbc7,1,0.810028
fa08026f0011351fa5344896,1,0.707304
fa09d8a28249e93fb11b140a,1,0.701304
fa1812b9cb6d9e37dfab1e22,1,0.330039
fa1d40128fb484571c88048e,1,0.744099
fa2c450d330ac20e128d9181,1,0.316264
fa4276947cfa542accc5eefc,1,0.870707
fa45e26b1d664a5614dda6da,1,0.852199
fa4eff192ccdb1f8987e2b84,1,0.541651
fa576dd8b6943d1aa2b7f7c2,1,0.721743
fa8a9b7789c0fab838777c17,1,0.589539
fa8bcf202285ab24efd4f220,1,0.802091
fa8c13f9bda044d331d2ccd9,1,0.55646
fa95fa482e0c3bc95a8f55ba,1,0.50817
fa9e0ad2eee522d983a41a7f,1,0.443872
faa70786c2567018dc21b5ea,1,0.877791
faac0f3653d20ffc30f59357,1,0.867598
fab832f610d367f10df6578b,1,0.733547
fab8db69e2b33a22bdf10aca,1,0.831964
fac5118bc2ef60984c56034c,1,0.896614
facc8ab9c5077d2776822bec,1,0.822474
fad95961e1db3907a5cc3fab,1,0.63307
fad9c0c3488626641ef5a6d2,0,0
faf29b19c78a3261d2bd800c,1,0.271445
faf6a064aad649c852559835,0,0
fb02c8f9df2533a524a34f60,1,0.49967
fb07dddbd1147570ac2f6b8d,0,0
fb12fd43f2f0c3dc87d7aab3,1,0.822617
fb4107b17b33d45917d627a1,1,0.814053
fb48c68df1dcc5010e047de9,0,0
fb57c2890b46d6b241b0b8ce,1,0.891999
fb5ed509a8301fab6d9c9829,1,0.432183
fb62b8998e0bea7eeca4b0cb,1,0.750187
fb9b2bd2ae371ef076243d87,0,0
fbb085b4d88513535298859b,1,0.461988
fbc2a51872d95f795a781133,1,0.829354
fbc697e16653d70ae4a7b302,1,0.804866
fbcaee307e85362f1bf3e229,1,0.656658
fbea4df1287b53547b52167a,1,0.824462
fbf42381c5adda101c3aec7d,1,0.842475
fc05d17c376078f7fb886fde,1,0.773559
fc31ed0d26213dd0fc8066e0,1,0.724578
fc35e7ce7c04348fc96fb155,1,0.797399
fc44634d81bf89ed847daea9,1,0.766468
fc54af6329f4e013cbbfe1ca,1,0.643553
fc6424e75241ed24cb549352,1,0.88642
fc6ba6034638990c405113d2,1,0.477341
fc724dcb9a2f7810ef62736d,1,0.728459
fc8a3d95ca72b9827af586c1,1,0.444324
fcaa1789d06655875a3987f1,0,0
fcd630a0815950339dda2806,1,0.252016
fcd64b7ec0814495afd37743,1,0.830732
fcdc71d6eced364e6cffdf92,1,0.541803
fce5cda38b91b00f4db23f85,1,0.606032
fd075dcd56f7216ac715845b,1,0.274351
fd1a12a13f7e9b8cce4b0856,1,0.699152
fd3f5c897f9f2c4d641677e5,1,0.407274
fd60b1bc7ce6856b22e8fd3c,1,0.871146
fd679372792d7dbde46857f3,1,0.353651
fd81616da8177421f7ad20eb,1,0.58053
fd8ea0abd507315da43cfdd6,1,0.563558
fdb47f135e9ffb34e63228d8,1,0.291989
fdd862f84085e28229aa8aed,1,0.623721
fde4e42b1ef66d74ab478017,1,0.866246
fde7af7b91a04cacad018df8,1,0.457621
fdf70612862f1ed0269f498b,1,0.340376
fe02de3cdefbffae831d29ab,1,0.511579
fe1c293acbaa2db9228aef1a,0,0
fe26284b510533ed69a0694a,1,0.678007
fe2f2fd002364951857373c9,1,0.856453
fe36ab16694a9ce412dd46e5,1,0.651909
fe5955d2994357e183048d3e,1,0.364099
fe5b5ab4218618e5e16449e7,1,0.698021
fe64a543470b32903bf64034,1,0.495449
fe8166b5337c15cae9fd182b,0,0
fe978b37796f53f53ebd179f,1,0.855006
fe9dbc57009603d4a1f4cb56,1,0.797557
fea0dc68248fcd6cb965f4b5,1,0.654453
fea84f7a02d150f3b0432675,0,0
fec2769302415bee7f6c760c,0,0
fece89d09642f35a575024af,1,0.862468
fed634989cbe917810a395bd,1,0.675336
ff095d994cc8289eeab2d93b,1,0.356111
ff175a2afdaa6fcf9bd65434,1,0.458288
ff232c5468aa37c97cabe886,1,0.76366
ff35d33a92c31f971f2fd019,1,0.875574
ff42f4c678dbba6bf3fd6023,1,0.816406
ff47a9010c493d94b37da9ce,0,0
ff648a0cbd37d7e83378f763,1,0.44089
ff74957a399518da61e330b4,1,0.262086
ff8946654312c06e684f1786,1,0.851212
ff96f0700f5f2ef04d6e2f98,1,0.767341
ffcee2dd7883f6e77457442d,1,0.402451
ffd222e73208c6a246ec4405,1,0.902266
0002b8576a6d544e1b5b96de,1,0.255529
000e00b3a0b481e84b253806,1,0.854885
000f79501b9774f0dc2533d6,1,0.834811
0024f1ec571c64f729ec0064,1,0.66454
00352bc0d16ce60c04315eef,1,0.712232
0053dab0800a5963a8684a42,1,0.340047
0063c66ebdfc9a278a6b4fc8,1,0.267791
006778b92a7a2d3a5986e679,1,0.739234
006dcd00ebfcb73a746c6f2f,0,0
007f202d56c4fae858a5afd7,1,0.251464
007fad1e55094afbe786013f,1,0.884439
00857e7fedfdac2cdba29436,1,0.546012
0088d81d6c42b1fe84db12a0,1,0.78233
00976f068bdc814c27cf1dd0,1,0.900179
00a12ee4683384855759dc82,0,0
00bd14112a77b1653d00a548,1,0.700383
00c70c54da07e68d39006dba,1,0.832237
00d031cf2d345e939c105457,1,0.83602
00e53cb4756d9f6429602bdd,1,0.707809
00f26aaf5d090adedca3879f,1,0.821903
011b1cc974df919b104c259d,1,0.592726
0124e37e5d712eaa38cf0baa,1,0.792143
012b4438aff68e4c409fe1f0,1,0.432483
012be646eb63a917518c933a,0,0
01377e138986f8a1521e2085,1,0.834811
013dfa01ff6e1a94255f6cd0,0,0
0143f50799818fb6673d94cf,1,0.640074
014dca76447b7ad8f8957fe0,1,0.426023
0150afe218b38296ed6963a4,1,0.354992
01561b6a8d4c40dbd75c62d8,0,0
0158feb512171b8634fc68bc,1,0.812719
016001959b1d33446a45befa,0,0
016947aa4a502809cce2458e,1,0.766468
016a6b7d232defbfc2945140,1,0.870487
019409dc38982c60d0fa3a27,1,0.444414
019ba44bf275a82375f0d768,1,0.826852
01aa22d4722fbeea5625a0b1,0,0
01aebf033092136f48d0c49b,1,0.8067
01aeee2880689b5735c3dd7f,1,0.250913
01b3dd74395293172ebb5208,1,0.882225
01b420e37a0b2a0b2b20e98c,1,0.271155
01bc39a97fe2238eb3dc6f38,1,0.801315
01bcb2a5c8f82e36cf5b7795,1,0.849722
01ce747421bddfda5d5822b0,1,0.728748
01e22f383d06df493c7a3e7c,1,0.269422
02040ce3f6c6d9f91ec54a92,1,0.847842
021d82cf343431b6bbd9c954,0,0
02495b6052106a84e197f00b,1,0.772874
02505e55835ac60fb3ec5d70,1,0.82573
0275ead6da772b86085898a7,1,0.683314
027c2be2614827a7eeccc2fd,1,0.671794
02881ed82ca8840c01b70a5d,1,0.776623
02b92e1f111a8bcb2621de37,1,0.843509
02be1e4c1aa43543be50124b,1,0.802865
02d60d606122589f4f302ab0,1,0.760295
02ddb508a92a6e411ea7ac54,0,0
02e12a2606d7d2f7952ecc08,1,0.584449
0306e27f533cbe49a3aebd48,1,0.302185
0332db906d3f1b52718267fd,1,0.719482
0338cb2de978dcab5a371388,0,0
033b92372491f1b25fef65bd,0,0
033e1a62366034eb48b1d730,1,0.671901
0376c0afd6fca43b958b8c98,1,0.846451
037bd85c536862ee1bdaec80,1,0.773216
03be1f15c82ef913f49f6768,1,0.785966
03d525872da2ce224a3d2ba0,1,0.612889
03d5d453d12bd6fd9ab0b86a,1,0.264928
03d9f1b72b6ed5362f26782d,1,0.50544
0405d604b4529e960129dd73,1,0.840521
04084b179ff88c1c5bc3b85c,0,0
040cead031d5ffd97eede431,1,0.819316
041caf2dd6da8efb1a2471ea,1,0.633524
0423d0975c0324055cd4f526,1,0.403861
04343ca9b6efe39265bb5248,1,0.872021
044cb264138c31ea0f635779,1,0.271541
0464bb2476fe26e10f929869,1,0.733356
04ae18908bd880c798f1f47f,0,0
04b0e8ecbc8b1bb60681cf6d,1,0.733356
04c9f184b3a0dec2104eaedd,1,0.855127
04e12d3f32712335b47e13f4,1,0.768907
04e77fc188164ea37fa8d114,1,0.674694
04ec803fef7265086842ebbb,1,0.494732
04f8778d5b11afc13284c160,1,0.391755
04fd70b77fcaf6c8bfe53ae6,1,0.511701
050c2ba4a6deef1dabce167e,1,0.66236
052ceb6a31f44bdc85c1051e,1,0.827967
0532e035e609726868506a2e,1,0.858363
053b85ec29a08ee4c78ca0f2,1,0.296654
05495ac07bdf01086f137790,1,0.655557
05561b63b2ae89fec9fb3f2b,1,0.682891
0557d184f48fd4e0b3c573b3,1,0.808974
0562a1d01199bf9b8d965f3e,1,0.475636
05665ee0ab4b87e71f031d81,1,0.305283
057df9b4fbe601abd253e4b9,1,0.62681
05bf031b8dc272351fa3ca7b,1,0.273671
05c9bb82fb830ffb8d176597,1,0.802556
05d8848b7a5e1a5f36e9cddc,1,0.729231
05e6972d095760a6fb1ddb4f,1,0.841565
05e6dbfeaea9ce939954994f,1,0.792464
05ed14e5c6161132f6681df2,1,0.612484
05fe7a302d58764fb00fc93b,1,0.82176
06047cbd88b20c160856be66,1,0.774242
061006b2a8c2f5eddbc3ebce,1,0.379378
061ad80712955f47438251b5,0,0
06214bad63b6e825978cb209,0,0
0624870641d8d7739f411eba,1,0.742608
062981eb78dafb673c9f3963,1,0.747616
062bfac7c4517283c8284ec3,1,0.69368
063764e03b56021a8f0021d8,1,0.770983
064e6bffb308b72261af52a1,1,0.758689
066708856bc89eac1a521f03,1,0.816699
068be1e080db859c5403032a,1,0.845815
069aabc4d6abf390aeab5db9,1,0.344223
069d50a62d90aff906d8112d,0,0
06a30b8d87210d2136367f76,1,0.640636
06a981bccb8a00d1191db4d4,1,0.734691
06ac4df0640fdf98e6e4f0e6,1,0.663778
06bb371b1256bda63f6b9dcd,0,0
06cc0dac8371489e9f44b9da,1,0.439296
06d5994e181c249ace5181a7,1,0.8288
06ff3d7b6dfde837e5789c59,1,0.758511
071fc66e8ab11c7c3d4c74df,1,0.561545
07304d856b535242d311c21e,1,0.527271
07382e0c2ea0893066ff0724,1,0.922062
074f96b01ffb7512f70aa24d,1,0.822332
075a76ba92b61c9ba0d98150,0,0
0762c9565671993110189c93,1,0.835484
0767c32d4cdfd0dbc2a546ff,1,0.869825
076a3082702c0f1a291cfe43,1,0.757077
076ed2c8d5d6aec855a3a846,1,0.504066
07945819c83358d60772d856,1,0.494702
079ae944ea59d6dc03e68f3a,1,0.889529
07a6616e19c9400ff8aba013,1,0.314051
07be5d2ef240fe3048aff262,1,0.5361
07d20ab8c773d396177375b2,1,0.844152
07e135abbc3b66a5653981b2,1,0.618204
07e3e7ff08f1b38e581e750f,1,0.469946
07e51d2720c2e81d55ebac30,1,0.89275
07f4ef8f542e758e3a758745,0,0
07f50fc55f640ee9cd21ef14,1,0.661704
0803b888ff289c288b9c6567,1,0.748904
080ac3b6f7c325130e7ec01c,1,0.780662
082b6520e6327e2c09b0b8dd,1,0.584568
08429d1f7a41608c99226405,0,0
084457a200205d7aa3369626,1,0.791338
085238b10168607ec03cba06,1,0.873215
085d6a7c87a8f826410cc722,1,0.844922
088d22ee192c0c2f0da19ba6,1,0.779658
0891322fd6f2ce0f0f3b76e5,1,0.794225
0895ea2e66f62240ac535c0b,1,0.730097
08bdbf30dc410f4fe2d19b6e,1,0.404684
08cb176b22aeca6218b94e17,1,0.859428
08f067a0896cf1055c1300b5,0,0
0916213f1ea63753a0def28f,1,0.832373
0927fe4a4fbf385e8bc58ef0,0,0
0935d84289191ed36a4243dd,0,0
0979cf07f0da687101431787,1,0.479915
097ed53d17d6b691a2364417,1,0.874828
09855b1e67b549d8af0f4288,1,0.705785
0994a670f3dc5e41bed674fe,1,0.775605
09967c1da9ad3f989a7a7d6f,1,0.827828
09a07be82e001879e7b86ec1,1,0.66888
09c92482d4ae1714aca9e481,1,0.852935
0a0bbdef6922670474082dd3,1,0.833053
0a0cefbee64afc583ec0ed7c,1,0.83762
0a18d51a7e31f49859452e0f,1,0.915959
0a30a564f1c2edf9b43d6efa,1,0.593197
0a4b91d20231b2f780d0ca64,1,0.842734
0a7788f897e80f93bc8be03c,0,0
0a778e3181c15d266c35de83,0,0
0a82e655d8c44d40341ba3a1,1,0.469307
0ab7045ee663f9f5ade71f80,1,0.677474
0ac55a1e7f70b4987096ddd0,1,0.869715
0af1ae40bd7423c97331e46b,0,0
0aff2ac62faf83b9f0d9874e,0,0
0b2d2e7c1d2e4d651dfe517c,1,0.524577
0b384933a6be47ec83e9e0af,1,0.859782
0b5042ec068278377abf0f4b,1,0.889337
0b6a557ab5dde1df020a6863,1,0.830594
0b6c2c923f25ba9fc9e45fd2,1,0.566438
0b7324d9a61054df66fced29,1,0.848471
0b9791af3700140348dde3de,1,0.535675
0ba13e42b3a436e3a75e6441,1,0.824179
0bac411f5a0123f5aadee344,1,0.852322
0bc4498b66c523dd55c82827,1,0.613815
0bcf6229e88055224aa4b703,1,0.829906
0bd8595d4fb167649dc2c7b7,1,0.263789
0be727f015287e35810286fe,1,0.903294
0bf24067e13a7ea9983e2c0e,1,0.82347
0bfcf3e36eceb33f371e9045,1,0.845942
0c0d4a12c3c2ca3548237e30,1,0.852935
0c0dedb863fae548a70ac1b4,1,0.682256
0c0fa2b2ca4f031047b369c4,1,0.846578
0c2d4e2c864945ee93940bb6,1,0.882022
0c2e67c4335af8a6f70b41cc,1,0.876211
0c35bbc068637bd3b03c4be2,0,0
0c423ff3e7fedfc31bb276ef,1,0.602471
0c43e20208cb92e596a67460,1,0.810179
0c4b7f48bed25b8a2befc03d,1,0.32178
0c508500294cec41b169d4b1,1,0.865565
0c580355df692c8304511a99,1,0.743354
0c5e6928f1875a9d7d0f59db,1,0.674158
0c67bef0a5f0082bd2fb2921,1,0.26971
0c743791b994bd6ecf5d5173,1,0.440319
0c891bb811feaaf9ff7f1baf,0,0
0c8ad1bc4193e5f2d0ca1fb6,1,0.793746
0c9850be129f0abc15405486,1,0.670608
0c9f5ee560533a58161721d0,1,0.811078
0cab422908acc6c57845a825,1,0.839997
0cb84509ac3e8bed76c97733,1,0.900004
0cbb65176cc0eed88a8cf1c2,1,0.374104
0cdc2deaf5da99ceb5b59fa5,1,0.545619
0cea8c40a8f3cd13357b5050,1,0.292899
0ceaa068235584007e39425a,1,0.87289
0cfd2a3da24ea5c9d4844b5d,1,0.656328
0cfdbabe01377a5b49cd800f,1,0.658747
0d336a2ae35bba2a35f48adf,1,0.83508
0d3baed17784ec5a00367f4c,0,0
0d3c6373059cf4a87e24beea,1,0.81538
0d67806bc2456d2e019ae40c,0,0
0d6bacb2f2689ab195195ea1,1,0.550638
0d7cb938a7b2416b7157d002,1,0.591782
0d99180b70283b16252eb9a4,0,0
0d9d239f49c21a7f45574344,1,0.732209
0dbdf9362f1fd99f7f656cb4,1,0.633183
0dbe7a79002a385722a9a0f0,1,0.462898
0dc98771de7ef66cf12e6aae,1,0.389547
0dce7434cf95707d6b1c576a,1,0.587056
0ded987e3bcb9d9ee401f1ec,1,0.413536
0e0e67e87d35fcd03735be87,0,0
0e0ee9a96510f1c3bcf77f4b,0,0
0e0fcce242d0e968c8563c6e,1,0.357792
0e22d79f53143d32c4056f70,1,0.732783
0e2fb70df2ab931f666b2a3d,1,0.571109
0e30b4f45de728fbc287e946,1,0.614914
0e3420b5a61bdb44fbfe6459,1,0.895157
0e8ed5c731fa1bea124816d1,1,0.845688
0e935b181b99b2af2d3ffb80,1,0.765243
0e9bfeb49b2655f2c5f8dacc,1,0.831691
0e9c867a275bdf3422d0be0e,1,0.863046
0ea1e3b0169fa2a6d2884af7,1,0.507835
0eb945c18002c0273dfc616c,1,0.805632
0ebbcf1408b73d3b23a01294,1,0.839865
0ecc5d0ecd6ccb83259126dd,1,0.524303
0edfe8f38c609906d77baea8,0,0
0ee6efc1ac846de4a46052d3,1,0.891622
0ef6ef2e10f715f23627f270,1,0.30819
0f078e68ce2b703598523b93,1,0.293911
0f0b9f33dd86c9f673590a16,1,0.906156
0f1f6b449965e2d7584b2656,1,0.596139
0f410be15b196501428602f5,0,0
0f5563fdf67ef022805daaac,1,0.880489
0f59bd9244d2fbb76e2938f4,1,0.404155
0f7097900dc0f57dcc525394,1,0.889337
0f7c6f2accec16839338bc37,1,0.468183
0f7e35747878330126f6b671,1,0.712332
0f8a425112d914ad2a4ba1e9,1,0.521608
0f8f4fe6a1099c130df4ac29,1,0.475818
0f92b16f43619bc16ce2c8dd,1,0.84039
0f9f949e799c1c4b8f0cefef,1,0.514156
0fa6a2508052fdd1e4aae756,1,0.257392
0fb9f1d7cd0ae11bbf1ed915,1,0.86916
0fc739640e85bb01a682f139,1,0.535615
0fccd0a7cb84268dafac2f1e,0,0
0fd991f4d6177f594a8b24d9,1,0.421433
0fdbaa1d2cbf517692c33099,1,0.687525
0fdd6c04a8d6bf357bd01bd4,0,0
0fde4b5ba163cdb090148e2e,1,0.595904
0fe4f6dc0c460887ae4f8eeb,1,0.818737
1006443219f9e1d83be6baab,1,0.901053
10076a27250c7e30f8b68482,1,0.530677
100c5a021d973ac5d5f7fad9,1,0.308815
102e0bfa600e021789567766,1,0.271928
104c21993e5faa155dddd806,1,0.872347
1065e492ce39a7c89d42ec7e,1,0.766818
10914dba5f83e37479133dfa,1,0.905657
10999127156dda73b0410ee7,0,0
109a70989b999b2a1188f112,1,0.4133
10a157828907aab228c7e919,0,0
10b28baea3b126958bccdb6d,1,0.365457
10c678096aea82bc33a24e33,1,0.421552
10c6ce8f040cb69516b5a327,0,0
10c9179ce54f2d6f0fb2f073,1,0.40751
10f0e58d73c046944ff81dd1,0,0
1122f494d50763057029945e,1,0.790854
11379b47032b99a52abfcda2,1,0.353094
11484284007b15bb055a6061,1,0.856692
11497435e6f114cb4bc8234d,1,0.85741
1185a513b9624b7dd9ba3f7f,1,0.429729
11b2ba8d01096f6ccfc2ab51,1,0.761716
11bf1be96e543daaddc1c1f8,1,0.545528
11c4cf10e1e7887077a176bf,1,0.651133
11d57fd9a25b2578b2da3c63,1,0.686685
11dcd9c1eb17bd3b6448c2ba,1,0.448245
11e00cd4418580cda1369eba,0,0
11ee5c668728fef5c89534d4,1,0.625438
11fc4cd233939a97bbea0527,1,0.771672
11ff899d8c208941a5722902,1,0.364551
12055d212f44704f697dfeda,1,0.271928
1205c0711122f9b035b5ae93,1,0.723016
12110035c359bc5b8ff50c6b,1,0.859192
12114d1e3a1ba9eaa0d5c2d2,1,0.793586
12123909f26af15cf58b6bb5,1,0.699254
121764430a6d91488cb8edc5,1,0.770983
121c6c5cf993259da61054fa,1,0.473642
1221b661f560c50b383bc9f3,1,0.670932
123573dbea70597475513a22,1,0.801936
1236a741cb70d5882bd0f9b2,1,0.769427
12477e859613551281389451,0,0
126d6f12408a475456fd24b7,1,0.832237
127477350ed6ed65fe2bfcf1,1,0.480083
127c003ca71e1875a4a243fb,1,0.794066
127f45f08089bb396db1d3ed,1,0.90053
1298459d2d9ecfc3a2f98db1,1,0.727879
12a8ec0b8d3420c3cc379e4f,1,0.668339
12a9097bebc9e4833da11762,0,0
12ae15f55a2f010facc74128,1,0.85561
12e6214a7ca25c9ae3c8aeaf,1,0.398114
12e7dff6ebf62bb1cd5b0a09,1,0.259263
12f3a0e0dfa6777ac31985b1,1,0.766468
12f8d5b56a58f66a4050b625,0,0
1339011087e776e4a7b50273,1,0.504249
13498a1278f98f8edd551b89,1,0.786295
134e30d5d57bb464d68b527a,1,0.836555
13710a1e763644df7f90f979,1,0.819605
137273f9080abcb0b6d0ac39,1,0.719679
138a4362a3cf501198a7e02d,1,0.741674
1399a215bb0bc1cabafc9d19,1,0.775265
13a166b8224036598f1912aa,1,0.413773
13a436e5597a0d12fce680c5,1,0.558237
13d83a70cc09a6f64e642899,1,0.890865
13de7144a87c1e57d397296d,1,0.884439
1406d026f2bc2a7e4ea77178,0,0
1409e2c33e6aa05e1358e87f,1,0.859428
1415eeb2c86ab6938fad6dff,1,0.428054
14430d021a46724d1bd2a242,0,0
1465aa9750fc16bc342a2d51,1,0.413477
146919dff3bbbfbddd545479,1,0.854642
1479afdf97874e7abf4beb22,1,0.316792
14aa2d59a5c46c07d6ece0b7,1,0.827689
14b3adde8cdcf5a1fbee884d,1,0.297266
14c366216eefdcb18f9a29ec,1,0.58883
14c74137bbad818a9f86df68,0,0
14c88aa1e525877bb36b80b9,1,0.688783
14ec731b862400dc6961793d,1,0.788746
14f9e6af6f3dbff2b16ae9b3,1,0.312055
14fae2a94018f836cfbde5dc,1,0.403097
150c2bd6db9e9a974eb1ba89,1,0.572484
150c4c484532a554f50bc154,0,0
150df718bed8dea253e714ff,1,0.728072
151072b63275c7c62899f813,1,0.460804
151092ad4c3c94eb4014446d,1,0.789396
1516845cb0ade91e415394e4,1,0.663669
1535be2edccee9d9e4e0497a,1,0.772359
155786b1639ed9bc6d8b9173,0,0
156fe7e2b1d2b82f7c284133,1,0.491677
157608cbcad2e3227bcc4f45,1,0.501004
1576f1a0b94db402507bdd69,1,0.44083
15a7d5d8e02e5c37b007c32f,1,0.805326
15ae673199a64c533a860879,1,0.816699
15d1b1d8bab746381c879dc6,1,0.887984
15d3a85b9df5b9bb979804d9,1,0.800692
15d93ddb9a278a08a2aefd08,1,0.809276
15fdf0b18123b3dd2d294f44,1,0.858955
16177e90cddf45755d203853,1,0.562146
161adbb246356eb97784195e,1,0.798815
161b8240619baa55d46f66e9,1,0.771327
1622645f0c89b40735ccdda0,1,0.661158
163e92a32672f0166af24400,1,0.433202
1645470bc526b9e5711a3776,1,0.356223
166d3bc9f1aa5b13542eefde,1,0.817137
1672151d6523a1bc6d428c55,1,0.820757
1674da23f317a28117a39e01,1,0.652795
167616564ad43fa008a41981,1,0.81257
167836353579e7553a0c77aa,1,0.326379
16867cceb901e5a34c07bf77,1,0.779993
1692e77834e816f6d67ff2b4,1,0.886813
1696b3147c3b0e6f4339b9d2,1,0.306839
169da8d386f3b91effef8638,1,0.770637
16ad530b351d45b42e54b62a,0,0
16bec9e8e49845bc191b2741,1,0.798187
16cf7e80e8e9e44df4c087d4,1,0.7696
16e0183394e669f134ec3a75,1,0.638272
16ebba85b4f2ef9382785d5e,0,0
16f9a0de6cebf0d63d75dee5,1,0.881615
16ff871737017694d4714675,1,0.736021
170a0ba4e0e4bb32a75f4d69,1,0.266835
170d0505cc9b058c24cfb6dd,1,0.717111
1717887fad6eac98b91b478d,0,0
172d30b16ceb5995aa5c9b87,1,0.447189
1743813c6e3e0b5e5d9bf847,1,0.810179
174a38f4039d9831948958a0,1,0.862468
17546b784a43605ea906a732,1,0.842345
17561753b35d92e921a34c8c,1,0.858837
175815c26a453aa66332df49,1,0.861887
175ed8d2bf15beb797382127,1,0.585101
1775de49c14a3cd801eb154a,1,0.752922
17772439d2b6a5d32cfd9529,1,0.624752
177e71960e5b96fe097d190d,1,0.851089
178a3e4447b68a7ffdf3ac97,1,0.422803
178bec28b55c975f53a3d00f,1,0.475316
179311ff88c1359eb15c6eea,0,0
1795ee46195e9984ac1506d2,0,0
179dd2ec64abe53a174d85db,1,0.80502
17c13932c083da368df37f9d,1,0.34621
17cffacf561ced0fb66c37a6,1,0.893495
17e61d8687a1c0c665eb474d,1,0.66061
17e6a0bb3ddf7296d6264d12,1,0.717804
17ef7d1e793bd7a40f114c1b,1,0.843251
17f2c0e65b9618b0e6dd0995,1,0.674587
180df8e63b1caf12d8e9aee5,1,0.368519
1816dac9674ec72d843ac438,0,0
18188b55b87a8cb389c7fc86,1,0.472197
182ada17876266a596191b65,1,0.719778
183b5608571d612cd64d3b0a,1,0.863507
184e9fec6308ac742d83a6c3,0,0
1850128f30694b8dec285af0,1,0.841174
185fc5bcc910c57f894cd027,1,0.863046
1873be81772582056e77a632,1,0.75183
1878acca45feaf6cb5f665da,0,0
187b0106be8868461d012c5a,1,0.894605
1880d29a373fefa810e7d047,1,0.811527
189579da4d066cd4a2098189,1,0.296043
18a57831c1c449ba781476d4,1,0.435001
18baf81ea63da835ae98cff0,1,0.328745
18c7573c0e08744b8ca91142,1,0.804713
18cb108420708e668193f80c,1,0.797399
18d6bcf324c06f3b009c51d0,1,0.877896
18edadc67b02a825ef97093e,0,0
18f0d54e31b8388e975ebe4b,1,0.418043
190127cc348f616d3e2b539e,1,0.885037
1907185523a0ffc8e1ff36f8,1,0.760473
190a6a8611b48d12c1b878a6,1,0.712532
19190460b2adf01a09a75c8b,1,0.749454
19275f1d876efb9530e0288b,1,0.884439
196e9b4232a338da2cafc2b7,1,0.800848
1979693a7518b78eb0dfd70e,1,0.888952
19821c53d2c1a2d661591969,1,0.308294
19a49e190366c3d4e133ca76,1,0.883034
19a656f478690bd3e0d25022,0,0
19a9575b6d1d01a96d5831e2,1,0.807309
19b04852a4dfa6f075bace9d,0,0
19b2758d988005b4431ce487,1,0.572962
19b82123ed1db66467ad8f25,1,0.815673
19e9a027a12c45bdb1c07588,1,0.867261
19ea0dbbdb37f3dcccbe5129,1,0.740925
19f2d0917d45cd9936f055a7,1,0.845305
19f746aa23f6ae1e7304a315,1,0.771499
1a017cf4fa3c8bc20b6d7d7e,1,0.902093
1a051e8f7b6de5c43387111a,1,0.897336
1a1bea0657bff24cfd3d53ff,0,0
1a1f9ac0defa506b165fc2b3,1,0.796609
1a25b484b3cc4b66635a237a,1,0.795658
1a407cb631928a0171c4a9d4,0,0
1a479ff16e97c2d9fe6e1c6a,1,0.7478
1a646eb7fd3765e4cde58cbe,1,0.794863
1aa91e3178f6ce24a62e58e4,1,0.677474
1aca6af321464714f92542ce,1,0.668772
1acbb9f1e74695ab2583ccc7,1,0.590071
1b0ce17e3ac08c858e7c898f,1,0.828245
1b16984a7238754873d3bdde,1,0.796767
1b2c4b6d66210768f8a2de48,1,0.873107
1b2e864c2ce061a1e74e731d,1,0.686265
1b37dbfd09485d91c418478d,0,0
1b5d4b2796ff7d7c55c324e2,1,0.88779
1b6bace2870d07c6fbb8497c,1,0.567997
1b7530ab85ba61a8fd7a416c,1,0.635336
1b8222453e10b0c3e73296fb,1,0.300951
1b868199ae3f6c9410f0ee75,1,0.854278
1b961e4d401703fe4a926028,1,0.775265
1bb3891fc4cdd554b9932f06,1,0.359364
1bc90affc1cf869168efc582,1,0.677581
1bcdf496418895e188419b4c,1,0.69946
1bdedec8c7fb4450f15d069c,1,0.80502
1bed99e3b41c8e2367139c3f,1,0.641085
1c04075ffae19b245be48b4b,1,0.823754
1c12bb54c24c7f10c1a2b69c,1,0.810779
1c1b0981f63a5167483a62cb,1,0.536708
1c41a273b27fe2a0dd83ec3b,0,0
1c467bbe77f380e91decc7c3,1,0.783823
1c4f03e24315fe8939ced98d,1,0.777469
1c55755e11da3fa6d055b6fb,1,0.277277
1c6ac9ee2bea72c05a9b9e13,1,0.673836
1ca65db1459a9b4f02e7afc4,1,0.825308
1ca6dc6b32e826fab0aa24a9,0,0
1cb304599f1b56726cd45c66,1,0.747432
1cbfdf520988387b633a3eba,0,0
1cc84369b2663f766ef6f550,1,0.450964
1cd0d3772a935f04334f2534,1,0.603289
1cef8d5df5c5965f5c3cabeb,1,0.427636
1cfb17192482119281395cda,0,0
1d01efa6a1f5c743188231f2,1,0.511518
1d033bacc0f1e42770035619,1,0.88642
1d0f0a1231d58c04b3968e5c,1,0.811228
1d1015cdb67740639c7060a3,1,0.425904
1d1823469c44993d535d3fc9,1,0.269133
1d1ad8bbff82f9aa9c5a5281,1,0.841826
1d1d235d55f59cf6d6dcb817,0,0
1d32a2c11f6d9e3107fa0647,1,0.267791
1d4f0a7075eb92aff836b219,1,0.561485
1d6b810f475b01716dbe738d,1,0.790207
1d768927542e45e5a271df8c,1,0.89275
1d820c74dec62f0e5b117529,1,0.502535
1d9e58419d00742df9fbc08b,1,0.631481
1db8f7ab9f687b00a462999e,1,0.71103
1dc0812446972bed249704e0,1,0.807916
1dc83d68b12708f0cc2cd607,1,0.382026
1dd2c14f8beaada489863ae5,1,0.324128
1de77c4a75df637e72398b8e,1,0.777807
1debaab7b6d455cf19043ca6,1,0.761893
1df0412c9cbf6620859accdf,1,0.796292
1df77a9d339e8db47f7c276f,0,0
1e048cd893975db10900eefb,1,0.848471
1e16d00f06e1094e945ba583,1,0.798501
1e1811d75a18ca160b56d54b,0,0
1e19639647afa581f67e5367,1,0.501341
1e1c6351ff6a6edf3389ee38,1,0.316792
1e306f13126e35aab3ced772,1,0.473338
1e61a63754dbf4bd5c64cb42,1,0.374562
1e7cb2e1f5257c7bc1713c97,0,0
1e8a58a59fe63961dbc3bcdb,1,0.82963
1ea1c21ebcf29864c8c41529,1,0.842604
1eb9693e01f544e72653eed6,1,0.884039
1ebc84ed7c874310876eff32,1,0.878105
1eebd090136faa01dc2105ef,1,0.84039
1efa1d3d55b15998e1396b85,1,0.707101
1f090dbf5a41dda102865af4,1,0.86212
1f0f5fab719faa7f747b6b25,1,0.523116
1f141091bd4ff19c01c2cd21,1,0.286768
1f1496a1a6881de8c2d92503,1,0.71721
1f34c533eb11563b026001fc,1,0.738103
1f38d41695111e8e6abd66e2,1,0.553505
1f3e7253cbcc68c15b24bfda,1,0.730866
1f4c78ba8f675217aca6f337,1,0.710829
1f4fd7f8ce9034e6922363c2,0,0
1f69f2eac961dc13cf51d66e,0,0
1f77106d96164d38ce6eb0d8,1,0.879974
1f803e78f206a8b532ea0e46,1,0.357568
1f87d7b2b2425c7f672702ab,1,0.367384
1f8d0acd9724e10c07ab83ea,1,0.460501
1f8f24b406455cf1d74a3c04,0,0
1f8f8a8f88abf8d7a819c317,1,0.851212
1f9c03f87ddf01fc76d8b0ca,1,0.835886
1f9ca68645b04949f7a27493,1,0.442275
1fa799d39c7a829d7858cc82,1,0.709321
1fa7e682c0d44793a01db7c1,0,0
1fb7ab494f5b5db5d6228a92,0,0
1fbaa1f6fe1bfdffd98c7d05,1,0.276397
1fd1017ae5866b94c61e17af,1,0.673406
1fd475e0a23958659b0e548c,1,0.729905
1fd8e0cd321bdb5d6ff27a48,0,0
2013a54388c63d881328e458,1,0.657538
202462329ebe23f148779608,1,0.742795
2027ac6de306ededf1f84c09,1,0.749087
20295619ffee07dbf213c88d,1,0.842863
202f655d4eef66d6e56c4450,1,0.860838
203cdc8837945427f409d4bf,1,0.790207
2045359e541f3c7cdabccf44,1,0.821474
20457a8c10c4b333d77af3d5,1,0.755457
20464694ef006e5fe488bb5f,1,0.803328
208cff7cc364fcdf399252b1,1,0.762424
2095b3a4478a16b488e7f6d8,0,0
20a3041efb5a1b4637ca768a,0,0
20b366ddaaebd6053b12c3dd,1,0.873647
20b595abe17e2284a7575da7,1,0.830869
20c2387471b0bbb840b529be,1,0.761361
20d00e49e8850b28f85a79d6,0,0
20def9004984a21bc50d6e82,1,0.809728
20ebc8aaeb458e092ad1b7b8,1,0.254231
2105be301e86f09272a882e0,1,0.388966
21082fd1a82b0a5a56222b50,1,0.470904
21273abc8ec7badbfa066676,1,0.317638
21276f76ff25dedec3457de1,0,0
212d1ada02b61d34c2c5dce4,1,0.278846
21316d8dc4dff6c79843aac1,1,0.474936
21318604895b67cae57668b7,1,0.68458
2131dd44bf9e01dd7148239d,1,0.881002
21403c0c90748d22a5f2f8c4,1,0.796134
2144610257ddbf639e4499a1,1,0.416915
21510b4a770dcbadda984e26,1,0.583797
2159e84df9b7cbc4293dfb9c,1,0.904482
216190e9375f550e245f8efc,1,0.526647
21769aad8c4d16ad78e8bad4,1,0.735452
2179293c1127623c60e21c41,1,0.834811
218fa5fcadf527ff58786d14,1,0.877791
21aaac825bd4caa63fe4c316,1,0.67405
21cf4984b5e5878f92a0265a,1,0.866585
21d3759904c7df0be3814801,1,0.8586
21e98527952625e881f75693,1,0.321993
21f0f205a36ac58beb182340,1,0.803637
21f4916349bdf99076db1c1a,1,0.304765
21fe0cee05661268f1f58dfa,1,0.739234
221038ce4545bd3f61936410,0,0
223d2d334589fea2d1c0fbec,1,0.770292
2244ea34df845393d3cdc01d,1,0.871146
225dd8501ce9961af8725474,1,0.770983
2266405b5a08b9d4c418351d,1,0.843251
2266d5f7153e00fddc59b975,1,0.878939
226922f8947c19b9917d7423,1,0.722527
22807f5c36511337945a324e,1,0.749821
228cecac72e3972bd7d81c4a,0,0
22b6f8a2db3ef957dd5a900a,0,0
22b73fe6e53009d0044f3c3b,1,0.90053
22bdae06291179c5b0e496ef,1,0.830044
22cb9ca5dfa91a6e757d6178,1,0.351645
22d34944d94888b46c61a3b8,1,0.821188
22ddb424d6b698e2de59c12f,0,0
22f07b45f108077374507b41,1,0.261519
22f911952b61b4b2f66c937d,1,0.877056
230e07a3ce8aa9c7b34dc53c,1,0.771843
230fba624cc69d9f825e56d2,1,0.778818
231288ff12e836abf2204ff3,1,0.870487
2318593509e5ff3ff622c59d,1,0.675015
2318a5f918b56adf67ae8d6e,1,0.76856
23209c5cca8d324a2b345bcf,1,0.566858
232f0cd61eee1017225826e4,1,0.793746
233657ef56ab55658c0fe1a4,0,0
234144adb901bf09d5d557ad,1,0.801315
2342c5e2ac805c5c88ec7076,1,0.644449
23517883421fa8a39fe1be84,1,0.57821
23527e3ec3ef007dcedafe98,1,0.662032
236caee2636e241cce868b5b,1,0.765593
23750c256d9216c0dbb29abc,1,0.317744
237b0a392447ec6963a04f31,1,0.898944
2390c0ceaf091a263b03f778,1,0.794544
23910c93298aa5b65bb2b95c,1,0.835349
2391144ab5605009cb06881d,1,0.588948
2399d43608a81e11a7451a0f,1,0.592667
23a83c92a62e40c3509e705d,0,0
23af80a8103a3d2db812ac2c,1,0.389895
23c59ac6e3bab92c4f63c50a,1,0.447823
23dd7bc5ba722c385b377309,1,0.766992
23ebaf6c036d5a42b195c6f7,1,0.285671
23f8610de09cd72a97e15772,1,0.462564
24025ad03b81f049cfd07463,1,0.264169
2418f131d741485407fab4ee,0,0
24321c7a7274ce9659dfd3c2,1,0.458349
2444ed0cd45af6b5523f96af,1,0.355999
24462208842ebf3c3c9cb3a6,1,0.35354
244dd970e4d2b9cb47042ff7,1,0.383988
24545842d2898b14a02f3bac,1,0.627609
246bc3e52565ed455a883f8e,1,0.826151
24805fd7bdda927c938b3dbc,1,0.826432
2481580fb20599f0726b8396,1,0.636127
24840014cf39eec88e2c593e,1,0.811676
249f826a92a2e16098de4920,1,0.445288
24ca393b085e2fd17e89789e,1,0.63861
24dd664c0a74533ba825e98b,1,0.881411
24f519c2b80690a8e2503827,0,0
25063a7cc0964f1c2f136695,1,0.33939
2506ed876defa09b12714f09,1,0.291687
251274821e0f32adfe463622,1,0.711732
2513ce0b3d3ba9c21eea7cca,1,0.791176
251ebe84c06e6d03374a54a5,0,0
252594c4bd1990a4197bfafe,1,0.835752
252e8a7278871e933bfcf3fc,0,0
253d0e480e3117baa1985238,1,0.872239
2558620d237f822776f0c509,1,0.632162
257d4432348f8cee2c5ef7ff,1,0.765243
258ab1e118175dcb06b84a0c,1,0.792625
25b311dba7835160459dcc56,1,0.755276
25b758ac9d98aa927b183ea2,1,0.837487
25b7ab29ef5ff2b6c7cc26e0,1,0.625095
25b821f9764fe8d40b212121,1,0.666931
25c4b96f6616ee5b651320a1,1,0.85022
25cc05bd2c6b6a1d6275a5c4,1,0.255715
25cc2ec49b59a06ccbc158e7,0,0
25e1128ff71992ad314d3102,1,0.853303
25e1907686b0f9c937403ed6,1,0.893123
25e81afc0170af97e3e212bf,1,0.515086
25fcd90dfc994eb8c20505cc,1,0.807612
2609716fcfc8888896e9df40,1,0.735071
26182938159213c9284b930a,1,0.781831
261bd7095925c8bcae3b0c8d,1,0.259826
261d15d67724e711d1b7d6a0,1,0.858955
261f08ae1df8611f2fcd2d05,1,0.790045
262c439dfccdf6c589e55e51,1,0.452264
26362c900457842bd1527e9d,1,0.894789
263672db92b25d387708b231,1,0.820182
2660ddb7f186dfdb097fdfb2,1,0.512776
2662e19178ae0aaa7e8f658d,1,0.806853
266976c06ed4dfce68928662,1,0.868381
266a54dc61b07b296874cc8f,1,0.687315
26923ae3815ffa175f46ab06,1,0.747616
26a9bb767322c3f429ace555,1,0.88642
26b1fd9169f0232ea390a1b4,1,0.405449
26c419936256fae8ab1f5128,1,0.447068
26d37ba0b66ebe536ba26af7,1,0.759404
26d647eba5e27db96aca9795,1,0.268174
26e1c9b30c5e6c16c914dcc7,1,0.713132
270d005e52b1349274951c32,1,0.327131
273b99d4465b669eed6e22ba,1,0.826432
2748e3e8c8e6326589c0d62d,0,0
275aeaaf8a71674b0545c8a4,1,0.753285
27670703b1ce47c46083eca8,1,0.847337
2770a17d943bf18f452939c0,1,0.889529
27784b24d9b325471e61ec5c,1,0.846324
27791dcd9f30b53844a756cd,1,0.445409
2784711ecf243d89f4a3c971,1,0.734691
278e97a881ffdb2c4623e097,1,0.774754
27921b33039d23bf8d90cb69,0,0
27989c2cd49d76cf6ef05bff,1,0.709422
2799679e0feea9f266821e0a,1,0.877267
27a5db47f2018fd85acb693c,1,0.890485
27b521b0d9c190697e509948,1,0.796451
27bdb3cbda4a1313fb888db9,1,0.874292
27c8ced55388fa703746e4b4,0,0
27ec1bb8118661ea0774cc6b,1,0.338077
27ed3c3d408402dac68ebd24,1,0.801781
27ee5906eecd964a989cfc63,1,0.763484
27ee8db40f5d45b4a8b7088e,0,0
28204f4e3f9f5bbd55b8c748,1,0.860134
287b9b00167506a83157812f,1,0.334481
288a535b47e6c89d0feea935,1,0.457591
289c44d29e89e81d11e3a365,0,0
28aa468725011b79105955f2,1,0.46952
28cafebe34c41a7fb668521d,1,0.864196
28cef87c43a72e339109cf67,1,0.540014
28d0139899f1047304496370,1,0.696268
28e08196bd1016c61e0ea008,1,0.569075
28e7856302c3bc5357215b6a,1,0.742608
28f2630d25772b00c02ebf38,1,0.885434
290321e1f8492c2a2da1ae6f,0,0
2907fd87a59d1781dfc2de50,1,0.495789
290a0c108e58d7d60a23c062,1,0.805785
291159317f2a96fc14063e3a,1,0.844409
2912984625aff68c414bd9be,0,0
2923163bcb0f6400b3723d77,1,0.893309
2924c0b944528d3f066ce1bd,1,0.799912
293e7d18835e83d1dee03061,1,0.733929
29482a9ddf9ae9adf5603fc0,1,0.632503
2952240f9dec12d10940ecec,1,0.842086
2953dec3d20bd2a61408f322,1,0.869825
29566bbec835cf9a6ccf3d3e,0,0
2969a3eb87636188f5939af8,1,0.283484
296b51ba5110ac69c0ce6251,1,0.696991
2992b1f6bc2078cc5beb7f0e,1,0.882428
2998d433e8a5c09920708e53,1,0.807916
29995b93553fa0f9d14baf2f,1,0.261519
29e1fc09d0d9414a4669b119,1,0.891055
29e9cd9de08df3db5b637dbd,1,0.76769
29f02ca898fe493731ab9e33,1,0.803637
29f09583c25636d2ca0c78bd,1,0.881411
29f498311679830f4c18324c,1,0.831691
2a16939f497e19df5d302855,1,0.707101
2a1a093f7426835d2e226f32,1,0.273671
2a31a9eef8754a504b63eb07,1,0.318909
2a5b939ae5df60e262ad13bb,1,0.865793
2a6cc061748c3e64bdc5ff30,1,0.690559
2a763f124216ccb6521d9336,1,0.612252
2a777f509147527cbcc8349e,1,0.283087
2abc4f0a78dc5e8d5b5102f5,1,0.293911
2adae3e013447f055a231d38,0,0
2af65ace8988058d574539d8,1,0.259638
2afd33a90d8e67fd5346ea5a,1,0.4622
2b0b04b7b6c344f0646d9244,1,0.344003
2b210efc08c392c25df05ddf,1,0.830869
2b27c8645f4ee83f50fc2930,1,0.50001
2b284d95a5658ecbd5023879,1,0.842604
2b29e0f762c261fa6645c5d6,1,0.691185
2b2b6994592548c4edb15c72,1,0.419826
2b3277780b0b2c56fa2cc3e5,1,0.343342
2b39b95185678b0c159fdcfb,1,0.581006
2b4065d70252d6da156f6fb0,0,0
2b51c5fba9d4b8cb91d06b04,1,0.735642
2b56a722729ad2267404351a,1,0.377082
2b5f50d70cc8ea39623eb137,1,0.655115
2b5fc7fb8a71e23fba03c2c3,1,0.677367
2b63a26b51aea0e37c5d2555,1,0.721939
2b6a7853aed6af875cc91e4d,1,0.851706
2b6efaa02f73666113c8f5c9,1,0.61757
2b92c565975ce0a62d80da17,0,0
2b97eec00974c833230347d4,1,0.873862
2b9df9b336fd2a7a15b2d8e7,1,0.257578
2bd050593812f03359947817,1,0.777469
2bd3099b20441b8e7e4120c6,1,0.368519
2bea0bfc3e027fdac6c54ac6,1,0.557725
2bee35cf4119dd258bbfc98c,1,0.847084
2bff526f32e84b283aba299c,1,0.692538
2c05aa5042a7d011e21b857e,1,0.836955
2c05ca95857756bf7e7b8750,1,0.340376
2c113afae8c5b4159d846abe,1,0.303938
2c290dd1155d9ae0946c9899,1,0.353094
2c3cbb670773093df1d0201c,1,0.884239
2c4fbaf98405c14bab7ce46e,1,0.670716
2c63314d8b1070a778b6d35e,1,0.355551
2c678c93b8fa7025970179f7,1,0.882022
2c67ebea2e51f5a605ecbc4f,1,0.785309
2c76d646bfd7780f5ceb14dc,1,0.796292
2c7e6d51f6f64087395c25e6,1,0.819893
2c7f6bc4d8fca786ccc44628,0,0
2ca13b6d24f75bdfb9cd5d51,1,0.679817
2cb30fdf70ae872698736b7c,1,0.842345
2cd3421beb42f0b0aaba06c7,1,0.93744
2cded9da9663f0bac91644e6,1,0.410815
2ce04e9264599096d801409b,1,0.657758
2ce3c53ce3de6a946e33c40d,1,0.76207
2ce5396db1156bcb3e173bd9,1,0.274838
2ce9505e1f6fb5998b042737,1,0.683736
2cebfc15deefae46c91d0149,0,0
2cf10cc924967db6ed1b055a,1,0.765944
2cf10f577e19f017330d6ef8,0,0
2cf48a5da7247bdd4036e1f5,1,0.86212
2d0f6ccd368614a75fb4eaa1,1,0.779154
2d179811673e6da3949853ce,1,0.467119
2d1f0f751bad79ab8ace8c42,1,0.318061
2d2eb57bd3e4423ea3e883e4,1,0.662032
2d359137bc4beba76aae5c86,1,0.284576
2d440ef0f5387254f6fa6c3e,1,0.85561
2d45ef6a88020aa92975d68c,1,0.677474
2d703d51fd52bd4edd1f7146,0,0
2d72f43cd91fb2b21bfe313a,1,0.631935
2d7d4f4d47eeb3d59cd47db3,1,0.275325
2dbbdfa238240bba85f0eaf0,1,0.852199
2e35a1a5015175fc5356896e,1,0.759404
2e3cc13c2d3bd7562df8c243,1,0.823612
2e64549ebf594b27b6285ec4,1,0.833596
2e65ba0e09dbb16fed5a9786,1,0.797083
2e7c37a79799c1f39787f13f,1,0.821474
2e9d259ec208e86c20a0b51b,0,0
2e9dc6ba38fdca01bde24bf1,1,0.31216
2eb625b640d9f6cdd562afe3,1,0.415966
2ebdf00e6b2b53a1ad6fef45,1,0.500847
2ebea88e29e524f4e62f639b,0,0
2ec9c4e3b8a9fd734d6e18f7,1,0.683314
2ed9f585e3dea86fbab74de3,1,0.575409
2edf01c92a4eb0343ae6ded6,1,0.743354
2edf90df7619c8478363908b,1,0.835886
2ef1f36b320bea1ee1e5f854,1,0.374562
2efe3813db1768f90b674b44,1,0.373533
2f0ebd23eed7c6abb60ac6f3,1,0.891434
2f13116826d447d1a1a56428,1,0.831964
2f1d8f10a9d82617fa2429d2,1,0.568655
2f2a5a6c75874b47098d5a4a,1,0.863737
2f4cb9f6015331aaedfd1293,1,0.534552
2f541cb151a5891e8978771f,0,0
2f548e50c00c369d2af68022,1,0.502895
2f6f4095f3f82bf6e458ee27,1,0.762247
2f754cbc84c87e121d85f9fa,1,0.366136
2f87aa49c7346bd91813fb37,0,0
2f97c17309a473335316dd26,1,0.286868
2fa2423cdac89a56d2e4d223,1,0.436742
2fa53e84aa865cbec024beb0,1,0.371593
2fa85b9cf871d08f2a3eb747,1,0.268558
2fabf4e9db9353fd5f66ac56,1,0.85183
2fadbc9ff80929dc6fed8e4d,1,0.719482
2fbfb10b6da7e8ba4950e5bd,1,0.855369
2fc3442a8acd5e82cbac5fb0,0,0
2fd9ab259cf8148d899f8a6a,1,0.411525
2fdda9e80c7eaca4ead58b27,0,0
2fef251c647943c9d817e014,1,0.840652
2ff00efd0e18ab16d5aa6d69,0,0
300488a0a42739fd5291a76f,1,0.350199
3024857d862527151455822b,1,0.334481
30267c9350245497467738a8,1,0.759582
303e3e239ce7cbc2cbde5b01,1,0.834272
304bed8df05e2feaedd5dd28,1,0.375706
307952359955e65255b27e81,1,0.917598
307c94c89c1882bb5c5e7010,1,0.413596
30a0c455397a0fad15fe4b05,1,0.531103
30c31f4df26b0c05caf8623d,1,0.807157
30c40725f3974e4b04e5fac1,1,0.581957
30f811f8b02096411532386e,1,0.825449
310f705ef5844dd85b7b2199,1,0.631367
31150d6096b238ff73cb1467,1,0.844281
311a9418a548a9f4889d64b6,1,0.258888
3124889f431b1257e740a999,1,0.502382
3127bb88ec3ea166ae6d3e14,0,0
312d2160c5ad70952b993de4,1,0.77081
3135697e8cf588bde785c66e,1,0.453262
3136a6fd4470b7c30575426d,1,0.733547
314c619de9b9ea0cc22ea496,1,0.823328
314c812684f8577a273fdcd1,1,0.722135
315a160b4cd38ff98974dfe6,1,0.866019
315c804e185a8024944d079f,1,0.817429
3175e58b8aaa30b92c77e0ed,1,0.875255
317eebbdcda099905ba08502,1,0.822046
31878dd266a146cc913bfb5f,1,0.771672
3191dcd2b767c691e9fead44,1,0.771499
3192c877a90f83aaea7f4cc5,1,0.629319
31a28b761aa06d8f872b124c,1,0.806853
31a9e70deb23dc507700ccad,1,0.83762
31c1200182bc40a0452f8939,1,0.741674
31c8654b3b6364aa9a098b4e,1,0.771843
31e33ce677e074523d5a4861,1,0.374676
31ea76b63cdc1f87cf63dac5,1,0.840128
31f23bdb3c6a8fc564d0856d,1,0.811676
320718cb71f993bc0c364151,0,0
320e162b8f02b46d0a18d569,1,0.852568
323d79b56d2436187539d3eb,1,0.766119
3261e3bd7d255935cd9e772e,1,0.644113
326b4bc47a917890419e6da3,1,0.89275
328b20a8b7b6f1d237ee4504,1,0.619529
329b9541601c1c52818f95b9,1,0.825027
329c7a60345eb52056892d0f,0,0
32a3b5bcb231b537d1de0d7d,1,0.789883
32b17ae77ac1081c231827b9,1,0.279435
32b9c212310c64bde7013c5e,1,0.520877
32ba3d9bacff7b9833a7e2d2,1,0.458561
32e64e681c3536d372177dda,0,0
32ea7b6d6f6b14d7a35d978f,0,0
32ef41a77d3050099a819e83,1,0.797241
330f10a0ed2e89351fc10b8c,1,0.332527
33199b807b3451048190767e,1,0.725162
331b2f23a567ab417ee20b90,1,0.797557
331e2b94c993ae6208063679,0,0
334c9e4e955d4415ccf984b2,1,0.407039
334cb430d8a458cdb70b187a,1,0.805479
335dfd2cdfa22cb7055ef7c8,1,0.84039
335dfe7a9703df322703fb15,1,0.28279
33a9e6470581b0c37e82cddc,0,0
33acf2b7d64a9f8f5958b971,1,0.805632
33c6f024dd59fa9aec2e7a05,1,0.849472
33d87f29b5ed344dc8440591,0,0
33e78b7667cf1acc6095026e,1,0.306735
33e7edb2d35f7171592315f6,1,0.297368
33ee21c57dc2f60684f8cfee,1,0.704973
33eefa8b573c39c8bacf06c9,1,0.315314
33facc4454ca267b1b1c9edd,1,0.464325
33fc43a07e815bdc1a74d1ca,0,0
340a6c86e7dfc0be372b6375,1,0.814348
340dd3b0fd41207b1eb4a292,1,0.889721
342f19909dfd94fa828c8412,1,0.7011
343800a1b1077f0cde35010d,1,0.5592
3439bea7950ff5a8781a71c8,0,0
343f023781347f2476ff4050,1,0.893123
34666fb0a5566f22a1704d45,1,0.772015
3471aff55009003a2c272140,1,0.264738
34727a2f2d5f991cc2b0d826,0,0
3479cd43a19e6cf0c6d68970,1,0.730674
347c3393a54df1bb2fcaf4db,1,0.367951
347d85a2f18c3c46cdbfb5bf,1,0.859664
348087b0315eb0ed4b555de0,1,0.64791
34b750d66044b04a89b1b067,0,0
34c78c54af91965c0adae189,1,0.732592
34dfd3bcaf395c2fe2b94b75,1,0.78083
350319a6040c6fa5744e6980,1,0.826011
3515147698037d42e4e5a416,1,0.803019
351bb11105f82c4b427fba20,1,0.448547
35262a24b381df268f513d50,1,0.764364
352db0c1dad910a29a9ac679,1,0.741112
353da4cfb8e762456b6ab695,1,0.849097
354312b806b8054fe1a303ab,1,0.791176
354abff08146c6392a3d4f86,1,0.847211
3551bf400e7d91cecaca73ad,1,0.412708
355adebf599d4a34e2d36847,0,0
355bb48d3224b56ff9753b3b,1,0.331336
35861a1c7780260b2d7735e9,1,0.803328
358d1dd665a505e66cf65313,1,0.87397
35a9eabdd97c3d020a72362e,1,0.861305
35c31c80364c3ce695cca264,1,0.482231
35d3bc60cfcc5712140de84c,1,0.27513
35dc9e5d0a6a42c1c900f164,1,0.829906
35ea94e6537bb5444e049cbb,1,0.693577
35fb4779d1ee546744223aed,1,0.836555
360dde017fb6ef5487793e7a,1,0.393676
362c293a1f8985f1f2dd87b4,1,0.843509
36365fcc074ec6607095d37e,1,0.83868
3638bec90700e181542dcde1,1,0.784814
3642f1f64cff6722122cd0cc,1,0.820901
36711664129adef9412f319b,0,0
36a0e84107434d7119f5791d,1,0.489725
36a649d5c2d69b1f3dfc8231,1,0.841435
36ac0eb6fc9ae8b900a4d9bd,0,0
36ac9052c08fd5815e0fe90f,1,0.347648
36b47e3b38c8032cd4105067,1,0.884639
36b5171a68c5638885c67b0f,1,0.345216
36bdf8acff829f9e2358e877,0,0
36c977da70d108a6f86d5be2,1,0.799599
36d120cd9824250234ba0fa9,1,0.878105
36d8f68ca746973f757c1065,1,0.305179
36ecf10388758082a1cce530,1,0.728459
36f6c02add7b130f487337c3,1,0.758868
36fe85a00d55134749c2f4dd,1,0.824603
3735ad6a1bba02ac20ef5b71,0,0
37479669ccbcdb68c7b25cbd,1,0.709623
374b38635c6d638fdc709a15,1,0.836955
374f4d3ffcddc13da9ee63db,1,0.493809
375f687592508921755ea60f,1,0.776792
376151418b1eb0349e94a7cd,1,0.825449
377b9c8f781f21dc7c093fba,1,0.79053
37814a60a685326824fd20cc,1,0.464385
378231f893e17422eb8865ff,1,0.718594
378f716c94715c47d291c753,1,0.416678
37a07240f44bd80270f01783,0,0
37ccdb6d62a1a9578eaf86a8,1,0.431524
37cce048e79a5ba7e051a953,1,0.860604
37dd88f177eeb12a0f01e8d7,1,0.39356
37e8331f1e70207bd1a94c5a,0,0
37fd400d65c60e649f97c1c3,1,0.811078
380df80888b3e98f6e6f7a84,1,0.84039
380f8b8af8e5923a0a50b969,1,0.834272
3812f9a6fc6fd2d17af5187d,1,0.648689
38294f5b3a58744baf140921,1,0.756897
38399db75d2f4cb671d8a7e3,1,0.376623
383ab6dc62adcf923f50a0eb,1,0.807005
385079e9b019bfd19c03fb2b,1,0.760828
389194c874c94cc60033275f,0,0
38aaba41cefabfd025112998,1,0.801315
38cdd69e01d905733b6c0ed3,1,0.470889
38dc77f5f544632ab32a0019,1,0.841044
38de99fd646cdf51b1c10f1a,1,0.678966
38fb8e23ab3beedcc0b504ca,1,0.869049
38fd6eb00c739fd3e8cfad2b,1,0.289071
391263db6fd7eb691017af9a,1,0.462837
3918a42111e96a56c689ac3d,0,0
392e6b8e6ca80be69930a0ce,1,0.424352
3935bf5572ff7f03ed4d8de5,1,0.671363
394eb7c3118447eb77ffea02,1,0.865565
39503af60822d7c0b816db73,1,0.379263
3950fd0770a87da48c108c8a,1,0.884439
3953501b9470cf1e1f00ea9b,1,0.635788
39653ae31a791fd634477250,1,0.364438
396b8a294b80de045665a7ff,1,0.835215
396bd916ff7a5495e518001e,1,0.750553
3972af40e5b675a9aea19656,1,0.554953
39763ef882cdbf0ed0812ce0,1,0.777975
3978f2cd0ae3a304f2bef847,0,0
398de88f39d8bece4dea7a88,1,0.828523
399a716bb6e5d266accdb44b,1,0.860369
399a8daa78ada9ea8ecea11a,1,0.838548
39d18ca759af00f14d0212f2,1,0.330795
39dbc1baae92bdd51832fb33,0,0
39e28b81f1605726b94bb237,1,0.891999
3a19cb2375715930ffef86cd,1,0.366136
3a27dfda0f5ae3536e188454,1,0.59796
3a286768b816c187b99e6415,1,0.492493
3a289ceea69580ca96932c9d,1,0.746693
3a3107f58d5b9198dc8ba58a,1,0.71113
3a3155fa618e583451d26888,1,0.449393
3a46e97df1ee2ba47a42ebbe,1,0.588416
3a546a0aa01b16125b4ef40a,1,0.409103
3a68bb285d578e16f9030e60,1,0.551966
3a7a1f0ca9d9aaff0f39b31e,1,0.57827
3a7cea94ed35a4af9dfbc8fd,1,0.453564
3a9fb83a7f0080d9ab0ae5da,1,0.851336
3aa16fec1dc5e9d1e53043ad,1,0.293708
3ab336f11298e7783d156819,1,0.399519
3ac42cc9118784f7de41d583,1,0.366136
3acd7e778c0471f0954cc005,1,0.753467
3adbfaa68768bd41924153b2,1,0.833866
3ade4ea89392415a116c05a5,1,0.414425
3ae1c797fbd7ef3fa87c33f6,1,0.418578
3ae5b4f8aeb0fa2741619fd4,1,0.893867
3b0144acc379f47b7fc72306,1,0.894605
3b06b1d24a5c97a89d881607,1,0.380414
3b13e1e6e7c2561a7ccff74b,1,0.639624
3b1c9be9e0d5bc635affceff,1,0.835349
3b25b9484b8216eea9ff629d,1,0.696371
3b2bac990bdd77a49e1c6462,1,0.864196
3b30d3397b3caf18299c71ec,1,0.450118
3b3f33086af7a0b95aafd7a5,1,0.435301
3b4aa907a715b00c8b5bdeac,1,0.894973
3b5151c26aa9978e6b12521e,1,0.254046
3b5f4c5095b602ec4bad37f3,1,0.639286
3b661183f5d2f8a1593dcab8,1,0.867261
3b6a9a722a0781ae9d524591,1,0.808067
3b7fd7e3e20e00100fdb3460,1,0.716715
3b89fa2118c89fc875973709,1,0.736021
3b91c4f1bb81bda86951f50c,1,0.443842
3b9b6508c7a5d2d8b0d25c8c,1,0.849472
3ba5f0ed4d277a569363746e,1,0.428054
3baebb8b16dac1ef46cfaa03,0,0
3bb92801220511a42b83ca6d,1,0.623033
3bc8c7b44cc867176daeae9c,1,0.880386
3bcf4935fb817b10c02431bb,0,0
3bd1f41fc2eb36f10f9117b5,1,0.301979
3bd53d6aa58603f041dbc73c,1,0.871912
3be1d81599bb1f8bed1a9cca,0,0
3bea55bcd1509d8b9dd52e68,1,0.810329
3c05ebe89941a0a69830085e,1,0.418994
3c0a5a25ee5c3f6fc8c340e1,1,0.765593
3c1f40b26e3b8e83562d98b5,1,0.843638
3c35d4fcb634506873603fd1,1,0.86771
3c4fa137329b177b07de467a,1,0.698741
3c555029aa0b3fd4fd2c13c1,1,0.832373
3c71a4fe94e3e254476a888e,1,0.810779
3c9208f9dda0de0038c5e372,1,0.701917
3c9847dd3a3e8d58de2a7c11,1,0.828939
3c9b23f0e2a5d1550c264395,1,0.86511
3ca6ad7c7b8eaf47bae3d5ac,0,0
3caeb9f95acb0616488b0f4d,1,0.693473
3cb985c29df41ec35fba8f89,1,0.368065
3cc05f3b7f40e2eaa8e278bf,1,0.894237
3cd2787f9d52e684bff85b66,0,0
3cd483c4f45d3012788edc5a,1,0.38445
3cd6d51bf0c3259d60968fd4,1,0.327238
3cdcc1e560d6ba6ea06ec943,1,0.293404
3cf8a13661a1662b60878585,1,0.688468
3cfdf2a7401577032a22ffd7,1,0.690246
3cffa5172c6b0c2c43c752aa,1,0.75037
3d004047df08e10495ecc173,0,0
3d012336d80e5d22899bf420,1,0.324556
3d0239b120f924837b6946e0,1,0.655115
3d15384bf4dd17287747d182,1,0.752922
3d1867ee4d4f40eaa6b26bff,1,0.807764
3d195bbfb81842dd8856c46f,1,0.478544
3d3b25ef73ae4a827e4e66f3,1,0.420778
3d56b40e6cdd45eabd0320c4,1,0.349422
3d655658d5ccc60c493201c9,1,0.708616
3d66fb5e438c93dac2e6de1d,1,0.808521
3d7312f3c5cc94a391adc124,1,0.74872
3d8203a9a71e7ded5f4cf5eb,1,0.844537
3dabf49ce359790fd7c8974a,1,0.641535
3dac1309684a3659f61645c9,1,0.873754
3db4695ba43e74667dd6d14d,1,0.814496
3db97668070992691ee4cf2d,1,0.792625
3db9ac0cb36b9ef11db2d6fc,1,0.854521
3dc62fd72adb21d8c580534d,1,0.861422
3df41964ff9b5ad00acdba29,1,0.821044
3df60fc4a7a67396c0feee51,1,0.33644
3e0fc227e118bd0bfb6129c7,1,0.874614
3e1760b7985807a99b3c456d,1,0.807612
3e327c1d392b56b06ca15215,0,0
3e34c5e0874a37c228392903,1,0.290075
3e49ff4732688e3aa1de9444,0,0
3e5289e616627d7e204b1e40,1,0.591369
3e54e0ecd5387f60e4bff6c9,1,0.881002
3e6b995cb7b60d0a83d361f5,1,0.605566
3e904036588f72d262d1a1f2,1,0.650578
3ea05a013483442790a0f078,1,0.715325
3ea26e25ff280f4e38090d21,1,0.763131
3eaa0982fa106ccb36291b85,1,0.884439
3eba92439bf4d294b7b8c45f,0,0
3ebbd2db419013b6700135bc,1,0.779993
3ed3f823f64298bfa245b1f3,1,0.474692
3ed9bb38f9e6e4c59ebceccc,0,0
3ef01a4389f5c30945a18b26,1,0.874077
3ef19d328ad0312fa7d665ad,1,0.604165
3f06c1a3788124b4ec55f4a9,1,0.816845
3f1617efd19d88f7b6c5f409,1,0.361503
3f34b85657ed7c2103738bf6,1,0.701509
3f36141ae6721890959d8e0f,1,0.850841
3f3fcde9750aaa8dbac0c238,1,0.544589
3f54b3c42891f35056c94893,1,0.753648
3f59b5cb0d3763cd43f3d858,1,0.903465
3f63196778f89981d86422cb,1,0.810028
3f8d80a124ff35f66d0c7364,1,0.489267
3f8f199c196a6d0cf46763d4,1,0.688468
3f9b870dae4148573b17b6ae,1,0.831827
3f9fed0cb12c6845e28ca02c,1,0.822046
3fa7f04e1663c4127e8b6d45,1,0.67662
3fbae747703e23b76177622c,1,0.516443
3ff4d0798aee779eb3c41d4c,1,0.899121
400a89f594414d2407e3e000,1,0.868493
4017e8288e159f50df387ebf,1,0.814348
4044e87e3a04b44267e0c050,1,0.878627
406615ac99942f7a2883cd76,1,0.421492
407fe9c5ca5c015d0610631d,1,0.844665
409172db2c93105863dfb56a,1,0.776453
409aaaa4e23b08e03f7ee159,1,0.884039
40c10b16450391814799f6c9,1,0.804713
40d693460735a7c06b74e45d,1,0.846197
40dc074bb1f7f6178b5826ce,0,0
40dd5fab0f08e70e07e3f773,0,0
40f1404acfd3379442028666,1,0.252016
40f41bb224a98dde4e4ee4ae,1,0.585101
40f437987ee8d62d01c7fbca,1,0.784814
41007cef3f45193654818858,1,0.765067
4112c24c67df52d67cd1444a,1,0.408749
411ad9a3b4cbb82a4687ffb7,1,0.73678
411cfa3bb4f2bcd5ff757489,1,0.661923
41491010a0be6a82cedeafae,1,0.844409
414e2e8ab7c4a185ef38dfb0,1,0.870927
417b722403fce180cb099075,1,0.652795
41a090d043497ce82ee5dd3a,1,0.59355
41a5a0668dc4d321f2f8ef29,1,0.374447
41b78a8d95bdf146d24cf624,1,0.78083
41c70cb6331f11f2dd5096e3,1,0.322419
41f8e9a81b10bba1808e5559,1,0.513562
41fbef0cd4b7e0488df12111,1,0.884838
41fe0da02ddd5a327babef46,1,0.70416
420b028c1cbe78590d2a2555,1,0.871256
42226438c2c749738a0d3124,1,0.413832
42269619a533a7c37079d70b,1,0.794544
423a56ced05aadd396d09edd,1,0.898589
4245be8d7742e703f8182df6,1,0.624294
4252708e70a6b48fcba96bd2,1,0.272121
42727bcd72e26a9b05a6e891,1,0.881615
4282127a580ab050454e4bc0,1,0.671686
4283465f07da23b1f148a46d,1,0.265499
4288ebd07b37e074d764a9fe,1,0.351645
4292a2d9541cc932c7c00629,0,0
42acd6dd327e5c66d20a2d32,1,0.808672
42b4c75b0903b676cb2820e4,1,0.883034
42cbb35f646734dcef79da15,1,0.363421
42f2b79c4af77003c1caa02c,1,0.868827
42f62aa15dfeeb8131b8b80b,1,0.374676
43031a2b35e0074baffd2ca1,1,0.754373
4311292adccc39b9b6ee7768,1,0.761006
431674423685641a1aac819c,1,0.862352
4336d775067eeb13b88f4e2f,1,0.435661
433beb67eccd979ed54b6950,1,0.845177
43636e112fa9cbe2c7c4b227,1,0.549943
436bd1e2bff60ff786ab5115,1,0.423935
43744991a3ee7b7869f2884c,1,0.836955
437b56cd7a564a0315cf3ca9,1,0.351756
437f869e7fde22d6fc8ce09c,1,0.861422
4397effc484f886a301d6f92,1,0.528746
43b113bf6386f1cf85d5048f,1,0.766294
43d5c66953296e3ed74bb9d3,1,0.662578
43db4034d0057a4cc678c1e2,1,0.862004
43e8a5645b3c44ff41097676,1,0.813905
441bf589e5809e6ad5a32383,0,0
441dcb9a7a8d72a06cc8ee79,1,0.543136
4428e83cf345c2983eaaeac3,1,0.478894
442cba9ec7f6e75a79603bd1,1,0.266071
4434f1a2b2588bdc82bc53a6,1,0.281998
4446ed0d7af04475f742180a,1,0.580293
445b48703fa3279b3491bcdc,1,0.284477
445c5d63d9fbea8ff06c88c2,1,0.693369
446ce0b3b23e0de95b53d0e4,1,0.462959
44811a25d8a8093f61aaf9fb,1,0.82755
4491e740e14d6e56866a516c,1,0.828523
44b23136745fa671f8b53bc0,1,0.832781
44bf425dd2ad93162131b9b5,1,0.820901
44c4b7820127bedee1afb8f6,1,0.751648
44c5244b2cb1867536995f78,0,0
44d983615555ea410ccafd6e,1,0.737158
44dbea58d736c3d0348ef8b2,1,0.565599
44f2e08f7c0c70f9905ffa4f,1,0.361277
44fd4454eda413039cac02a9,0,0
44ffe993f0658af59b605238,1,0.646683
450346f2e84f816c35dddfba,1,0.835752
4505e985860805a9e86aecde,1,0.894973
4513a7bb397d1a43c39e5728,1,0.483999
451955e9d15ff121c952d50f,1,0.869825
45343e181bdd87918a962123,0,0
453df0c6e94b68417e4d941b,1,0.883236
45456e78fb0907f8a9a11cbb,1,0.27513
45475e87b218b01d62943853,1,0.798344
4549d09f0670205568c19361,1,0.880077
4574646ef80f8adac36e8424,1,0.387516
457577cd6b7e8c939e951581,0,0
458efc71e0e0bc983e3977bb,1,0.808067
458fca694328bc4e10586339,1,0.703651
4592148c23e04614fe426852,1,0.529142
459ba0ffff5671049b58b221,0,0
45bbf613a4bbfce81e39371f,1,0.83762
45d3281aee6adb551c45ac32,1,0.440138
45df0065ae2bad870349c20d,1,0.905155
45e34b5b9454b6d62b7ee086,1,0.280912
460dc9c37466a937b6997524,1,0.568056
4611ae9b129c09b53b9e3149,1,0.858837
461677bfd625a967e6b72f2e,1,0.435781
462d08370190e70e84bb31f7,1,0.673836
4631cb5b82ace72c09d77268,1,0.819605
464f12a04030376d202c3e5b,1,0.83602
4657b9a06510b3215bc9f87f,0,0
46a2e997d5819874e6847d59,1,0.836421
46a511744097e2e92f9b86cd,1,0.805173
46d232b4a268012f2f2abe62,1,0.815673
46e1ca39b15e9984dc6c4590,1,0.893123
46e448fdfe89ae56bffaef5b,1,0.867934
46ef801c655bfbfca20fa938,0,0
46f0a62b41188afefb9963df,1,0.813016
4722827b6e0249644db1673c,1,0.814938
47243d78086aa306fa41b03e,1,0.400105
47386eef9c8c2a92cb48923c,1,0.860838
474ba85783a426b16c0ccd67,1,0.848722
47811cde72ee34380ae5133a,1,0.520115
4786b1c70449d2155be08577,0,0
47986aeb6f76c2795c17e3b7,1,0.823044
47a09f9f62bc725337444199,1,0.327238
47b1c4ce83b8ad0b8cbab34d,0,0
47c1ff4fd8b3b5e9eed89ade,1,0.808974
47d1a81eedff3088376b4400,1,0.727395
47dc1246deddd4e3f757591f,1,0.871912
47e16f509ea3f237ba8ed90b,1,0.668123
47f3704b5e6b5ce670d1b156,1,0.854399
47fda5e83ac84a9d2e736b22,1,0.831691
483231280287d9596103209f,1,0.629547
483adb3593761072ed1d011e,1,0.678753
483af579a1cbbd660890b1b8,1,0.898767
484c7624c2a91bee4df67976,1,0.289673
485793f615447700d6dfe373,1,0.828106
4868eda3d5a66fe381faeeaa,1,0.804252
4885fdfbdf2d13cf0d35c692,0,0
488b7b49319293478ab7f6f9,1,0.286968
488ee97a8c14005170022ae5,1,0.755457
488ffe4cebcba633d06883ac,1,0.436502
48abf6edfd9c4064124d855e,1,0.710226
48b2654e6fc95a706a67e4cc,1,0.665954
48bdd9d62b873fa1d064d9b3,1,0.843509
48cdb2ce384a07598067b3c3,1,0.498384
48d47aea69fd63d4178ec4a8,1,0.859664
48ec8758e99f4664d2ae741f,1,0.829906
491de73e905d1aad765553d2,1,0.746878
491dee651131a9d696b08878,1,0.852199
4939c292c9c797af2d036f07,1,0.770119
49493fbdf711b52c0019b090,1,0.351089
495864bfef7c63c7fd6da884,1,0.683102
496205025dbbd7befe50e177,1,0.398348
496585d9c7423dc4337ceea8,0,0
496717f4db1b4954644f6ab0,1,0.758153
498796f6ccf99e0e22a414fc,1,0.834407
49ba65f781433eb518031e9d,1,0.855972
49c0f02f0a8f9f6466c7a3b5,1,0.838018
49ca2f17dc2c07dd4549340a,1,0.898767
49e0cd9e86d3c169eb70e0ee,1,0.801159
49e5ae51f89be7d7f0ef7f23,1,0.617224
4a06437914518b608d4d4f7a,1,0.798815
4a1c939b2cb9c8315cfed80c,0,0
4a3edd0dcffaf43644d913bc,1,0.737347
4a4b00b576bf4ce23a59d11b,0,0
4a776d61aa5ebd9e2a9000a0,1,0.421552
4a7db8d47c23cf2535e1a42b,0,0
4a7f41274022437a80f72b7c,1,0.63307
4a9123076aeed501dd67f4c0,1,0.759582
4a9208aa8fe16555e664d47f,1,0.316581
4a998727c7044c3046166a49,1,0.704364
4aa7c388eaabe6213d9b0c48,1,0.635109
4abd3ba308b185efbb9ac6bc,1,0.453625
4ac57e33d72cc47f93515b0d,1,0.810929
4accf06c7a3798062a0ebf8f,1,0.479702
4ad3101bf1db512910c94b42,1,0.855851
4b4041929c9e0ce799fbe4c8,1,0.694095
4b59eabc1106f0d3cc0d2c3a,0,0
4b5cd3f47309de042a6ec898,1,0.52342
4b87a2b9264fa482e88fc6fa,1,0.85318
4b8e4779695cdc05cedf188b,1,0.919931
4b9af6868786c50e9fb534b1,1,0.858719
4bb373ad158509c0356e5520,1,0.776792
4bb965cf76ed25eeca558dd9,1,0.379091
4bca174ceffdb8876029e619,1,0.575946
4bd799644be79ecf2b032b73,1,0.726523
4c1f41a4a26657e3fce10df4,1,0.733356
4c1f4541bbc53f1dcecfebd2,1,0.703244
4c25d0b64b805dfcbd2b4419,0,0
4c39c865baf9f4ae4e9a5ccf,1,0.757077
4c41d407b217e202848f95af,1,0.728845
4c4cf5d84a01477b0a7fe6e3,1,0.881411
4c634bb3437d24e57b6e377d,1,0.778649
4c65425fb6aaacdd745e0d71,1,0.698741
4c7a244e7488f9ff7446fccc,1,0.840128
4c81dcaa41df171406611aa8,1,0.882022
4c8ae5a6e5439524b9410ed1,0,0
4ca6c8f9700a6af71e80b287,1,0.472121
4cc75d880825bf700bcede0f,1,0.874935
4cd0ea2343ca22d9b6a77a7c,1,0.858363
4cd4f6e5b868188a3025e31d,1,0.749637
4cdd1d7d6b5d3e6a58068505,1,0.305697
4cfdab099b3b233e006964dc,0,0
4d07b916da1201634975a025,1,0.8874
4d10d4b07bc5c17437617c8c,1,0.743541
4d1af564da45e7ab3c237f86,1,0.454109
4d1e4f623fec47afdca2b94e,1,0.28597
4d2853879e7a7fa9b8093ccc,1,0.603056
4d309a10e1469734899d461f,1,0.644113
4d33712588274d4a18b0bde2,1,0.823328
4d3b4f420aa0c58ff35c2210,1,0.899298
4d538d5e7611f332153c9fd7,1,0.852813
4d6aea8b8329e5f96dc5bedf,1,0.847842
4d6dc4df46b2c8d55791c12d,1,0.750736
4d7bd9a9f1aeeb54b6965613,1,0.882225
4d7c076d4e01e02c844e38eb,1,0.328422
4d8197afeccc326d49e47ca0,1,0.623835
4d85a1c3c280b2c64d9741e6,1,0.869825
4d892ff6f8d563b1e19058d2,1,0.721939
4d9e24e9542d7aebb9feaec0,1,0.861771
4da48926a34f4bf9d915c89d,1,0.789396
4dbd3d9b741cba0a47ab0656,1,0.253491
4dc89306c3cedb5715e4a543,1,0.629888
4dcee2818a5c5985e7dcbaf2,1,0.91626
4dd6ad17facf31c72a928c06,1,0.858837
4df394608d7b7b06be7b7be8,1,0.326164
4dfb98c7b0b997e099578a76,1,0.867373
4e077bfc8958bb52dfc521f3,1,0.815085
4e16810ac1829312027e1b52,1,0.816699
4e1d837ee0eea59d190df20e,1,0.3027
4e3d38c82a8fa477bc5f4f85,1,0.338186
4e49fb41473944145ba00fcd,1,0.410284
4e4d5a9f29e1c558b02413f9,1,0.665737
4e5aaccacbf38a76f1689345,1,0.534977
4e63a64dec9dd92798ce1e92,1,0.871912
4e6fb8e76944fb552ac750ab,1,0.394784
4e7e1fe78dbdc6dd72c8e2d1,1,0.565839
4e98f21e2008134942e58ce5,1,0.759047
4e99736f4155a7b5e4883998,1,0.253491
4e9c4bd932d5be78d34652c9,1,0.275227
4eb1b4e5415e7aa0aa055271,0,0
4ec5d0f40e685571bd8884b8,1,0.635336
4ed1f56ef62d0ababdfb1efd,0,0
4ed4687c32348511d37fbd40,1,0.694303
4ee04b18462932e741e7333a,0,0
4eeb142eec20d09defa37756,1,0.802401
4ef58af7988bef35719c641e,1,0.781164
4ef9e3e5b5fe8467662da319,1,0.497437
4f1794722bbf542b51916d88,1,0.82963
4f242cecc47e8e672550851f,1,0.328422
4f3741281af461a9ff1ab81a,1,0.905657
4f67fe77b4c006661f459de9,0,0
4f6a704ecfc92652860d4759,1,0.364099
4f741662e69950ba692195f2,1,0.841826
4f7c5c4978e94435b572b934,1,0.546163
4f95ef1286ff1caa54f222a8,0,0
4f961b2daa68791708231948,1,0.400925
4fa1c01f4a3de8c29e58a997,1,0.544499
4fa8dd71fbf504b38199e590,1,0.621311
4fdfe6848787cb4aa20c1c83,1,0.835886
4ff6a79343f5d5cb10451a08,0,0
4ff8daed2fa38a08b34ab7ed,1,0.87213
500c9cdf3d9f2f11da3565e1,1,0.821903
5012b62049253c198a169b76,1,0.388502
5013a8dcb1d19c0194680f95,1,0.829768
5014889d91b62df18d5fb930,1,0.266835
50193fffd389e6b2c7c304fc,1,0.314471
5021b85619e18563a0629ddb,1,0.808974
506202c25faa204244161025,0,0
506bb778695bf40b7b3eb5c1,1,0.254972
50774e8fdfd815482edd8ca4,1,0.826432
5077da0f04eb70ac9561c487,1,0.615955
50a6b225e20bc7ccec1ea3a3,1,0.85022
50a7750231c90760a278dbd2,1,0.257578
50ae463d13f5068722fb9882,0,0
50af6cb149df47d159a8c9ca,0,0
50d3c02c8cb0a3e01ed95931,1,0.853791
5105b5a5fa2baf51192a96ec,1,0.867485
510a7238ce4f9a8ca5e30792,0,0
51222591df19c023f3c42d84,0,0
512da9c36491732c7843cfcf,0,0
5130201c6cbd6e446e75ce4b,1,0.391871
515581f2aee3eaf73783424d,1,0.734881
5173df5cfc4ba00e1bae6a05,1,0.726717
51862ea6c29e46a9a9559381,1,0.379723
51ac3556d8b9563b29804f7b,1,0.86511
51adbaa8bbe4a3df183327b5,0,0
51aedb66e5def185421bc782,1,0.909747
51dd2b0540d636804d89c77e,1,0.813016
51f868ffea9890f78a07bff2,1,0.829906
51fe588b2b88ad4ae07cb042,1,0.274546
5239211f8bdfef6462b5c82b,1,0.852199
526cccaf27eaf4dbded6dbf5,1,0.396477
526d4cf561f09f416ff3c3e3,1,0.841044
528a97cfbdc22da5229f245e,0,0
528de7b98376114b246ba189,1,0.525978
5296cfcd613c4b2776863c8b,1,0.355216
529cdbd554126ecadd081a57,1,0.582016
52d40420431fd6cb729076ca,1,0.662469
52eb3502f2cb9fb4c7a2974b,1,0.333612
52f3e77800c4198ae417ada7,1,0.902093
5312a730a622474b8295f619,1,0.461229
531716c9c1bbe1d4fccaf745,1,0.840652
532d58435cc529ddd2ce460a,1,0.453474
534972e8ff390cfab3719b98,1,0.803174
5356d58995d111d718f51da9,0,0
5358200f7c885af86a9a8fda,1,0.272799
5369370fec173b0f245b96e7,1,0.746878
53a7782c51801bc37b08ad60,1,0.707101
53ab0296a429ac50bbdff079,1,0.906156
53bd0964a03b4f0a0f368e48,1,0.414247
53c1754d1a68f8944f7d9ba3,1,0.843895
53c1af4f0dee70cf0fb07b9c,1,0.561125
53cd2d1443b9f4089e54275f,0,0
53da2496538a71fa1c71100f,0,0
540ced9ca368201dc233ccbb,1,0.463384
541789b3b780bae973e19034,0,0
5418da28564ad99d7ecad8eb,1,0.863392
543ab07e363162c29f45ef3f,1,0.859546
5461fa1d2195bac88a0c32a1,1,0.281998
546381d0a01f62123634f495,1,0.841956
546468ffa4f519f563a08bf3,0,0
546db3adef3acdd5935db41a,1,0.820469
5472ff0bad3f773c89207b24,1,0.716814
5473b3cc86920e48df5e12e2,1,0.83602
547cb81f772ae20229629d3c,1,0.872998
549120d7f5e484f5040b1f0b,1,0.869271
54a7b3027c3d10ee2acf2f0e,1,0.882428
54aa1d28477bbe1e8915e8c7,1,0.730963
54afd2e585707294bb24cf67,1,0.250546
54b5c4fbc25d66a41eda23d4,0,0
54e080a37e28d3f55cec6d17,1,0.913677
54edfb86ab708e27fbed4582,1,0.4206
54f2f4e30299fcd4c731da34,1,0.855851
54f83e76ea5e427522d048b4,1,0.542409
5517000762fe9dcad1cfb5e8,1,0.463019
5518f9859ee06a75b130439b,0,0
5534583e8e3a7f2eaacc1bb9,0,0
553a3c5317ef4f293c6b8b8c,1,0.64512
5542244a7aef355075d8146f,0,0
555232e7ac0cc5791f3d79ae,1,0.763131
5565100c09b37bb8126a463c,1,0.738669
558db017dba65641eb306f41,0,0
5596d0b9594a2753f430a129,1,0.856453
55b6aadf08e9143c1d0d5748,1,0.874721
55cad440f6153a7dd4854a93,1,0.844024
55cd50814c56b37afca1997d,1,0.835618
55e5dcf0c23b0ccc7f7583d8,1,0.684686
5618397656ff17cd28d9fb3d,1,0.829354
5618cc0a2e88be665e66c6c0,1,0.711932
561c0721c85e32b3660b1054,0,0
562c36f3338e9a44fc86c64d,1,0.842734
56471868807abcc0e77724ae,1,0.411052
564e87b223a2d10721222f22,1,0.747247
567018896e26629f8edeabf4,1,0.661814
5679843ac5a4afa0f62925b5,1,0.752195
56a183a53e6b21be679cac30,1,0.773559
56a86910ffa4b595107285fc,1,0.736969
56b2f9334e121c7c0d365801,1,0.905322
56bf6fd5390b6857fb5df605,1,0.795181
56d43f01e9355c14adab4def,1,0.881615
56ddaeb37acdd29811091a29,1,0.613526
56e12d137334ec17e56ca20c,1,0.560253
57009e820dce29c6f7a30522,0,0
5706dfdbbebac70cd3aafde7,1,0.447128
57096991982806f03df30ea0,1,0.868827
571c652e94be8a69d1c7a328,0,0
573bc48ca5042ef16c97b874,1,0.82963
576a3a8b65907671fe4ed153,1,0.251832
576e9850daeeb2aba93b57ad,1,0.76454
579c811e6b722f40766a013b,1,0.550487
57b890dcaa218dcd2deeba0f,1,0.569314
57eda16e5e2e866096cf2104,1,0.627038
57fd70f2907c105b43cce0b4,1,0.766643
580526d2231ebc5fdeee828c,0,0
580a18b964fe047f34d5b815,1,0.748168
5811d36f75f9d89503e98a24,1,0.396828
58141ee99ead57e52a9b8c2a,1,0.624179
583f7e69955479be084c158e,0,0
5858bd2292fbec11e1d2af70,1,0.695855
585991770515d8f731c609c7,1,0.31216
586410b0fdbdb1ddd7e8afbe,1,0.808974
586892075caf5b81d245e9df,0,0
58833521b254fbb26c52dc43,1,0.810329
58bd1591e30ce1ba6451ea45,1,0.576005
58bef45b3cef6160634fde2d,1,0.788094
58d22150e0d12097a4531302,0,0
58f33f2220d7a8b325612217,1,0.323808
58f5a0893bc02d2c67a82aa4,1,0.757256
58ff56a95de5121cc6314b63,1,0.681621
5900fff5e7fd9506b70060b3,1,0.532911
592114b6b7f014a3fb096408,1,0.352759
592171af051cc9893da4d611,0,0
5935eba287566c29968847b4,1,0.465236
5939bb57c209c0ac99b3e32a,1,0.397061
593b9fcd41056afb978d1d2e,1,0.487109
5955ee3e453d26c9e642d97a,1,0.877372
5958331885a42346730b5cc0,1,0.450269
595cb7eaf4cd57d61989b545,1,0.845177
596c6c87c4be015eef9ee7e5,1,0.750918
59710abf31d6b48d2b04ca7a,1,0.858244
5983f8ae6aedb8638daef89b,1,0.697506
598c21b2cb8af16009cf8fea,0,0
5990fdaadc048ac203c52724,1,0.8321
59a202fb1ebe63311e624bcf,1,0.66628
59a753715876d186f6fffa80,1,0.271348
59bb20d1360e861707b0dd21,1,0.816991
59cda8bed835a3f56f30092e,1,0.725162
59fbd1ca12149ee25216dff2,1,0.718002
5a0386204038ad3128c890a5,0,0
5a2d1a3b070e87fe39956ac8,1,0.883034
5a2f7a6b70dbdbcca74fed3d,1,0.391813
5a53136ee0f26fc5066cb046,1,0.420124
5a6134d978099588274b69e3,1,0.793586
5a69f844c553e702244ca1ff,1,0.27474
5a7a5e473ba6dd1f98c2b698,1,0.5919
5a87a5b24a47b4e42fc3a45d,1,0.585575
5a8c4212f059c9a9d64a9d78,1,0.663342
5a9578e8ede22ea8710b6d3c,1,0.811228
5aaef4915e4aff30cbf3ab8c,1,0.55929
5ad31458b84ec6ab141e711d,1,0.784484
5adbac947d2032d5f21cec3e,1,0.721449
5adcbaf200a924541606ee8f,1,0.849722
5ae6412fe5349e51946486c4,1,0.899652
5af05cdcb6a6e7462c572337,1,0.775945
5b0c988b7e3091e84c9fd817,1,0.748352
5b188b4257c8450ccad36499,1,0.833053
5b27def70041300bf11fce4f,1,0.83128
5b3f1338f322d8b00f27f4f0,1,0.720073
5b42099a1d5e6ca57e441a4f,1,0.760828
5b48f03ac0cd26029966777c,1,0.832781
5b5d4519e7d4680828e3592e,1,0.396185
5b717c2a8616f548deae74f4,1,0.313105
5b752399ca6fa56849ae2479,1,0.839734
5b7996ec0da96a851f662471,1,0.509269
5b7c355f364a543d4e1da88a,1,0.438064
5b8f11bc4fe0fa09fd84ac77,1,0.793906
5bdcdb399d18f3b38edf870f,0,0
5becdf7abdd4926c6312c75a,1,0.905155
5bee75de48b48869d5ec88b6,1,0.805785
5bf80679a7ce25a3108ac9be,1,0.825167
5c2ccd8db0fb8758781b802d,1,0.777469
5c335a4a87c7e5f5ffae87c8,1,0.712732
5c3d829a4a6e27c58d75a3de,1,0.672547
5c52051ee2d5ca8783858712,1,0.824603
5c7c6218ccfd782a934dc6d3,0,0
5c86a076488699ac1d6050c2,1,0.490769
5c86f235092738329ae78f09,1,0.426919
5c881623feb93cbdec1dd11d,1,0.760651
5c91be6830d37e2def7996ca,1,0.847463
5c9ecab865d08a8c5d901c61,1,0.884239
5ca3745c8ae14648f9da2f2c,1,0.408749
5cad2eccea7cade6e1f5672e,1,0.778649
5cb6b55cd8766b48cda1e43a,1,0.269806
5cb8160ac767c7720ce87588,1,0.71889
5cb99f31b17fbf09ed8b7bd6,1,0.903635
5cd0becf0cf318e21f203d00,0,0
5ce8eed50ccdc06d750db877,1,0.776284
5ce8f231ee3e0516e89088d2,1,0.651244
5d1263f3ad2cca706daf6479,1,0.811676
5d2cc1c540edd48d0c0f6f65,1,0.68056
5d2fadd7170bc9b4fce4dc78,1,0.798658
5d30696d4e5a0e92a8648221,1,0.774413
5d3d8382d73fffcbf05c9f99,0,0
5d46b7db72d51c1bd2c950a9,0,0
5d471e367d6d62ab031a5314,0,0
5d5b14154b9837e17898efe9,0,0
5d65da05d1b8669789258c13,1,0.81626
5d67f136df93172d640b57d3,1,0.424949
5d682095af3b5951e6d3ed3d,1,0.346873
5d72be8824f5a767d7212ea0,1,0.851953
5d73061f4b4aa6a59abc2010,1,0.760828
5d7d38a5a2dceab8c633679a,1,0.803174
5da1ecfd3fefc79e0eccb8ae,1,0.295433
5da694c3f407a89b24cf790d,1,0.759939
5da7408a7fd3cfed1f5baedb,0,0
5da867cdc0f9ac9243587690,1,0.504398
5daa47433f7b263127b1fc21,1,0.791338
5dafbf65eb1856ea0cff1123,1,0.820469
5ddfed792836a7014c355226,1,0.415729
5de3b6fa8ca96790b20d55e5,1,0.569075
5deecf6d4808aa6b591da22a,1,0.805632
5df5b472f049903488bd8cfa,1,0.87397
5e08c1071ca54e60aee80add,1,0.838415
5e0a5cf8cdeb7d05128f0420,1,0.626238
5e10bd5149ab93f000ef302b,1,0.361165
5e1437773308a41100ff4145,1,0.835349
5e48496240fcc643d8e255c8,1,0.540348
5e792a11b3d5a39fd0311b85,1,0.68437
5e88343a0a60a9114839bbf7,1,0.775605
5eb2ec82cf30c28df25f3ba9,1,0.883034
5eb7cc7cfc666789580c2e5c,1,0.858481
5ec46fb1bb635a5a69dce0e1,1,0.779658
5ef35504bf65b367804a42de,1,0.625209
5f270070809c1751474c4a6c,1,0.710528
5f3e5be7759c91411e1df1d6,1,0.530571
5f40a4131fad4d5c5bde33ba,1,0.376165
5f696816516339fd228106d6,1,0.516946
5f81c9d07d3fdc985df52448,0,0
5f8ecd386daa722153f9e8b0,1,0.680348
5fa0a1339cf4c865212c925b,1,0.919063
5fed1fc083dd58b7c3e8896c,1,0.886027
5ff62edd360fb7c6137acf46,1,0.759582
5ff93b0d7f42876ef7c1793a,1,0.79053
601dcd5ab2a8b4330eef4e3f,0,0
6022967c67308f58bb43a351,0,0
60261a4ab5c6acfa87f383e1,1,0.839076
602d1f3087cfd8e51bc9ddd8,1,0.768733
602f44a2a161565fba2050b9,1,0.645008
606bb2ce3809bf6a1136ec6d,0,0
606f854ef70762bd77a172ad,1,0.738858
6094c8faaef9c04f6fac4ea6,1,0.736401
60ac88b072c031be3d1700ed,1,0.879458
60c94d9bc4e20619dd26c380,1,0.587529
60dce48efa46185ff4641019,1,0.800848
60dd14d400a27ca7d63a6310,1,0.305905
60e66ba30f2926b34cd714b7,1,0.693369
6102879ac78e0c8dad047b05,1,0.377311
61028d42928ea76e23a67676,1,0.714628
610b28b096ed71ce0ab57a29,1,0.876317
6117c49182bf66a068ffc5b2,1,0.318273
61239ca3142e73a68a1d3121,1,0.822332
61281abbd0987816fe7b7e89,1,0.619644
612cc6852c296c46e56d83ac,1,0.759761
6133b24ceb715eaa7d76b953,1,0.830319
61348528b8dea4ab3748ec1a,1,0.875148
613b73e6ba9595241fb99a59,1,0.407982
615435c54d3adedc8b84ad30,0,0
61673828644a72f1f03eeb1b,1,0.721645
616974ed714da6fd063090be,1,0.445077
616b9142eae50564973e2414,1,0.795022
619d326db045e2fc4aa9edba,0,0
61a58ed45a5fe8627f751b64,1,0.83128
61c023654fa77aec1b0c15c9,1,0.856812
61cebc8bb2af76c0cc365a5c,1,0.807461
61d42bd04c7b22e5099ed221,1,0.906322
61de70b8c4ee1d74bc763260,0,0
61eaa714ac99dfc0ad3aeccd,1,0.859546
61f21277c913dba692cae0b8,0,0
621541b9addc12f9117d7a78,1,0.444565
622e7ec25d443c65a7a1b828,1,0.848847
625ef1e8a8239379895585a2,1,0.331769
6298b6fd081b4dd513259f20,1,0.755637
629f55945be92fdd9605a641,1,0.848972
62a02cc7ec8cc2a120245eff,1,0.824885
62a8d5386eaf58b222db79ce,1,0.313735
62cd2d8964b7c3b1587ce8c4,1,0.772531
62dcaf524839f3e7fb95d2ac,1,0.826432
630259563e8d638982e87636,1,0.36591
631afdaf1691551a2ea15a5c,1,0.631026
632370ae668a23105d6bc58f,1,0.79053
6326cf88a29e82e73eec0cbd,1,0.782164
6331f67bfb218bc9c8d26396,1,0.404449
6349fb48ff53f31ba24cdfa3,1,0.896251
635061aef5177458ce258923,1,0.710327
63652566f706d92f931ee86b,1,0.834946
636989c44f2995002c6b7b0a,0,0
637519ed3c125f5ba260a0f4,1,0.801625
6383957b1684b2c7ab156b9f,1,0.394434
63a73e0763c15ee0826118cc,1,0.612426
63caa50a0b2c14766c83e81a,1,0.914291
63dab2132f09deed3bf0e1c9,0,0
63f453d0abe2fd40a79feb1a,1,0.68616
6404f2684cb11db6e2d935aa,1,0.720368
64091795ff905fb075cf32d5,1,0.820757
640c53150e22baa50e0aacea,1,0.816699
643476ac75c3cb9e89c23b3b,1,0.773901
643c55d7cfe0abe11aa0c482,1,0.869936
6440e98266b105923cbae8db,0,0
648489d50dbaaaedbf66ce5d,0,0
648b902c9e30dbc04f41f97b,1,0.747063
64aab171be54f6fead26530d,1,0.827828
64b35a58ecb25508e826cf95,1,0.807309
64bffbcd0405035f813fdb44,1,0.31237
64d8f154c1345bbaebea031e,1,0.794704
64ea8a44e2cd3bd6c5c5bc15,1,0.82963
64f10007c72d7391f3ee970e,1,0.80456
65177225cead65200e12228f,1,0.850841
652de18fa372508cd90ac68a,1,0.53522
652e49f493d066d88a79ba51,0,0
653495728d8db38abc951108,1,0.337968
653d4eeb9d1c33833a2332a3,1,0.264358
653f698248478e92d5638b2a,1,0.832781
654fdd1bd239cb3fab394a0d,1,0.70028
6565e362e22463ef14d26983,1,0.784484
656c2a563d1b1ba9b2cc4e0c,0,0
656c5219b873cdcd8571e62b,1,0.812272
656e4289575a1ad244baa43c,1,0.273186
658bab0d81748ad9f12c4248,1,0.332527
659107133e059b98d1ef96d2,1,0.606207
65a15e7b1e2c9bb999c341a1,1,0.255158
65a7f3b85d26345f9df7f3c8,1,0.749271
65ba94399a2151d8006aad08,1,0.871693
65d0ddde447c4019e5fef481,1,0.82347
65d24687c35a8b5af02949d5,0,0
65ec8b24608abaa43e01ec1f,1,0.558869
65f6f904f8fdd9cd9fc44a68,1,0.42668
6607881c744c79d6b5638518,0,0
66103bc34aea4de5bbd6cc3f,1,0.469079
661b703f497b57add43297d5,1,0.737914
66204fd8003c54b701cb5ffa,1,0.839076
66234773762d577b7bf3c8bb,1,0.848471
662841902a0442cc04ed2c64,1,0.423875
6628c45b1926e3387141e233,1,0.903123
662d06d7bf0d7a360a8c330a,1,0.821474
66376225fd978e566e0e4c15,1,0.760473
66794ef2cc8f5cfac68bfe75,0,0
668d8de19bfea0f84b08adff,1,0.822474
668ec1309e4d3b51c8ac9fcf,1,0.894605
668fb5536676ff8decb173e6,1,0.414958
669628913ca4d9d0ddc39dc9,1,0.6508
66a51bcced6a4da754e9a54f,1,0.723798
66b7673f20a1b4cd9e0f1d48,1,0.631026
66c4cc3f4c72a4e259800f98,1,0.724968
66cd2ab2a7c9dd16c4cdb7f6,1,0.848722
66d0a472d02cc4bcbd4f9f25,1,0.252753
66f19d1e3620ac4a0ea8ec18,1,0.75401
66fcc4ff54381defb402207f,1,0.82347
66fd7ce56b8acef1f5fd2719,1,0.671901
671c3dc1ea95b3bdca015a19,1,0.853303
673796f8cf3bee3371532059,1,0.795975
673b633c99d29a5115d992f3,1,0.308919
67809b92a998e1e7ce8f4cdb,1,0.447189
67825896d0f925bc06a016f0,1,0.717309
6785b3bbb05e19bf28b34a8f,1,0.717309
678c74325990bb22bcddabc9,1,0.647352
67b1a7228c755b63b9ad1958,1,0.705785
67ca492b2efb0c6023641701,1,0.887205
67dcb5bb1ade727cab473b04,1,0.407687
67e0e61d5ded75fdf4d34b15,0,0
67f0f4f4f5412a6b33050ed6,0,0
67f1b2fc17471c1b3be54297,1,0.790207
67f363e7dbfc909372d69b77,1,0.296349
67f3911d56bd8d4aa2e8dc0f,0,0
682c3e35c8ef995e3c22a127,1,0.521608
682c58f57961445aa3eda5da,0,0
683c45e16b2f46955dbbd57d,1,0.742235
683d19fbe23e72fb7a765f15,0,0
685abd81c4db671ddd3f988c,1,0.704262
685ef3978085b15fecc5ab99,0,0
686d3bbd16b146856a9af76a,1,0.892937
687cdfa24b1db47c3fe372fc,1,0.625095
68a00b1e1cfa9c62592e7729,1,0.818011
68a46acdde75b16e700d23e1,1,0.269326
68b88d06239c656036903e0f,1,0.534066
68bf20f709213264e1cfdf1f,1,0.672117
68c076b106ca042fa35512e8,0,0
68cb9cf96a5a44ec5d1785a6,1,0.854885
68ccf35d43085a7a302d5a39,1,0.282592
68e6b359c6701e20407977f1,1,0.848094
68ffa625344c7d3ad5463bb4,1,0.771155
69053871cd4917a3dd8fa90b,1,0.836555
690ec68380284d11d840a40d,1,0.710628
691f3698ffcd24bce0c2f5ff,1,0.259263
692da3acb35d54fb919a6c50,1,0.808521
696501af1a8c143a282fc523,1,0.906653
696a98e34fa4cfe71c742c50,0,0
698bcd84fe23c9bb6fbb09fa,0,0
69a4ec96543e5a87d341eafb,1,0.618204
69aa78fcbab3e845cde82384,1,0.834677
69c09f9c13e8613485d4aa25,1,0.288168
69c2d21faaf114b5bdbf5335,1,0.537375
69c752d2454def073ca8741a,1,0.735071
69ce7a491098dc83f59817f2,1,0.671255
69dc2ea2ece5c1384c1e828b,0,0
69df59b1437554b60154ce82,1,0.40928
69e615969442b8b72b0e1064,1,0.752922
69f2ba1e760c6f6448d292df,1,0.461411
69ff4d5c45baeabb1c640aa5,0,0
6a0867497e40d5fb65db9743,1,0.715325
6a1224b61719f8abb8878e55,1,0.83508
6a2fcb593529d53092a65dd5,0,0
6a4226798f5b210c77e43073,0,0
6a6beb7b3a78d20a04526dc9,1,0.861655
6a6d511409ca2a6a9e15c387,1,0.813016
6a961ef153c6ef9c001e2d57,0,0
6aa247c17c2c7d911de9743c,1,0.401864
6abff12497aa7d84d737e2ab,1,0.887009
6ac00ce2ac5fc0e2fbf67130,1,0.860838
6acc680b6da8edb874db0198,1,0.8288
6ad5fc5c4af8800d89e42143,1,0.852445
6af26b5a9543d759c4276e31,1,0.544438
6b06bebee1f755e00e03a8dc,1,0.54053
6b12642386228dbfa813d014,0,0
6b1a044a69934c59176099e3,1,0.771843
6b1e9941fdf81d622e54533f,1,0.793426
6b3a12e96a759471c8781299,1,0.639398
6b467c2f3b9f6acc37498575,1,0.774071
6b509782bd5b386ad3ea6946,0,0
6b554e2849d1f2fcfa5301f4,1,0.896251
6b9eb0da183861f7d902adbd,1,0.685107
6ba25eea8e728045cebdb688,1,0.322953
6ba503e63fe3816e9703e487,0,0
6bcdc722d261a21b9f9181b5,1,0.88263
6bd4f3bd4d9edc3042293975,1,0.616532
6bd5e7f16c0114efa1ad899e,1,0.353428
6bec7e099ed5896bca9de8aa,1,0.846704
6c1eec739e1c3b3a62cd3a25,1,0.765418
6c216cab694633fc86d4d169,0,0
6c282020ce899cc275eccd2b,1,0.317532
6c2c24f44fbc7d4aa8620680,1,0.871584
6c38d89596ab3ff5fff7a821,0,0
6c3d3e9078203af8d90b8528,1,0.860838
6c59c5b9433c59d34ea291fe,0,0
6c5b60ef9445c57ae2165ae6,1,0.842604
6c69e9b742b898dcf53851d8,1,0.863852
6c6a9f4022fef36030c53563,0,0
6c6f5e04e1a46e3b9db21aae,1,0.811676
6ca1277926447c8fa82b8970,1,0.852199
6ca6ab8391e7425e89066817,1,0.684475
6cac8b58d4564abc28225dc1,1,0.826011
6cb3f793fbe20799f68a7f1a,1,0.507175
6cd2a1c385302ae3c8ea929c,1,0.817866
6cdcd4d7d386a48f9681842a,1,0.401101
6cdce0f774269ba4bd05c822,1,0.508269
6cddcc1d6fd7b99d2a76af1b,1,0.447853
6ceeefc5cf0fd806b8fca5d7,1,0.334263
6d088a7832cf3d10ac313a16,1,0.290377
6d0da513ac6a8a0256228eaa,1,0.783988
6d205be80b79f1fd53b66c93,1,0.648132
6d2ffd00ff527bd5518376ef,1,0.408159
6d3be3ac890d05ab2f60b8a6,1,0.782995
6d4f32de895ebd0be00d9ff5,1,0.749637
6d5d12ac888d32bd10b01255,1,0.807157
6d6f57dba3ea6f2b04e59c65,0,0
6d838d4071de000571cfd429,1,0.794225
6d9f2d904a7c270aabde41b7,1,0.745769
6da009cbfc99bc861c7140a3,1,0.737536
6da07d3612924cb4165e544e,1,0.432962
6dcb413b9f6ca8f1b60aa329,1,0.699562
6de4050375ca84a1a0e34e08,1,0.799912
6df96d5a1b9ffad2149d2b10,0,0
6dfea7305b49b11ec0d51bcf,1,0.358802
6e17d4cbe6596bfa3a28cceb,1,0.823612
6e23b61c603e08ce6f87ffcf,1,0.572484
6e315bf2008bcd453799ba66,1,0.324663
6e33786c7bc9255389214068,1,0.787114
6e3fe0875d8e1556b5d15e95,1,0.774242
6e54b086180e1ce910006735,1,0.738669
6e776d2b9e39d538ff45ccb6,1,0.86431
6e83d33bd2dabaf30e1dad24,1,0.91383
6e8cc590a40ddc9e39b38cc3,1,0.882225
6ea21591c0b29d706d0fce14,1,0.854035
6ea7af12200825c1df04a0b4,1,0.884838
6ea88f6d16c230adaab94764,0,0
6eb22fe0ae7fa0fff236226f,1,0.512967
6eb4424d5cc558b39833e210,1,0.792464
6eb505a52a09036bb2413126,1,0.801781
6ebd67ca8aa28fcf0bb08b48,1,0.866246
6ebf65f0dde58efa12f55bfd,1,0.549822
6ec5a078b63e31e374306a2c,1,0.831554
6f04b4c24e515b070cecbdb3,1,0.864425
6f172128c888f8e79e8a4d7e,1,0.252016
6f252a2f53d15d4501de60fc,1,0.90764
6f258b501119352e81b4e08b,1,0.861655
6f2e00c7d3fdc90eb82f87c1,0,0
6f32540354e621b5e4a239ba,1,0.837885
6f3b4f0848946e76e4afb919,1,0.77081
6f50dd1f5a9c9f6ee1942f2c,1,0.306112
6f5ff832c032c9ef65e1c3b3,1,0.518241
6f8c4ef924abafeb61ad0943,1,0.344664
6fb53999e5ada30cd51f3803,1,0.838283
6fb87b1d7066d21d7ceae2cd,1,0.346984
6fc07bbb3cea52afd4ce1ad1,1,0.793586
6fddba53222e5a7bc051184e,1,0.786131
6feaf056eb876b308916896f,1,0.823328
700f9f1976cb06835454a777,1,0.792304
701bb070e93fe7aee161110b,1,0.72594
70243e5973b4259f06a9e32d,0,0
702857dbd1415b9c77a0a814,1,0.798815
70504e67c4f891811549023a,1,0.86681
706661da81c165e725116d66,1,0.796609
707462b01c474a20fbbfb73d,1,0.587825
70762874b0913e02746b2324,1,0.619471
709aa7348675ee7d75d6b205,1,0.629205
70a59ac82a3c2e40640e1d40,1,0.375821
70a6ba0dda857cc5fbf0adad,1,0.853058
70a93bdfc2e45962a07fb60c,1,0.535311
70bf7731e0910b69f66317fd,0,0
70c2a2b018651f30f86cd613,1,0.279632
70c94dfffe67c2613113e6b6,1,0.661376
70d193be0300d6de952bac4b,1,0.802556
70d7ba8516392d78279115a3,1,0.786787
70db98ecd9879bd81279db50,1,0.789234
70e57b47422cabf0bce8a4d2,1,0.866585
70e95d30a4802accbdf9f26d,1,0.813757
710eb55598327b1e892b5c26,1,0.745028
7111571f0fbe70fffe25ad81,1,0.340376
712d2ee95203bd5686ad8b23,1,0.733929
713d236a60f1faed29bbc244,1,0.891811
713d7edc7961ffa3edc3e909,1,0.496126
71686b3e13309e4688daf343,1,0.811228
716b027fbd3a0284eb7cf6b3,1,0.677047
71afc127cbdb7ed718bf0716,1,0.78083
71d3b8ea005352211605533f,1,0.364212
71e08065b5fd36f02c339e39,1,0.81538
71e5182fbb2f85d221985103,1,0.262086
71f4b6f95fe8ec6a22ebf331,1,0.255344
720bb511a32c1de474ab4184,1,0.865565
72172b0d63f9a1a89381aac0,1,0.811825
721bd8aeda1171cc6437b588,1,0.869271
723cf3fa7f7c5c17e5e091cf,1,0.764188
723e0123c611ee74a23217d2,1,0.378172
724674118366d9c9785be506,1,0.783988
724d8c721c4e9e547e19928c,1,0.404449
72614943b052f73dd131b05a,1,0.542651
726842d1d7876a512a59e19f,1,0.417687
727d3130f665c08051d02fb2,1,0.49968
727d3f68129646d062fe6f05,0,0
728915521bdbb3cbbca59906,1,0.871475
7289b375da427684d4605346,1,0.386706
72a75819e71d39a1741a24a8,1,0.392919
72ae795b6029653473736f13,0,0
72c331592a89869a17fd728b,1,0.827271
72c6634d382b0574ff162342,1,0.479336
72d06be1f54b040f80cd6888,1,0.78233
72d3d1bf94cdd8a567f098ed,0,0
72f1b1bb6fe2c329921189d7,0,0
730c98ae837b4008415ecaf0,0,0
7310f43bc56d14e1f18d7d26,0,0
7313e3c42d958f4f0ae2877a,1,0.728845
731e5b8a3068104389e509c6,1,0.372163
732dffcb09b43a1b77db6305,1,0.40251
7337561840f3c32d322e0374,1,0.785144
734d2d89b7b7b792883db6f1,1,0.876951
73546a576a57ebad204f3487,1,0.862583
737715ede96953fe13a7125a,1,0.337204
73790063d4a9c807de28e00f,1,0.821044
738c0fd595699d9384de572e,1,0.775265
738f436554c154e3173d5e15,1,0.849097
73a63c58a357f4e284425bfb,1,0.476351
73d7f5f75a36ed99f8d80591,1,0.271541
73fc009b309b795d187ff707,1,0.849347
73ff937bec83e3c6846fcd76,1,0.599895
7400e262b559c673c2122b12,0,0
740a32cf59e81609891e39e2,1,0.644337
742be1177135f2fe96158b4a,1,0.864996
7451c9bb69e42691698e7abc,1,0.671578
7461702ff584474f524831c9,1,0.745769
7463a9a66ff1a673ade00de7,0,0
74984f4cb9775ef86783f9f6,1,0.29381
74d05be8e35f0429e2f9e7c5,1,0.338405
74e17affa11f744591a516b1,1,0.679604
74f7e4feea461015451ac8ec,0,0
750ea76c9c81e149cc1c13cb,1,0.328853
751b705ca4f6022a34b8336f,1,0.646237
752233d15bcab36ec3ac5d8e,1,0.834811
7530b48e296119514af35b47,1,0.771672
753d359c7a89bfa239156768,0,0
753ee01deabe017f8a077b42,1,0.822189
75403cc6c80ff7504a2cc424,1,0.253122
7543ff4725d69beb6015396f,1,0.815233
7545f6e240c1cef59e4cc769,1,0.563438
756c355c952e8b70f85e809e,1,0.699768
75912215c07ca0f628371f45,1,0.846958
7594789353beffce15ff8ea3,1,0.867598
75ace503bc13e0a714b659e2,1,0.866923
75b5d9150b862275ee93e66c,1,0.78083
75b81fcd44ac22762e25492b,1,0.863276
75bcbae2edbff7edfe79cec3,1,0.78695
75c34e2aeeb2d0fd850a807f,1,0.63114
75c8387c0f6c0d04dea99ca1,1,0.642993
75d12e6fdb1a9008caafb602,1,0.293506
75f159c35a5714ca57074043,1,0.82963
75fbd7b4742c94dfdcb5f6ed,1,0.849722
75fbff5c17925f9539e41d79,1,0.486332
761126d9809d183f0df8fcb9,0,0
763d59a5fb86a46be6bb8c52,1,0.383988
7654f9f55835405f9cc3ab2c,1,0.728845
768ba446d51037dc7440b4e4,1,0.830869
7694b6e69b17cc2dc7a10e26,1,0.630116
76a88b1a4c1032f30e950861,1,0.740362
76ace9385836d85a225bf739,1,0.533944
76ae722ac54624599f6cd54e,1,0.580411
76b6f5320c75f5637822bd77,1,0.343012
76c8fe74ae6fec2748bc8aed,1,0.696784
76d8badb45f4ef17f97caf07,1,0.743541
76d98832c7526525ba5ed9b9,1,0.809878
770204669b0788907233d06b,1,0.639624
7708b4a8ffdcd5c7105a1f7f,1,0.522492
770d383f0e188c86ce7e26f9,1,0.858244
771362d7eeafab58a241c4f1,1,0.83346
77186ac669aad3897b4c1916,1,0.85183
772472f8a572fa7fbcf737a5,1,0.667581
772c7a2ac15ec8f6c7a91a1a,1,0.652795
7731aa0a1bd5ec7a76212edb,1,0.756897
77332335f64775e099cf52f1,1,0.292696
77388cd5256fcd62d1164e99,1,0.853425
773c74a362b1440f8dbaaad0,1,0.498977
774cb29742df2b14c66513e7,1,0.420124
77735c529074f6ba857a59d4,1,0.861072
777ecf4e39be6ad7c9b9bcae,1,0.370339
7784040aaab1f1d01681be1e,1,0.7413
7787a698742bf513fa72d3cc,1,0.727685
77923dc7efb753aebc5979b4,1,0.777469
77954d29ae3df9f8289d7fa1,1,0.88263
77a349093c19277ad7508b11,1,0.842345
77bfba5dc313f78a5040dccc,1,0.60842
77d46f27ecb3e75a1df761fa,1,0.838151
77dccd3b7839d46494315d47,1,0.825871
77e736060159a3124afb986f,1,0.373076
77f5284447d948a62e6c40e0,1,0.722625
77f59d6db27feed81dae77ce,1,0.698021
7804e00fc40fca7f0f9e2cfb,1,0.704973
78453cb162f51202b76399b8,1,0.796925
7874bddaedabfc50d8a6133e,1,0.610279
788d1638239b8ab51e47947f,1,0.784649
789f17c9b343d913a1726921,1,0.601535
78a4f0b81a3095d10e6e957b,0,0
78a5b4cb66767eebed6c5eab,1,0.398055
78a8de665af84cf75deda7e8,1,0.809878
78bcb505d399c7fff5a222eb,1,0.267791
78c643f23d68bc623851a116,1,0.674479
78d6e38a3be3a5329eb45bd5,1,0.640074
78de1f5d8e72219b50606ae3,1,0.858837
78de21baf7b1ca17bf5b1ad6,1,0.623262
78de6c12c0027fad252d864a,1,0.669637
78e13481d58284f4c7c6858e,1,0.39158
78e3d68b510ee02a69a319b2,1,0.560132
7904dd8c589f33e14e4ece16,0,0
79100c02c66899d3851b93db,1,0.405331
791fe9f5ec3f02e3e58663ca,1,0.817429
7920d55150c95b2069f9c692,1,0.624866
7924ca86a03d5cde655ba543,1,0.301259
792dd33bf828f0048f19d98b,1,0.891811
794504c4bff605c7c3312830,0,0
79497b0732489ed5717784bf,1,0.580828
795238ad98806a4222c3e608,1,0.870487
7963c0ae6cd02c9aef4d94b4,1,0.527104
7964b9096ccf72c5c4a9bc63,1,0.321034
796720bc461c74ab5cebe0cc,1,0.81946
7969787e28744f9505c58d87,1,0.808672
796a51c343bc62be22695ca5,1,0.836688
796f363374d54e3419bfbe11,1,0.836955
79763306bc02fd1035447e91,0,0
797997756396521e8af7b55f,1,0.304145
7999b180e9598b1cf0914417,1,0.351089
799eaf581983a9c8626692e6,1,0.620909
79cb767c4c39b5c8e0a196f0,1,0.884639
79cf100bf0a59ceb8688f91b,0,0
79d45cb11cfaa9f518af2324,1,0.86681
79ddac19bcdf65888a58357c,1,0.29381
79edb456557c0f321fd25dd0,1,0.66236
79fb2d50c3bce7f44011a570,1,0.742982
79fcdc0553713ddc3408bb56,1,0.925365
7a058329b79523a2737d3a14,1,0.879561
7a058aa6662e4ca3ba24f250,1,0.321993
7a100858f9aa5a16da6105b7,1,0.765769
7a15da801fbc17170c75bced,1,0.829077
7a29256a3d41bb963b7cea67,1,0.761539
7a32d48b70cc1bcb09714c57,1,0.688783
7a3306684236531eefa0a04a,1,0.470083
7a335c8e454cccf450012c01,0,0
7a3c4bc799d95e1208b6e926,1,0.863046
7a70434434a66a8030738ef1,1,0.73678
7a8d8db85eab30b76de3fc33,1,0.802091
7a955c9f175b91ea4aa41aa9,1,0.852322
7a99f7ed17de4495f53ae0e1,1,0.830732
7abb17a784f5f3581f459f64,1,0.838812
7abe7788664594535059c1ed,1,0.254602
7acb0271af0eacba94f7bd43,1,0.876529
7acb2ca2ad074b7384dccc4d,1,0.824462
7ad0911b786b0c8ea1485dd2,1,0.436382
7afddfb8259a33cda2ef9f9d,1,0.860017
7b1c9596589f113815cd9bd2,1,0.891434
7b1ddbe03b5dd1ad43254418,1,0.735262
7b23ccb8517c37fd43e86a0e,1,0.386127
7b2beaf1836c4e340ba59c06,1,0.471938
7b3b86dfdb671b06629336fa,0,0
7b47f517c562fbe0a0a8e0e4,1,0.505497
7b51e1ce9c0919a23302480b,0,0
7b6e99e31198cd9c3f864fae,1,0.924415
7b71a1b16a09a8c1bb9c1602,1,0.282988
7b72b2f52f122bc4fa6a3d4f,1,0.834677
7ba67f2983d85bd1ba254c5a,1,0.795181
7baa93b48df7cd3860c8a0ad,1,0.424472
7bb162cc5d118675857d9f6c,1,0.776114
7bc5a78531c433ee5718ee90,1,0.693161
7bccc8305657b3522f70a3c1,1,0.761893
7bd753635e1d1d1f6c272b39,1,0.820469
7bdf2fe58b9434676a28af93,1,0.926968
7bef27454cd428bf5704c95b,1,0.554832
7bfaeed29fbd278299f09432,1,0.798815
7c059c2f23e7791fa04d80ae,0,0
7c07c13bee1bb3e765541076,1,0.374791
7c104e6137a2b9b2e1eca589,1,0.785638
7c28dbbd6771c8ccbf260e84,1,0.394901
7c2ed589f924e4cae245fba1,1,0.800692
7c6493542581dd46f5d2b32a,1,0.838283
7c66937dd7c8443e5cf4dcf6,1,0.883034
7c6e3d26bc5a2e24174f82a9,1,0.826432
7c77d134e33082f5aeeb2e93,1,0.662796
7c7c4c7cffc1e8be948deb29,1,0.891434
7c7e1eba43dabc10d2807717,1,0.852076
7c9ab683e1066aaa4e810233,1,0.298389
7ca269d1438a2eddc4eba3e6,1,0.900355
7cb6a92ba647120dd6fc51cd,1,0.806091
7cbb50827a3f68b4dc9f972a,1,0.787768
7cbc65468f814113ab5c11e2,1,0.730482
7cc83ff4194c5b60042c15d0,1,0.891811
7ccc26c57ef29c00046333c9,1,0.386127
7cd132437f513af0b0e6608e,1,0.85561
7cfc7ea283da127079b7ba26,1,0.754373
7cff3f0563da12ec3c5b4add,1,0.821044
7d04405353c68a7d16cc5244,1,0.425844
7d2e59a613c7caef9eff7ed4,1,0.63409
7d325d82a337f34fc9902b15,1,0.845177
7d3dadc21249f922e93b24c7,1,0.655557
7d476c3d697fe4037d636866,1,0.345657
7d8783ccbb4af86d4b789a3d,1,0.845177
7d88c22cd24f5a50c72bd2e6,1,0.842475
7d9527d2fb0311b17ba1aff7,0,0
7d95465b2107ed20e7f93989,1,0.287968
7da16d351966f86ac59b13f1,1,0.344223
7db83bf939d43594f487cc75,1,0.730001
7dbb03cfef8ffaee63763a8d,1,0.833053
7dce8bee6f560b9af8f6d96e,1,0.272218
7ddf2f74b74f9817b8e8496c,1,0.467879
7deb685957839bfba7367e6a,1,0.78316
7deeb0c248a055b8c226c8b7,1,0.307462
7df20884622aee122a38b044,1,0.843638
7df21092c1453058652ec1fb,1,0.450541
7dfa8093c77bbc72534bc97e,1,0.903635
7e00b1b43aa3cfcfdb437ed2,1,0.81772
7e092dcf61a05dabe31506d0,1,0.430207
7e3ca4f572e8c4985f635171,1,0.79053
7e4eb34db4b99436650693f7,1,0.80837
7e6a1461a541649335c62266,1,0.571647
7e7a8af607bd81bc6c1a2f3f,1,0.305905
7e85a2bc24945239ce8798ff,1,0.798972
7e8e37879b8a691c8e16c7e7,1,0.799599
7e928a1d80fec9216845f703,1,0.784319
7eaa41e21ae45cf1f18cc479,1,0.50904
7eaaf455691fbb5917d2b7cb,1,0.85022
7ead40ca56366d765592e46f,1,0.907804
7eaecf768979f95efde994a6,1,0.785638
7ed003affd9aace6b2a3ef96,1,0.766818
7ed1c72f9fa561ff5012e729,1,0.765593
7ed8abb02b3b8b3ab8320dd6,0,0
7ed8f676a7b647c9c12b62b5,1,0.268174
7ee1318c0d691a5baa4c2cf1,1,0.440168
7f081456ae8d5f4248934596,0,0
7f326a1f0b756d52758b13af,1,0.449695
7f354083e7ef76fbf67280f6,1,0.800224
7f640dee5c69c95ae426c3de,1,0.6705
7f6a677b7a402c5e2f8f09cd,1,0.482444
7f7baec0b6f8d674bbde5c84,1,0.493866
7f8b3811c6e5021381a9ba5a,1,0.507858
7fa5793379e72a125eb9ad63,1,0.256832
7fa97f172e5933a91233d5de,0,0
7fab62110f188845a775bf6d,1,0.765944
7fb64f134e832d17598d5a91,1,0.829216
7fb88a4ce00c3f3c4ce22186,1,0.84556
7fb8f41ed5ad18ed6d6240d4,1,0.301876
7fcc4d9b8166d1ea936482d6,1,0.852445
7fd42e8a4e62aec342d7a1a3,1,0.442576
7fdfc4f7e8f70673f97a85df,1,0.853913
8013810eb58056b553ada2b7,1,0.753285
8026297bd642a413feffdc46,1,0.894605
8045055c4c205051c9b97ed3,1,0.681409
80450bad450eb10b80a7d282,0,0
8059e6438d2b12ef7f999ab6,1,0.841435
806ea65e90c650712bae6f84,1,0.862004
807597dc8b38e062839568a9,1,0.866472
80785c680b28e8b8b3531520,1,0.896976
80912073d9143058c7957449,1,0.882022
80c193ffda2df360fdf717fe,1,0.334155
80c50445fbd4c53219a3250a,1,0.772015
80d2286a14389180103cf9ac,1,0.787931
80d53ee60f4d3bfb74311ccf,1,0.877161
80d78d66924ca45fd2da777c,1,0.794863
80dd540ea0876db8bd93bf90,1,0.866359
80e70294c42f0790748cec71,1,0.377426
80f99fd0e0bc982e6d9591a4,1,0.507247
81180b52a564e0db962d4321,1,0.860252
811dc70df67eb858f7dc5de4,1,0.770292
8133c0163e9298eca8cd799f,1,0.406214
815e19ba2d16e6293e4daa87,1,0.742608
816c928e9fee005b0bdad1c7,1,0.875681
817b9c30b0789cbc2289d6dc,0,0
8182293cb8a56b51d0b97986,1,0.881002
81855f096699622000feec72,1,0.750004
818db1644216a53175794d4e,0,0
8199587f19fb0b33c851b953,1,0.717903
819a73d193b7226a83da3bd2,1,0.901227
81a1fb29741e2d723a708e4b,1,0.511839
81e6e6c79d352f91cd7741d4,1,0.804098
81e736d8ce00b3048c289e41,1,0.387169
81ea13c20c217e53f7adc2ce,0,0
820080efa65481d1a4e14668,1,0.323166
8206f29218d0a74fbd3e2656,1,0.432063
820c91f62eb95a84c15d5b76,1,0.475864
8212a4afa1675ebd4faa414e,1,0.690455
821ffcefe857c5ba441cafbe,0,0
822ab4449df455b7756ac558,1,0.841696
822e9aef89ec3f19cbae91cb,0,0
8258365b36f292cabbb42eac,1,0.448849
825f712c0eab1be443d8ff78,1,0.514896
82659f0a959dc0f3ae5e6a91,1,0.813164
826b1689a78553c01a19cc3b,1,0.884639
827bcbc61177210eedb1befe,1,0.850469
827eddb397a5fb387886c7f9,1,0.685529
82899beb9ed6e573e07d002b,1,0.457743
829b576660657484cfd15cdf,1,0.857052
82a7ffa1d41090b6cb57d2de,0,0
82bb19c02b3beb4b464984c2,1,0.657758
82cfe54b6d051afe09e1900a,1,0.605333
82e8b47868da12d14d79bd2f,1,0.81582
8329af21d064133177a29521,1,0.834137
832cf5e39ec7d069d22a24ce,1,0.472562
833c961c4a7e58a1e88d1c5e,1,0.689096
8340ff50370fb4059eaa270a,1,0.776792
83486c118cb802b2ed0fb601,1,0.398992
835fd072f632740b069474ec,1,0.848972
8376e7caac8cb2c45904ef0f,1,0.581897
837dae923b3d347273a8627a,1,0.410106
8392f4e5961ff0ecf231776d,1,0.822759
83aba5a76b45db9be27ade9e,1,0.659624
83b4d6ce3a242e00c4e86af7,1,0.851706
83b984aa7e2ba2215bef76a1,1,0.886224
83d4f841fc8ebaa9dfb035b2,1,0.399929
83db129543dcac14922262f9,1,0.275519
83ee09e168a04fee6843820b,1,0.471467
83f6010807566b9029b9498f,1,0.770983
8432eaefe0400734f1dec2f2,1,0.422266
843a7a38baeab0d393403e97,1,0.584745
84606191828adf298adb3026,1,0.620852
846c0dfa83621824b9853d58,1,0.805938
846cd34b658dbc8fa9f2b196,1,0.638046
846fa65874aa91320c07c270,1,0.774583
846faaef98662820634dbfe2,1,0.830319
8481bbfcf179385afa7b2c56,1,0.695752
8487e7c3a5b04a9ca3d67e50,1,0.71413
84918f4527245c13968ca4ee,1,0.481408
8493780cdbb4d2a26dd567ff,1,0.86293
84957cb7dcf7e2121c83e034,1,0.590366
84a1f37ee4801a269dbf108b,0,0
84bb728a6cd5e311fe81ee36,1,0.868938
84bcc72ea5ff1fa813baaf29,1,0.919063
84d9e1ed60b7bc91347e9d54,1,0.70069
84db2062db41462455d507a9,1,0.443842
84dbc0d4d2029e7cd50acfeb,1,0.264358
84dc844b0cca79dd22eca662,1,0.750736
84eaf2b3b923c91dee5b4f6a,1,0.62395
8517dd6e9145c05d732562fd,1,0.367724
851d7c259fbebdedab0a2c05,1,0.784649
852454cfb0f3395c18624013,1,0.88263
852b00a70b58819eaff70fb3,1,0.491616
85393d82a65929b11ae4e8e5,1,0.542045
85398f6034ea0612b233b8d5,1,0.853791
853e46785909fb6d9aaa1709,1,0.368633
85482ab53cbd1136acda4e21,0,0
857ef7236d1eea78f869a47f,1,0.5769
858df47970fb559ea198c146,1,0.810329
8591c7603f5190d595b10498,1,0.838283
859d57875d347d439a25fdb5,1,0.429908
85a35be7d5cfff60cdac4669,1,0.594021
85a6611cde7179f49b6af85a,1,0.819749
85aeb715bd11d8a250ef1da2,1,0.499045
85c4d41e6471d379d9418284,1,0.740174
85c5c0ce835fb7e8dbe82546,1,0.252016
85e2aa84ec02dc6aaa5113fe,1,0.286868
85f831832deb01f421722377,1,0.927757
86037e56444f8df1d226ae5e,1,0.670932
860838826d3a1bf7f23da772,1,0.489519
8615c050f11e3c2bcedd90a0,1,0.657428
86240906b806b4934669bd5f,1,0.887984
8625a57d1e10330588b12c46,1,0.645902
865a1a6df3766fbeb2c9fa1b,1,0.791499
8660d63c4ceaf24fe333f775,1,0.843251
868868aa8ff41bc4333659a5,0,0
868de7879eb87f096dce0291,1,0.477265
8697f40b8a603d8988a6c5ae,1,0.881411
86c529e9fee4a2504bdf34ea,1,0.70202
86d8ce03b835e9ef246a78c4,1,0.651687
86e252b1245bc065f56e883b,0,0
8717597e658d7e3a25319bb5,1,0.594904
87184d6ccfd06ed2ffd8ca4d,0,0
8725d3aa6b17009cb5b70927,1,0.796134
8728de74d385c9e75dd01a02,0,0
874a98e25ef3667b96822932,1,0.704465
875df334add041a63a1f24b4,1,0.25128
879113a1329d2bb64dc7ff14,0,0
8797c50e0ffa0e56c8c2de31,1,0.41182
87ab34468458f01e2387633c,1,0.34632
87b24b8a67144498d183d73d,1,0.531331
87b8d4978b5dcc35edeef8a7,1,0.785802
87d5d8af414d31ed1fccef1a,1,0.925903
87d6f14839ff70206f4640b7,1,0.843509
87d83116a80a735681feb4d4,0,0
87d8558ba8d69c5c62869609,1,0.53089
87e711790ad6be7fca3cd104,1,0.60935
87ec97021d3c51c8fea796da,0,0
87fe117e1aa84c1aa1dadfa5,0,0
8802a5cc6fcca86b4612a233,1,0.694199
880df12a6a0625862b777c56,1,0.834811
8814680c9cf55f9f2f9c0ed0,1,0.296552
881edb55a73397aecf23230e,0,0
882c36459bcdbf672ca0c6ce,1,0.760117
8835bccf531ef0fab90aab02,1,0.871365
8859e251bf0919ef83f858d0,1,0.809427
8861e69b84ecbf546e5979d6,0,0
886584b39769ed56a760f272,1,0.777131
8878209cef3ce9d869b77c94,1,0.475986
888bbeb8a0d949ea356fceb0,1,0.694924
888caf1217061fca0aed9244,1,0.834677
8891526ffa60e6b81b0c50d6,1,0.847211
88931b245b39f662c1e4610d,1,0.398172
88993e91f3e22447e163028f,1,0.670608
889ac09b16776e677a6912ae,1,0.889337
889dde0d235f14cee4a7e1c5,1,0.335242
88ac7e0e7f35d30d5e4f0f2f,1,0.678966
88af436615244ad950307cfd,0,0
88b5559de58e8130a9b7bad0,1,0.31944
88e6b62aa5daa73935a10ba9,1,0.400925
88f3ac8130e0b1fa4ac71d3e,1,0.345878
88fb021c26a7214e3cbcf5d5,1,0.800692
8901dcb9fb8edaa8abbacdd6,1,0.802401
891cf30b057128b98909aecd,1,0.3863
8930d269e81c1268cdcc3224,1,0.854278
894783e844476e1af1238b29,1,0.281801
898854388b848454f79689f6,1,0.836688
89908dd62d13f81335cd65fe,1,0.251096
89958431ad0a05beb5acefc3,1,0.870157
8996180d55c4f6e1efe24593,1,0.288268
899e136f0a626b098b52d77e,1,0.842345
89a12ff65b5e9e1583107f3d,0,0
89aee7f8b4cb8a37d47cd957,1,0.812123
89f508948073af6e66a22fe7,1,0.724383
8a032ae10fd21588cfaa1055,1,0.504295
8a10d226bc075e53b28fa093,1,0.767864
8a18105f22fb09d795ecaf7e,1,0.668664
8a184eef63ceffb5dc441a24,1,0.662469
8a3687703d0459d0ffff3374,1,0.661595
8a5f2d6e679ef04c39fd15e1,1,0.444113
8a64a19f31d292ae2e26c384,1,0.886813
8a6e16e04784f79fe8a400d4,1,0.877056
8a7400bb8479467fa239c73d,1,0.470128
8a761b200a14fc310a3278af,0,0
8a76fd27c97e74e2105a7b43,1,0.699049
8a84dfaac0b05180d5a206af,1,0.829906
8a88c391942a4539a51ceb9a,1,0.836688
8abb03911d648d3ad7a12af0,1,0.88642
8acba552e517180e6b961db2,1,0.719482
8adcd0e767479f4d52ddfc5b,0,0
8afcdbe2d614d23764a41739,1,0.640523
8b2fa14da282a5924693fd95,1,0.458955
8b572129d28bdb188e156e23,0,0
8b797a3c9732e3760a0f5aac,1,0.602588
8b7e89cfeb54086ee0df9bbf,1,0.533215
8b878d2251cae931ebbf3e2f,1,0.717309
8bccef793a3a2294a7012f5f,1,0.550698
8bd77c75b61b037820e4f5a1,1,0.754734
8c01ad4df74d5cd23d7b7d3e,1,0.499036
8c072cf2b45d2a96a5b52ab3,1,0.805173
8c09ac818e698505f8df255e,1,0.875999
8c19326158590dd69074485d,1,0.814201
8c1c60aeb434d82301c05629,1,0.660391
8c1e1d0767fe086c23c7500d,1,0.780997
8c1e23954759d691ffa44e52,1,0.865906
8c2802e3e0bd851037161f06,1,0.800848
8c408b5a43ac27e326709d88,0,0
8c459bd0d48ea4141df06c87,1,0.809577
8c4793e68ac4b4f0f68cae9d,1,0.75401
8c63738593d21b10acb32c1e,1,0.785638
8c6b6620163cfb8f73be09d4,1,0.364438
8c81af20b4b41456ad721ca0,1,0.747432
8c8c371ad20286bfc5f66b8b,1,0.724968
8ca9618eb10be27225f45fea,1,0.830044
8cb17bcd333c8d479faf842a,1,0.684264
8cdab8858de1a3ab9c6ae303,1,0.485074
8cf63d0b15d7d38fecc286b0,1,0.757256
8cffff906b1c2f67f5fbbcfa,0,0
8d1a4a2e6ae008d99212103e,1,0.743354
8d37d070a40013fada78ed58,1,0.397412
8d3d389ce0289188104790e6,1,0.858837
8d460dcd9d995c61a9017d2a,1,0.811527
8d4e07f8e122a50b464e70e1,1,0.848219
8d6361f1cbf80a827b209540,1,0.734501
8d8192a7141bc45d755bd43d,0,0
8d8245d5e02e4774db0acb70,1,0.46035
8da7dbaba13d1feb11815210,1,0.902952
8db8d0d84b6cdd5480616f09,1,0.848722
8dcbe7b0170f55279b7ffa55,1,0.787768
8dd0f1939df9d9b616c73801,1,0.570989
8e00b2fd37a6dc14557f7edc,1,0.800536
8e07102f69851bfbd7242800,1,0.366476
8e0c33a26550c8da98fa2c69,0,0
8e19e62e267db429b1f0b838,1,0.830181
8e3dffef596b724de06853ce,1,0.888178
8e58c157e4a82674f28ca16e,1,0.689619
8e67a954c75f2500318aeb97,1,0.869936
8e7a910adb39c61ecfc18108,1,0.832781
8e83db65aef27a0e769da4a3,1,0.523512
8e90c84fdf7b26b04484c987,0,0
8e978dbe208798e946c3cb2d,0,0
8eac0dba5493f12f645d0dbe,0,0
8ec7086a0d7461d339bbb73c,1,0.420481
8ecb592c95ed0d12aa436934,1,0.864654
8ecbe86046982c6c6e292dba,1,0.697403
8ece9a2dc32df13587b272a0,1,0.850469
8ed2fd796a16b44a294564a9,0,0
8edbfcce9b7b63ca76ec0657,0,0
8f067d7a3db5b9d3f607d46d,1,0.577317
8f075fc39157e07feee4e49c,1,0.622574
8f1dbbb4ff02e4b4101b20d5,1,0.894052
8f28adb3e7343f2d944c4318,0,0
8f3a29c13c46d3e30d950388,1,0.700383
8f402b71e259f8ef52c85042,1,0.539105
8f48df7b997975c8f4583e0c,1,0.66072
8f6a23f77c2980c8faa23994,1,0.765593
8f6e006bdedf5a9e344febe3,1,0.83602
8f6eaa0b335ca64f1ca25429,1,0.798187
8f853a2f5c4d1805c1791e88,1,0.715325
8f94ba40af4d2026815157c6,1,0.881002
8fa626e9707118528696f2b3,1,0.839339
8fac61f4c307e96bd35e95e1,1,0.889529
8fbaf5930733582337dcbd00,1,0.892375
8fe73a000804877d02f255f4,1,0.437824
8fee813f5617246ca6b5bf6c,1,0.862352
8ff10154d1972dac75b22178,0,0
8ff5996b5d5df5c70b8c0f99,1,0.797557
8ff59c7040f759165fc51bcc,1,0.854885
8ff5b4525fc07cff55eb1e79,1,0.49806
8ff8b1bc53c7add6dccdbcd5,1,0.745954
8ff8e6a07ba613a9b6cd23fa,0,0
8ff96d357f97ff10b95cfdf8,0,0
9003601c0d31767394b685a4,1,0.838018
901a7c775466ab442ca9e531,0,0
901ef63f4d8515531406f90d,1,0.38145
9044e8eec1c9944f8f7716f9,1,0.529583
904fdccc7660abdf85a2487c,0,0
9051f7d7f70e864c58612311,1,0.892187
90706addc3b2b876859958e1,0,0
907fc4c32599031a7ab71187,1,0.879043
909ce560359db455b2d92774,1,0.331012
90a12607557754b8f8b4b99e,1,0.773216
90c5f9446d245d3aaa98a759,0,0
90f3d771829581d1740227c7,1,0.732018
91014dc8d7800a3148328f70,1,0.759939
911916b55a5bf6b036c2cda0,0,0
911a571fd4d6d731b339e395,1,0.896976
911a924419000cb07b3fcb43,1,0.839208
911f9f779829f2858a0bce1a,0,0
9121921c1ac306fa9f57e6af,1,0.781164
9130b77bb9ebf9c51addcf94,1,0.700383
91335d07c9ca94f740b001e7,1,0.308294
9171b06e3f8044792c51471e,1,0.737158
919ea1c7f34348ed7b9b5ac2,1,0.844024
919f1c972aa7a9883b6f99c5,1,0.604807
91c859c73e6a93c8f72cc358,1,0.846451
91cee3e4ea018ea3abd24ae3,1,0.685634
91d7089b3aeca26f7ca99dab,1,0.807916
91f1857c767c98f2c4580268,1,0.447551
91f856f46deecd22464287e1,1,0.831827
9202df433e151aab317ebbc8,1,0.294215
92071d330a590fb227f3c743,1,0.729038
922d13525ef813723488af32,1,0.802246
926c2fbeeefac57046bb751c,1,0.444143
927033e0173afec67bd6e872,1,0.402392
927b4fc9d41585f1e55c0a81,1,0.686685
9287ec8ec4ef205dd246bf75,1,0.83346
928967fb65d90b9cefd45874,1,0.754915
9296552eefb70fe85eeb45a1,1,0.855972
92aafc65140304ee0be2d92a,1,0.643105
92c98cd748447eb51e3e6e4e,1,0.778649
92d71deda82f2e4c26124788,1,0.719679
92dbc198f77a22b0c22dff2b,1,0.813461
92e9eff2f0c50bc3b430ae89,1,0.497078
92f22b554bd605aa7edd7b5c,1,0.871365
93382d58150419812130d1d7,1,0.872673
933e29b5165bfda10d06d71f,1,0.820757
9344540bce5373dee0290ef1,1,0.830594
9351a48cce4465ca5dbefa98,1,0.42937
93525e0f9a1f7f4699a02f83,1,0.866698
9352c114654ace2b535cea72,1,0.36659
93579995727a2eeeb4608401,0,0
937ed8e5dac54f64aced2819,1,0.890485
9399ec70589d91bdb762bbfd,1,0.779322
93aaabd328efc4ed5c235af3,1,0.764892
93ac835777c7e5e5aefb50b2,1,0.797241
93baa6829a941a6e68096d79,1,0.516504
93bb4ee45ea672c2f540f6d2,0,0
93c3969b150266deb902cd8b,1,0.853547
93d80d882a83a3d5af20c403,1,0.864539
93e39d13024f0c9434eab320,1,0.920932
93eee368aa034154a9885821,1,0.708818
93f4761261e93bfd9cc6987b,1,0.845177
941eb6a4db9a0223bb196391,1,0.452445
943e86419ffeac6aa61dc3d1,0,0
9456abce69b98cbbbc2a6220,1,0.838812
94731f1958ad4f29dad92bfe,1,0.817429
9489818717f63dc5e72613bf,1,0.417865
948c66e41151253fa02983c9,1,0.893123
9491819c76c34348344d177c,1,0.797714
9494bf6543ac1186541fd950,1,0.873754
94b8248766480942eb94adc2,1,0.813609
94e59fe6458847374b32729f,1,0.811676
94e7b8c719f0b298269b0b0c,1,0.80456
94ee325ef8343c9db114d3f7,1,0.376738
94ef93ce4be3a1f1656c9af6,1,0.692122
95061a7ebf7476da72bbf60a,1,0.665628
95191e96b780e1657a81cb69,1,0.897695
9568bbd1772c477655131a4b,1,0.713831
956a60da0ad3ebcae24509c1,1,0.370225
95957fe6285b257ef6ab422e,1,0.58059
95b84a6dec037ad3e8f5e0d7,0,0
95b9095b2c028d91bb3b5e86,1,0.714329
95c08ac89f71395048506052,0,0
95c91cf9665c27ba714f1006,0,0
95caef658fed73bda5af04c4,1,0.690872
95e1e412cc630ff273dce553,1,0.343782
95e7a6b1e9c1d1cc866ec734,1,0.640411
95f133d5df2781bf8df7e870,1,0.275617
95fb2fabe6a6251f939583ba,1,0.879147
9604945e6f3c452ae7d5a50d,1,0.714329
960800968598c0745a4daf19,1,0.816845
960b1278af23f8af98394a59,1,0.753285
961a089e4a41aa33a5c7fb3d,1,0.865452
961d8d8d26b55b558f26d9ce,1,0.2522
961e7422b4b5872c4a340c34,1,0.733356
962515d99cb7ba7534e60960,0,0
962cbc0dfe665112e228fd8d,1,0.823186
9650cdc5df94add55696d60a,1,0.505565
9655fb0f45832e423ffb1137,1,0.764716
96dd1065fc4b8f70fd53dc39,1,0.563138
96e544364b08549c84f29963,1,0.903465
96fdc4fe68bf160e7e37d369,1,0.835484
97215d3c9c4c3c46281bba25,1,0.896614
97220caa12602e686d3d2470,1,0.709824
972969441bbdd9ae7b5633d2,1,0.901921
975bb6fa2dea522ee8295ee6,1,0.723114
97638c33942f5d5cb27306d9,1,0.408985
976fdf7f22e300ca9ed0625f,1,0.847211
977ba27b7d1cb40d6198ab2f,1,0.730482
9799006af95b8fc30eef2161,1,0.786295
97bdf1f95613d1cffb26b167,1,0.854763
97c1cc510d35e86256a27d87,1,0.289071
97d13cf667ec522b1da7d629,1,0.71113
97da39db642d9a50c65ea635,1,0.860838
98128c34845e0f8619fd58f2,1,0.769946
98171b21a53f3c06f075d57e,0,0
9822625e4c486af71d616f29,1,0.883638
9836c206bc3e0d472f2d791d,1,0.771843
983bdff086319aca6ef05373,1,0.845815
984910eb41eaa6af10fb28d4,1,0.85753
9851cac1712be27131aa6b15,1,0.879665
985bcaadcff7d0f953cfabee,1,0.758511
9862dae29a709df0f4089eab,1,0.577615
986cb20fcaeb9d77078d8b48,0,0
986cebe6ea5bf928bcd187e8,1,0.461411
9875dc94cf48e257f2c1630e,1,0.42185
98772fa0826bc58573ff0242,1,0.739046
98777320d73f5d904f7d8227,1,0.834002
9885fdaa9438164fdf84c8c9,0,0
98940ff617aad209e10b1d90,1,0.751101
98a5e10bdcfec24ce7ef633b,1,0.871365
98c351520bb02ad768ea0971,1,0.857649
98d750cfa7fecf9bcd926485,1,0.662687
98e9007f361da9e206105096,1,0.81772
99034d79d4430f7ebe1e5828,1,0.87397
992a2be60df9416ec3e4a88c,0,0
9939cca34af6b569914a7687,1,0.640523
994530b45ce02e65d53e485a,1,0.856092
9961d54b327be9a11bddf76c,1,0.533367
9975afdac6532e14559e0231,1,0.782164
99979c94f7136933fff451bb,1,0.809577
99a6e1789903b4681f7c8ff8,1,0.728555
99bf950a72a3fa383afa5d1e,0,0
99d939dd4efefc385752d1f8,1,0.669313
99e84e4c9cfa800208fc212e,1,0.651798
99f4ff701174440e67ba2a77,1,0.581838
9a096b2578c0a69de72263ee,1,0.878523
9a1055681f46b12fbbd1c1a7,1,0.710628
9a148787fcd9e3d9716f6f87,1,0.273963
9a1b8c6db87a9807a2ee3266,1,0.834002
9a353b1c82ad9a5c572552e0,1,0.26971
9a35fbb1324d80abac3e9e31,1,0.348645
9a3b07b88825a37a940afd76,1,0.853425
9a4a61403719e1f0f0d47309,1,0.837885
9a4ce2b2a04914142850bd47,1,0.930836
9a59b6e58228cb1a95b881bb,0,0
9a7150fb6113e9302c331d2e,1,0.80837
9a7d90fe7b9ed6c11c90c2ca,1,0.414721
9a804d7b274ec7e134d932df,1,0.907476
9a8258d3206568426d3a5589,0,0
9a9a6794a5c3a4df7d220d0e,1,0.779154
9aa0acd3be427f71b0e62955,1,0.875893
9ab3d8b1c0edb4a5496f3b98,1,0.306942
9aba2075fcc042d6010c23e1,1,0.36659
9af545c955ba9453047bf576,1,0.273769
9b1aa928bba1866f03e20331,1,0.866923
9b325ad23822a2fa4226fbba,1,0.761893
9b54c05d65ec311f472e4af2,1,0.729038
9b624d107abe80272128079b,1,0.585042
9b6fa96ea47917b61594b866,1,0.685213
9b780c1c9257a028e754101c,1,0.834272
9b7aa515916eb3505a4df299,0,0
9b91ae22acda3d303815e9af,1,0.276007
9ba5cd97cef83dc6933e772a,1,0.875468
9bb1a487cbc2873f0cdee5a9,1,0.841174
9bc52c9146506832089d6e66,1,0.72086
9bdcb5cd6ca252c34948c130,1,0.697609
9bed55e4e08c53a98b9a3a68,1,0.845433
9c0c61f94fa92d7f440328b1,0,0
9c0dd43d2ca48f9411df6ac8,1,0.874292
9c14e17bfd64186be87a480b,0,0
9c17f1e253cfd5db5ffcc6c3,0,0
9c186da9560e602f8ae95ff6,1,0.326594
9c189277ab186e1585f1082d,1,0.366703
9c2efa9fb836110722368d26,1,0.292393
9c42497b16e83f17741d7d19,1,0.42185
9c5de60913f00f48e4ce9915,1,0.832237
9c648e978adaebac2954c0ee,1,0.684686
9c6fca677a67e26e84d46839,1,0.875893
9c9b56d3cdee55736fb76324,1,0.755457
9c9d93c71e35aa963e4e33fb,1,0.465965
9ca000944a40fb5e7b12674f,1,0.398523
9cb71b01be87470012785e49,0,0
9ccc30496226aa885138b5ed,1,0.773901
9cd5de1063c5b5d759720d2c,1,0.864539
9ce6390bc0f51abea16a569f,1,0.790045
9ce823d75b8cf2f51d390f4b,1,0.398465
9cf4d0fcc36063ee35c52d87,1,0.753829
9d040ef3917fb210470006ed,1,0.863276
9d15943618744878306fbb68,1,0.274351
9d15a314b34b74f4fef63233,1,0.811078
9d431ff21e65344c720d833e,1,0.432723
9d432a6d45f935a749d72c1b,0,0
9d5194c103516a72a66b9243,1,0.819605
9d5f3577b7a08198bf14bf8e,1,0.683525
9d836dc84c99cb27493b37f1,1,0.316264
9da9e458bc4ff48f349620dd,1,0.826292
9db5aaae06628ebddfb473bd,1,0.879043
9deab8abb9917e8e75c9ef37,1,0.412353
9e23059ba4a7582cd35a92dd,1,0.832917
9e27456784878dbc443b9e48,1,0.398172
9e3b23650150a47993d6485a,1,0.811825
9e41b0d3f29e7e3f907d100d,1,0.348534
9e7c9a416f973125892681ec,1,0.614799
9e8775364a3c4f84b8bf0374,1,0.791338
9e8be713dbe0aa20b6da6e75,1,0.797872
9e91bdacada1ea99b5d10eb4,1,0.765243
9e93bb352d86e71f1f789e1a,1,0.853547
9ea235a4cb00da7935f9ec2a,1,0.803019
9eb81dc154f160a79aef379b,1,0.692122
9edfc4d65309f852f23cf7c7,1,0.865906
9ee6d20ed44ffbc006f3892f,1,0.891244
9eecbc3992a4a287704b3083,1,0.826852
9efa4b37cd8735c4a4c38bb3,1,0.889144
9f11de043395a1bf72024825,1,0.815085
9f12286cd7b8b728367afe89,1,0.281702
9f22f7b0115fd4399e59614e,1,0.849597
9f35dce3cdb6fb31090fb748,1,0.711331
9f54e278f87fa99b9c43e577,1,0.84759
9f570bf6e8cf1214b256f167,1,0.772015
9f5cc06c45b49f9d08a13985,1,0.789396
9f7355de04a50598de150d4f,0,0
9f85df00963a19c8777cd169,1,0.737536
9f897eaea03f1ddae27c9865,1,0.8586
9fa90e525c33206566736011,1,0.815967
9fb3409ebde1170602b5fc03,1,0.690976
9fea34670d4cca3a3bc112e3,1,0.526586
a00038ba9097ea4ee47a3222,1,0.28877
a00dfbc8ea25660368aa5810,1,0.443209
a01f5f531cf5020bb546caaf,1,0.875893
a031716a92cd2494a27defb1,1,0.50061
a03e3837cde21022df26bb74,1,0.904144
a047b21477767c9dac9e2e24,1,0.451085
a06adad567f4ec723fc767f5,1,0.853669
a07d54b73b193390bcab23ff,1,0.844024
a07fea51fd80f61f62b51707,1,0.794544
a0858782f6e824b7681ccc3d,0,0
a09f17848b7e34cc1121211b,1,0.525186
a0a0fd5c9450cebbea4450e6,1,0.457682
a0a45ca20f611d82d579b1ed,1,0.389837
a0a93f2b2bcfbf062b6fe25c,1,0.789883
a0bb816f55a908720ed2254f,1,0.75037
a0cc99f9786d47fd0a912a0a,1,0.855731
a0d6d1491bf02306ff7664ea,1,0.737536
a0e8ea49a3bb968d6b4ded79,1,0.847211
a0f040f3c6f9af9d70e641df,0,0
a0f14700d2e9892872954bd7,1,0.787605
a0f19bb8fe63840216c759cb,1,0.802246
a0ffe43034011b3c3f831ba1,1,0.845305
a10c8ba6f757e85d51495871,0,0
a1128fed99544e6602f95c12,1,0.677261
a11556a381095626d6cbe784,0,0
a115de142299570175f9ca6f,1,0.82176
a120f3ee2dcb21f0e32860b4,1,0.782164
a1257f4a30ceea72a52234e6,1,0.745584
a1299ae981e500b7598b6654,1,0.768907
a136008adcdcb2212e825c4a,1,0.361165
a142d452ce38f7d107accfd1,1,0.264738
a15f0c62f94c6c2f5a77c520,0,0
a16f798bd9a585d9ea9bfaa0,1,0.869715
a170f7bb2dc80c9531214138,1,0.548008
a171aede7b39ae634ed232e8,1,0.61855
a17ac1c4306eaefb6127f5fd,1,0.852935
a19846a1da312c973a238acf,1,0.851459
a19b012190751661b81b15d1,1,0.250913
a1a9b2238efe216b1a1c4e8a,1,0.738292
a1ad72b1fda3e5bf2a7c36f7,1,0.588771
a1b1b43d055b59c1f7071bae,1,0.708011
a1d83b34f39d9a2bbe392f97,1,0.906653
a203e0e5e6c5b131452cd24f,1,0.661704
a21eec6ace743d11f4bd53a0,0,0
a22fd2e8478dd1e96ca5fce7,1,0.402275
a2346bc4910358c75f5fd30a,1,0.510161
a265c7d399290ac624e8597a,1,0.671471
a26a2c8de270ce67998bbd01,1,0.75183
a285fca69e80dbecfada7eff,1,0.53871
a28e633ba85c7a6ea89d758c,1,0.28877
a2a2c09f86f58201f471df1b,1,0.847463
a2a2ec79f6976f89288c3fe0,1,0.588239
a2c663c23a538fda4a0cd6d2,1,0.837354
a2c6c116c8c09125677a47f3,1,0.4847
a2d1053c8893380195ba4b24,1,0.7478
a2e9a247664d018d27ca8c8a,1,0.500803
a2fdf5f64bf5969ea43fbbe6,1,0.83508
a2ffc02bb8f18f66d52cc1ea,1,0.473094
a304d606e7d22de4cd5651a7,1,0.292191
a313b53f7b4f5fbc013b7db7,1,0.759761
a34790b7a1f31316cf67e360,1,0.494229
a37d4541fc7f8f2009afc8b2,1,0.337204
a398d8cdbdb125b5e403005e,1,0.713631
a3a07b5686afee35fe75dc5b,0,0
a3a5a8ecd530b49a90d470b8,1,0.806091
a3e3067e6cd00b163bb223fb,1,0.839997
a3eb37d5634b0f2bab4a21e9,1,0.783658
a3f1b3c058c95f2b3bb2f0d7,1,0.476199
a3fedf39001b2bf96e823dc7,1,0.787931
a400d003e9237bc5a72fa843,1,0.819605
a40e93afb398814b56ff8b98,0,0
a4244bc8731e6b6e01b362a0,1,0.59972
a46b526696dce078711f2c98,1,0.462382
a4725896cc4e6dcb92aa3e95,1,0.842345
a477cc2c2d30225fdb56680b,1,0.775265
a4a28159ee665d035d1e0a28,1,0.823754
a4a54612e3893104295308a5,1,0.257018
a4a6136a5627fb68ed54df38,1,0.742422
a4a678e8442c7b824935620a,1,0.843509
a4ad5f3befb6264bcdec443f,1,0.351868
a4c5a32dc350dfd406194998,0,0
a4cc4f85b11fc4dc688f58ac,1,0.85022
a504c08ed305694f9c910b89,1,0.64713
a50862204048c015ab57d303,1,0.61086
a514bc76e5457d9d933e0ef2,1,0.594316
a5155e36ba9e9d6b5b85baea,1,0.866019
a528f34df1d02627a2295100,0,0
a55382fc90df9eec97b85ccb,1,0.441613
a568edf566423cdaf0b73602,1,0.791015
a56e820845705639cbe86425,1,0.853425
a57c98f9d842007167a3b5c8,1,0.309545
a58ce2bbffb4f02bd86cda35,1,0.75183
a59b943b0f58be0bcc34bb7e,1,0.380644
a59cd6a6447770a3911d25a5,1,0.513455
a5b6bb7ffc589930ef6a9312,0,0
a5bb305f56cd6780186ee507,1,0.372848
a5c6f7826150977613df9ca5,1,0.739234
a5c9ceafb562f121e4b6bc77,1,0.829354
a5cd5839d484d4d63bab8cb7,1,0.769427
a5d313cc07126e906a36e3de,1,0.330579
a5d5ed0bf885685ee656b5b0,1,0.766468
a5ddb26ef119fafcae364601,1,0.667581
a5e3a8d44064cf7da0a74b65,1,0.807612
a602d3f3180813e980f33078,1,0.540621
a61360e9139163243f8cbbb4,0,0
a614c9c7c77004bb466d1628,1,0.538316
a6297ce6dea7b87e5b54fdc1,1,0.717507
a63068cfba4bba8d7cc37ec0,0,0
a643aed0ca9aef872a2aecb1,1,0.51786
a64f39174aebcf08562f4ff6,1,0.523116
a68173b38a270ec1f57c2fff,1,0.808219
a68921f483dc6d10aacbdb15,1,0.535007
a68f0d6a15465000dfa87ba1,1,0.827131
a6a28490dc11d78415bb69b2,1,0.899828
a6acacea536af7520bd098fe,1,0.61734
a6b462a94145e672f22922c7,1,0.747984
a6b7c13d83a230b1bdb4fbdd,1,0.834137
a6f01e6ed6823615667009ee,1,0.536009
a6f6cf811161a44139e927a3,1,0.432962
a6f6ed9ffc62cf7dc5b9f6ad,1,0.732592
a6f848182946331bfcfbb714,1,0.703244
a7200f0eada18666162433c7,1,0.854642
a73376f3693324209e896d3f,1,0.85931
a73483f78aa26d4abed7289c,1,0.347759
a74a7ecabb056c7d35a9d2c4,1,0.891622
a74b20d0b797d3c0e0b60a19,1,0.695441
a758ba58523bd844695500d4,1,0.29088
a7590cc4142bec4589042ca6,1,0.426202
a767b2f273664ed1175a8422,1,0.495236
a7805d8c0b25a72a1f6cd073,1,0.839865
a788bd7b3dad24b37a9acd4f,1,0.846197
a78a7379bab3a78d54b4987e,1,0.626124
a78defd8adfe42898eb4130a,1,0.614972
a798fee8b71a53b10ed396b0,0,0
a7a5adf68cf5f1d8a280e653,1,0.876845
a7bb93edfd9b27d0a7015397,0,0
a7bd29b9ba44c44d2b823e65,1,0.774242
a7d3655d2b208e8c8606758e,1,0.849847
a7d9a63c8833e792c32b2b3f,1,0.361841
a7dd68defbccb76ee409a780,1,0.686685
a7e882b173aa274df09f2fdf,1,0.891622
a7fd37a3243a44d5f00c1642,1,0.857291
a805e47d61484f9d55fa8ba7,1,0.915658
a8063547caf3a22d19b299d0,1,0.527362
a8079a2d480c118f91040c45,1,0.639286
a808d5f8b11656adb74e5a2c,0,0
a80c4b0491763dfea969cab8,1,0.747247
a814dda751005886cb831625,1,0.787931
a821f1341a2744c7ce778cc6,1,0.844922
a82c2db49cbf6b3325960d25,1,0.866133
a82d9e8c81211d1a9f8335d0,1,0.670393
a832e89ab8d41959f493e7c4,1,0.772874
a83926641965c165ec26ba84,0,0
a841c48acb5c2a302bc366c2,1,0.354321
a841c81bbc12b620e49679d8,1,0.862815
a84bcf47a41313dccc06a877,1,0.901921
a856b141c6b8554bf9284e16,0,0
a8589984e164dc87fd1cad72,1,0.820326
a85abe6bf18b0e3712e5d985,1,0.77081
a869239a6845f2e59d492796,1,0.673084
a872f7f86935757072ae300c,1,0.876423
a87374179c7c9f0deaddea9c,1,0.303732
a8848027c164dcf30d58a56b,1,0.688783
a884ff67a4e90fd926062dcf,1,0.720663
a8b45f1b0ed73c6fa81978c6,1,0.855489
a8c642764a0a44a15c5864c8,1,0.380701
a8dc81a56401e5678e829b9f,1,0.841696
a906653bc1436419cef11a5e,1,0.780997
a92568674b4bdf41432afed7,1,0.27338
a9438e57a0e6a5ff110e43ec,1,0.873107
a943dfb1e35040a76219d673,1,0.767341
a94f9b80ee5018a6b82991a7,1,0.78842
a95e5d9b2f0713fe0c78eae7,1,0.690872
a9766da143b5a3b14f079770,1,0.604866
a97e573a003f75f31f4a47aa,1,0.814201
a98828c171ea8862616001d3,1,0.620277
a999d4e3588853a4ec376ad8,1,0.252937
a9a0125adad5e337c2c0208a,1,0.846451
a9ade010789ba0269e474403,1,0.260954
a9c80d487bae22a11ee639ec,1,0.49093
a9d009fd2728800dd68ebc58,1,0.788583
a9ee7ba04b43b5519017faec,0,0
a9efc968150aaf881938c841,1,0.840652
aa01b8e4faec168e30bd5f91,1,0.280025
aa11605224d261cba1449afc,1,0.448034
aa463305c99333e5ada9662d,1,0.403097
aa579fdf5b029609f03c6698,1,0.867148
aa57b10e1ebe06bfae370100,1,0.651355
aa5d095a6352a5f52acd0007,1,0.673084
aa68c62c1fd8a2cfcd32175d,0,0
aa6e5e67f64d8344c55cbb8e,1,0.863737
aa7fe316a78f139a7b67431c,1,0.845305
aa8a7f865f42788a385f0293,1,0.278846
aa8aa9cd2e36544ec1a9652c,1,0.680242
aaa4bbb5ccacbf58787510ed,1,0.670716
aabc4ebfc2ba75ff21bfaab9,1,0.730001
aad7cd54d8324db18570b7c4,1,0.374333
aae669b59731fd5ba04a1be6,1,0.645455
aaea72cc149773e8ee9b2124,1,0.74872
aaed1cf24793617a29f670f0,1,0.601477
aaedac4c379952cecdb0afde,1,0.738292
aaf1eac1f5b96aa1dbab9837,1,0.836955
aafe0a8867fabb2738f583e4,1,0.296552
ab096d352d3cac78d99cae0f,1,0.85931
ab2e17c83d3eedb349807952,1,0.300746
ab2eeaf0846d862cb2f5aaf0,1,0.465114
ab32386466ceba44aade45bb,1,0.818156
ab38683af1858c907860f348,1,0.833189
ab5a95720c5efda296552f21,1,0.78233
ab5ae49bf78ab21451ca10b1,1,0.706494
ab5c45d34f68f906e281fbc7,1,0.270288
ab79c77ec884ba73e5eca8bd,1,0.631367
ab7f3fb4b30ef8fba99ee996,1,0.383757
ab88efb58406635f09fb8557,1,0.799755
abafffcaa84df2bf951a62e6,0,0
abb010e50d4dab79559af0f8,1,0.845433
abb7459f515d368e4e17275d,1,0.857291
abbae76384e349cede55ce3d,1,0.784484
abc26f0e7cf4937df454ddf9,1,0.820613
abd377206917f58f1c015ad5,1,0.885829
abdc462465f0b0e2feaa5cf6,1,0.802246
abdd0e044b54d07a2915d1c9,1,0.28887
abe4a7517597ce2f49d322ba,1,0.259263
abfe3514078f34f434bad259,1,0.780662
ac01c8385e5d4cbf16530bb3,0,0
ac0620c43ccc904314166cce,1,0.646349
ac09d1f810ffb86f4bc5240d,1,0.685739
ac0b8d1aa47b912b9322c134,0,0
ac0e590d033be48b80788681,1,0.670932
ac10585ab1b91c010517b515,1,0.862236
ac1bd7026bb67b0889cdac00,1,0.507926
ac2b0228e79d47558b1bca45,1,0.872673
ac472674ccde743fec83da59,1,0.60288
ac5add906d4de349b531ecaa,1,0.862699
ac6396520fcb737f73d87552,1,0.711832
ac6e8e347e0d041709ba3a80,1,0.783492
ac7f7bbeedcd382633efc74a,1,0.669853
ac801372f8375a59f2095415,1,0.921358
ac910bff115372e61163da16,1,0.777975
ac9d264d000362fc78017a3d,1,0.909586
acacd023c03ebbc57cbf1e78,1,0.463687
acbf2aad049472369fb50dac,1,0.742048
acd12059537e77b4fd7c076c,0,0
acedad6f4b76b3bfd238628c,1,0.305697
acefb2c3bbc482f2cff33b7a,1,0.641647
acfac162c6be75b0fe29101f,1,0.664867
ad0bc4cf55a922156351e534,1,0.90878
ad1451914089deed669fbc2a,1,0.828662
ad17e93e3da5ae1b446011d2,1,0.731442
ad3b6634916b90fa26fe0fd5,1,0.271541
ad3dafdbf68b2b7c85a1a586,1,0.743168
ad576a5f0b5043fbe9052350,1,0.84338
ad65a12372e66b21a16c0d09,1,0.872239
ad677e15db13f02732c79756,0,0
ad6faa0dc2c45158f31485d6,1,0.678434
ad8e77d54f65ff4bd1e04ed4,1,0.658747
adb8b9dc2819a13694c05dae,1,0.915658
adc942c043c26e1db78da192,1,0.47384
add1e55af84be9337f1bdd21,1,0.687945
ade14b689ec38096f61b44b2,0,0
ade2a1ae45743ffff50afc78,1,0.816845
ade4e6e028cf1c6126c29541,0,0
ae027a2eec5b923605ddafc3,1,0.68941
ae2b1bf62e229233aa9859aa,1,0.815233
ae3600dba7a742f32bd5d5b4,1,0.470645
ae386aac60d69ae5831bb5fd,1,0.813461
ae45fffe2357dccec4379e1c,1,0.359926
ae693c815585fbec50f22b97,1,0.732018
aeac0f7c030a1a4bbc50d765,1,0.744842
aeb579704bac986238f44ba1,1,0.767167
aec18cb9d6040505290bbb95,1,0.865906
aed504ca8c9a6c80b511fdbc,1,0.810329
aee8ff129642eae66af1d6ba,1,0.852813
aeebc0097b8d28308c3d3c30,1,0.788909
af2b7c24527fb7287df5ea30,1,0.855127
af85b6c3ed2be1a5a15a5391,0,0
af8d85a2a1591886d8c6163d,1,0.589894
afb408c0d1642d3887682dcf,1,0.286169
afb7e193d28c536f811dc8ee,1,0.662251
afcda0c4c8c1174579e04751,1,0.37319
afd145538d1f1cd207a67fee,1,0.771672
afeb1d7f4e6b6d05be04c574,1,0.860604
b01381d6c79e5ee41b28aeef,1,0.812421
b016b3114880ba306d000198,1,0.870377
b0232a7bf3575e3b7da2423c,1,0.587292
b0374517c15e50712aa3e2e9,0,0
b0416d0b854d804bc011f58e,1,0.845815
b04a84df65f36706e1dfa20c,1,0.440199
b051b3fbd5c79673d6344e92,1,0.864882
b05ee705e736d624b0d75fee,1,0.773045
b06e5dcb9e28ceba4a889318,1,0.890103
b07612e1cfb385842bd25759,1,0.324235
b0765a300820ad4e3b729686,1,0.805938
b0786be63545c28afc0ea00b,1,0.752559
b07aa0d58d67b10de0a4fcda,1,0.863737
b07d1c41ac8a45af597ef607,1,0.842345
b09b030838c3c5e1d89e6368,1,0.528351
b0b90161b7edb7e2480f3ac2,1,0.351868
b0babab7e9f9ef515f256152,1,0.906983
b0f1fc2803db6b6a78a74eb3,1,0.84338
b0f9d584681dcecd76221a22,1,0.894052
b0fc545c0b0d1620215a9457,1,0.694406
b1037797033e394b404cb42b,1,0.624866
b104af3f48980db6c726cc4f,1,0.849347
b10fc73cf806f8c44828c9aa,1,0.906983
b11115b1353775d92be87348,1,0.769427
b116027ae444b247454342d3,1,0.670932
b12afbce8a30cfc6ebfc127e,1,0.697609
b1327363e8c16766e4d49b92,1,0.378804
b13e59d5cdaef4788519828d,1,0.724091
b141b55b0de1d590c75d8626,1,0.771672
b15b52eeea7ffc866139eb30,1,0.30632
b15e8e737432bb51474be055,1,0.626924
b1b2c37b477ef374e69b6393,1,0.663124
b1b887aaff38d8828a53ca90,1,0.859428
b1e2de1dac677e6a5087b181,1,0.880592
b1f2304512e158e30918dde0,1,0.425426
b1fa96a05f3caae59d72b7d2,1,0.650911
b1fdac64a800603dfe5bbfa4,1,0.362292
b204ae9e290091b23c6dd028,1,0.640861
b2118330b34981f80739fd1a,1,0.665954
b21ae3e218debb24a270a09c,1,0.747063
b27287a2f30f5383f89f4070,1,0.78842
b272ef2286235dc9bca30cd2,0,0
b283fd66b83a7fca78d1cab5,1,0.874399
b2ba3b00c9cb81711c1c7e22,1,0.799286
b2d6ef26c08d5476afa96035,1,0.316369
b2e20cb57e98e632bf9f0b01,1,0.705582
b302b2d6e91c54057b8d0627,0,0
b3081d8d237444e9425a573f,0,0
b3189e36a91ad2b990c9086c,1,0.830181
b31d702a018f5d4348bc0de8,1,0.469992
b322ba6229b4d54b5cc5ae81,1,0.423339
b33b013066cfe3920e650aeb,1,0.844794
b3574dfcbeaa2a31e96bf890,1,0.441703
b358785eeb2770627b3dea0b,0,0
b373d1bba63c37f3c3565ec5,1,0.894237
b37ed1c2d20449239800339e,1,0.787768
b39337e889fff72494d00e49,1,0.86771
b39b9433b9fbb95ef81718ad,1,0.29747
b3a35c9c4dbe5690c790a08d,1,0.928409
b3ab7485a47c1f960a764bd1,1,0.836688
b3d7bd8146e778bde9b61b8d,1,0.256646
b3d989a2f42a32e5730d9032,1,0.721253
b3e8ecec189d8ed508fcdce0,1,0.317744
b3f2e0ddf7c995c5857c76c2,1,0.801625
b4027e6f809c18da80c244cb,1,0.41941
b4245cd5335a9eba82c91225,1,0.820901
b426825fabff0ccbb491b0d6,1,0.893495
b4649c0f6f316ad63ae99801,0,0
b4656c6c0cc3afc341aaa1fc,1,0.739422
b4673f66a578373309eaf8b6,1,0.678434
b47e557801c085c89deab2bc,1,0.853303
b48392949eb38398ba93cef7,1,0.450087
b487ab67b2f64752064f9f38,1,0.257952
b488890e1b47b56863bdbcb7,1,0.496538
b488e13e6e243bb3c9345a2d,1,0.371365
b4a8762317bda25ff7ef74c2,1,0.423696
b4ab69c867d5dff2b45da271,1,0.750553
b4c2aaa8a6960a5bd3a83104,1,0.644001
b4c448c58d665d013b340d69,1,0.794385
b4d8078dbb3ca41879dfcac9,1,0.80502
b4e066bb1cc50d37025441ff,1,0.871475
b4f3a9b85d65e3d240d9dfce,1,0.479443
b502c29bb9e00a6d77e97c15,1,0.866359
b50490c31f56e22c0edb994e,1,0.852813
b50bfd9a3d081780f0549589,1,0.821044
b50d6813e6a31ff0115eb9bb,1,0.615146
b511d54ac4ebfeb51b2af11e,1,0.373076
b5165c98d77077884f4a3e44,1,0.575827
b51a538b57ad4dafe9aa9c47,0,0
b51c683204c132b8ed4a3436,1,0.27513
b51ea65fb5dfd7f1ef12abd5,1,0.866698
b535270660d43e42c323d84f,1,0.484807
b55d4bc12bd847e251b297a3,1,0.277963
b56838364accd3285b30c012,1,0.273477
b56d608b1038750a421fe486,1,0.838018
b576ae558a653c6a0a8af6d7,1,0.763836
b57d8712b773f9c23df32885,1,0.427397
b58c7278f0fdee367d6a84e3,0,0
b58cda1a756d3cad84e64f24,1,0.820757
b5ac392789da686f9b835d01,1,0.821044
b5d066d15157163bdac8106a,1,0.55655
b5daa84c7aaab7c8b7994a82,1,0.774924
b5deaa578a5974546eedeb84,0,0
b5e40ef56d3d9fbe0efefab7,0,0
b5f327757625ac91929cfee9,1,0.813905
b611ace86d5c92ae81e554cd,1,0.788746
b63023a4c08b46d99abf74ac,1,0.761539
b634fbafde54209f9091f12f,1,0.728459
b63fdea060d50f99037b9718,1,0.820613
b65c9de35afb7e9c1b451272,1,0.659624
b66373cfc90aedc85afa9c3d,1,0.411525
b6637471d98eab11b95b38f3,1,0.866923
b6664919ef3f8c9d26665c37,1,0.907476
b6702d9c385e43c1e9e596be,1,0.803637
b68affa27731de1f73973831,1,0.747616
b6a93f87e2767765520462b4,0,0
b6ae8c2fc5da484ceee4c64e,0,0
b6db6b8fd54fbef58032de79,1,0.85183
b6dedf6aced375b91323823a,1,0.81257
b6e282d8fc26e90428d38cc0,1,0.864996
b75225e2f1e42e86ce33c19a,1,0.68658
b76fe790994dfa27c134aed9,1,0.835752
b7769175657fd2a56139d3a2,1,0.862468
b78f00dc307b03cd17a01241,0,0
b790f243316a518e22d5efbd,1,0.832645
b7a7ebf21097e0c9ab5be1c4,1,0.261708
b7aa3b1945e7e3d0d566a177,1,0.883839
b7bd0cee3ac09c686e4219a4,1,0.782995
b7ebd3e270aa75b68f3e3adf,1,0.604165
b7f84ddeef02f34080e1a0ae,1,0.834002
b808b2028e35dd340ca4a203,1,0.448577
b80bf3577af3063a9135d830,1,0.76207
b81afc194a9e2fba08023537,1,0.707809
b82662a52c38271fb5b4e3a7,0,0
b83ad1313a5eaf8d1d7473fb,1,0.737158
b853abf8d956a909819e061b,1,0.846197
b863b7f24cc5314505382fb8,1,0.583915
b86974663e412e41ede09c5f,0,0
b874fbfc471e2d880ad5c9a6,1,0.798344
b88f849dfaaea6c595b4364b,1,0.690142
b89ee39293f1016509d654a5,1,0.872998
b8b53e77db51df4e0eadf6b5,1,0.366023
b8d1e720ff4307fba7fbbe86,1,0.802556
b8d9eaf454b86419ec8a7c0e,1,0.925095
b8dd763a398c78b98f17b44c,1,0.80038
b912e1b29477bd1b3a1ddc69,1,0.819605
b91b9ce1e36c49d700ff07b3,1,0.803637
b938e32d57c340e2f21e125a,1,0.457197
b94613d34ff3dfe7ced51af1,1,0.335351
b94d0733c437b645fd5a98dc,1,0.800692
b9580cd0c1d0e56fea1c30a7,1,0.807309
b97879943e6638802ad4b935,1,0.890675
b97fd6928459b8d1ae365567,1,0.691706
b985248fa500bb7eabc922d3,1,0.772015
b987c96b179bf62b69199c69,1,0.275617
b9967250bf227cb8eef9c08a,1,0.423696
b9a32be3bc178c1f55e52628,1,0.636014
b9bd9671ef9bfc5dac1d4413,1,0.776792
b9c7cb532e94d741ef418cbe,1,0.263979
b9cd2c4b9968d0cacfa240dc,1,0.762601
b9cd5ea1bccee9f8cda49455,1,0.898232
b9e474175bd4646bdbf8d6c5,1,0.731442
b9ed7ce4f7ae69b78594e3b5,1,0.719581
ba02e8704280b6b2240bf3b7,1,0.814348
ba19fc101bb044d6338f3430,1,0.581838
ba23b052b11d9be397ffb456,0,0
ba32fa02671ac4b0563982e6,1,0.847968
ba39b18087df80ce7e5b1636,0,0
ba4fb8233a7a6d493a81c048,1,0.415729
ba52b9f050778bbd8b311301,1,0.73678
ba5bb1866017b70e09111bac,0,0
ba71c5aee97ecf7ec2c3ba1b,1,0.880181
ba750912a71a857cc11c5380,1,0.862352
ba7d8218a548ba995192acd2,1,0.85741
bab22d14cd554a833f785c34,1,0.715225
bab9faa9f17b36449aa53d7b,1,0.798344
babe7c7a5bf2af1ccef769e9,1,0.76366
bac8ef41bd0724a58e6103a4,1,0.28587
bad21ab05f57c36fdb482ccb,1,0.855972
bad4fa69e4a2d28edce49565,1,0.669961
baeb54975c510caa060df8e3,0,0
baee2976fedb69b639c32878,1,0.72027
bb058f7eaa434d51f91d2ae3,1,0.890865
bb17ba04c04eb63c8e67be67,1,0.568895
bb25dc6a7484c618184fae6c,1,0.866359
bb3aa8ae86b89938eddeb12b,1,0.883034
bb508fe7c82ece62ff261e0b,1,0.407098
bb5b7446a36f6f6af23bf091,0,0
bb644dacd089d4b996b515fd,0,0
bb715526b15a63eb2f92ca05,1,0.859192
bbb2575232dc83befa53599f,0,0
bbbc0e55923fbb76e0b0c5aa,1,0.779825
bbe12afc5d2989e30111cbac,1,0.833189
bbf8d9e6e612b60b145fddd2,1,0.500122
bbfd222f4ef0072e922b7d92,1,0.912592
bc095c543b4399b0d1f7ef01,1,0.564519
bc12777e8458e591ab0960fc,1,0.726426
bc14994461173a9087ed619a,1,0.301671
bc20a3642a049bda1acb72da,0,0
bc2ab07969a0955cf07156c9,1,0.74872
bc3a63f358afbd408b8b29d8,1,0.859074
bc5261e0142af594290b5496,1,0.824744
bc56af59514ea28e08405cc8,1,0.871803
bc5734911396f0fc8d282814,1,0.846451
bc5988dc921c653728a51265,1,0.334698
bca46b5d9a2b58f93bf5d683,1,0.680242
bcbef4743c2f3ee323364a13,1,0.813313
bccc12d8d997759ed644c210,1,0.854278
bccfd740d9debe21f91fdd91,1,0.270095
bce8fe990822a1d8d09d7881,1,0.281504
bcf8b6e7b12d2300d45cb221,1,0.875574
bd12f2018aed39acee115ff9,1,0.770983
bd1b43b238afa1fef63de207,1,0.422862
bd3b385e633cb5c30afe60f1,1,0.814053
bd490954786f56b967389db8,1,0.76207
bd49b65acfe07c3a329c3b71,1,0.860486
bd5b42e4870498c93cb050db,0,0
bd648339555c4a1fff349234,1,0.831006
bd810dc128742ed8f4f38748,0,0
bd8c7a045473a5a46b7a7e6e,0,0
bd91c96cf0dfdaeae445d8b9,0,0
bd97d897398b7720656c1471,1,0.746878
bdaf908ec04d43c2c2e552e3,1,0.321886
bdb035cc0130d3ebfc00679b,0,0
bdb6925cf686aa9dc9141e1f,1,0.333612
bdc825174bc789e34fc4963c,0,0
bdc90bd5c42db79323f197d7,1,0.854763
bdcd0d463ad564c55f160b2c,1,0.839734
bddef5124e2171604c83abe9,1,0.417865
be0916212b7fe4777a82f443,1,0.345105
be0b68845a6c5fa3160b3193,0,0
be113551c1522df63f14421e,1,0.493531
be27a9382e12bc9ebe1c45c3,1,0.734881
be27e018e811c7db21e6df80,1,0.496128
be2ab91680a9fd2b2bdbbe60,1,0.534005
be37b67145838806ff58e4eb,1,0.636353
be666e69304325a6ae351db3,1,0.798187
be719c5373c0196746d2e1ab,1,0.467666
be81e6bcf3b9d57fb6655314,1,0.842863
be954e8ff1d3b66203b48447,1,0.852445
be9ba4ab45a6d670013b1511,1,0.809427
be9e106a1f51fc37b013dd52,1,0.747247
bea123c2b618baaef57de7b4,1,0.252384
bea75c351ab9e3b2bff07ffe,1,0.629319
bebb8584f5ed11038cf68a32,0,0
beca68605324283ceb27f1e8,1,0.83508
bedd2f7603cc9f59dd75e3b4,1,0.459925
bee86dd062ba441e4f33530c,1,0.408159
bef1f92469fcc5c0a9f7e369,1,0.726814
bef46a74c8cd029f17f91dd5,1,0.670716
bef8ab5302d01f72ac7f905a,1,0.737914
bf07ab31243ff4449d82da04,1,0.801936
bf0ac30aba951f4afd81ae4e,1,0.680242
bf1427cb260c2744da5671ca,0,0
bf1a356b0636924e67266e50,1,0.835618
bf1a7ed707cb854cd79eed09,1,0.84607
bf220f2d5678958ed21c3986,1,0.901748
bf2a0aa622994eb766410abb,1,0.734691
bf458d3b45fa636deaf9f00c,1,0.61451
bf62830965a76ae670592b27,1,0.429609
bf7d302cdf1c63527be7a3a0,1,0.527575
bf83c72c597547752be335e1,0,0
bf8601e031958813c5e7bb4e,1,0.362743
bf8c7ec7a461b6fb000f83a0,1,0.85269
bfac4dc88420d5417c162dd5,1,0.452324
bfbbd184868dc9995388e0f5,1,0.628293
bfcda0c155518a289576f47d,1,0.716516
bfe05379d45de2ce285f2688,1,0.328637
bff68101d6c2ff0c3fbae2df,1,0.300232
bfffbf41659ffe6ac1c7e283,1,0.541288
c00057c1e85f89a920f35d25,1,0.867373
c016d8aa1ab1547703f239d6,1,0.709925
c01925f8053bbf56ada8d9f7,1,0.903975
c03394ac7fd21b21899908b9,1,0.855972
c0449e5102db5fe09701db71,1,0.560944
c04aa0115a7d83fd988d8958,1,0.700792
c05b992a608bccf55b20f8da,1,0.404449
c06e2db1a4f31c038dec632d,1,0.724481
c0709db640c49ff279e4e8e8,1,0.729038
c076d82fbdbb80b91e85e059,1,0.678966
c0775fad56605c10ff212e9a,1,0.827131
c077f3c0a5bc7dff0658b3d9,0,0
c07938891b687009eb3f7c19,1,0.864768
c07b6dd5415268bde35716a8,1,0.251832
c084106a74cf06ea19599216,1,0.496546
c085c8cddc8e564f8eb277a0,1,0.527088
c0b091a90bfd80488438b29f,1,0.859782
c0c625375343c3a9638ce32c,1,0.857052
c0f8652045bfcbfbc3cb41c0,1,0.885829
c1048e97b3f64252cac5c390,1,0.83128
c10fdbef388a6e3adf6071dd,1,0.499985
c11975e67df384947cffefe9,1,0.828523
c125d79dacaad489b62e9bd7,1,0.532881
c12e04fde164f54aff6696ca,1,0.509261
c13e190209339a560c822d0b,1,0.687525
c146db29ccff278c4bd287ed,1,0.764188
c16bb0a58a62f601f23653d7,1,0.755276
c18c22275614e6ebbaeedcf6,1,0.492322
c191ab6c7917c60794c0a1d1,1,0.81626
c1967de3b32f29af06067116,1,0.86431
c19f29be6df2e6c19a42f2bf,1,0.553143
c1a0ca46e5894b7827d1bbc3,1,0.364099
c1cc67397857e3dacb46fa16,1,0.750736
c1d9b23f5e6e3c7f8364e05d,1,0.683736
c204a44c4a61f002ff70326e,1,0.373076
c2219be700222b905b8dfe9b,1,0.723505
c24e92f2ae0925d1c3d04d63,1,0.875999
c26250b52a82e11515742705,1,0.394842
c26f8de4c26e0a538b28fafd,1,0.707708
c2736ff7dab577d1155ed7c8,1,0.297266
c27634779232613b778aea8a,1,0.747063
c2860c7e97da141b3e86b3a1,1,0.842863
c29481bec7605c655fa499d6,1,0.75401
c299b95c705ae24ea0e87575,1,0.791176
c29bd4ecb1d59d368daaf321,1,0.380126
c2ab22d26601ace1cf56f436,1,0.777807
c2c721e9f92399b501b1ee50,1,0.700178
c2d32afb9bac68ea111e9db0,1,0.678647
c2d43e2590f81b056f9b89bb,0,0
c2dad6a9615c8fd9ab099ef4,1,0.571288
c2de4ad415f86b65863a261b,1,0.822474
c306e7390e194cd24b37db28,1,0.773388
c311d12c63bb6b228ed57178,1,0.768386
c31c7672ed0e45fa5fe6c50a,1,0.822046
c329e40025d46051f8a121cc,1,0.780997
c33648311f6b13d68da66269,1,0.78083
c36f2f98d4008b9913ff41d3,1,0.592372
c370f50924f57dcbfff94446,1,0.306631
c37694ab100c1b5e8b216c06,1,0.677474
c3824753474eb77e236bca58,1,0.651244
c3880382f733ee0df07369a1,1,0.787931
c39df0bc4bca40d57e947ed3,1,0.891811
c3abec4a23cf7728eba715e3,0,0
c3b28e9937088a6ed1478dae,1,0.882022
c3b55be82f64797d69511cc0,1,0.857052
c3bcf0a4a4a6440f4c94f12f,1,0.35354
c3d81058efd49652edb0c68a,1,0.807157
c3fcc1bb233f8432d3ce9dc0,1,0.805938
c40bc3321e3f107da6a63f27,1,0.41052
c40c40f4321fb57cd1e7413c,1,0.624523
c4257df4a775f7c3e531d4d4,1,0.745584
c4265c9eeda22dd5965c8c1a,1,0.422088
c4360c1db29d3b4b2c9f44e0,1,0.437763
c43bd25badc6d1d88e63b8b7,1,0.83602
c44bd010782cf56894015c31,1,0.701713
c4556145ab40dc1a131f78bf,1,0.600423
c458e868b7cdaf545ca05e2d,0,0
c46d818ac58eed89f6b18bc4,1,0.405331
c48a5efdd2bd14adfe6aaa5c,1,0.873431
c496b1a27368671947f2d328,1,0.573559
c4a9af7782ef5734c9f7f06b,1,0.729231
c4ce603e6501af84cb9bb8a8,1,0.671363
c4dab1cbdd63dbae04781e29,1,0.859074
c4dad67f00547a61f9ba7090,1,0.808219
c4e9d0dae94e7e2e3ce10957,1,0.809577
c4f4ac9a7c7b6e23920a9a82,1,0.465995
c4fcfca0a57c6067ec256318,1,0.825871
c5010c6bf30d67d901965a4d,1,0.689515
c507b928c5a0668b1bd608cb,1,0.789071
c50a80c4c89730da25375b51,1,0.849847
c520d2d7277ed690427f5e5d,1,0.713831
c52777e9827b061b82f2b2a8,1,0.698124
c53d9af4fa65f003620133eb,1,0.797241
c55b4c60485b00c5994ad91d,1,0.873215
c5643a4eb6788d6ae91564b6,1,0.635562
c57a6925a6012279206285d5,1,0.650689
c59dd2c2d1a61866039f5c5a,1,0.393094
c5a121f272310b909dc050f2,1,0.779154
c5b437ec9ab0f1127aa260e5,1,0.841305
c5c4217a9c6dc867bbb44b0a,1,0.811676
c5d84037ecb060d7fd4d6c92,1,0.480814
c5df04c621b23c3d8a6fcfbe,1,0.625438
c5eda68d8e1ca7129ef74a85,1,0.266644
c5f4faef7db47bcd63d607d2,1,0.380817
c61081998066a1c45e42c975,0,0
c610c87ce101978691975be8,1,0.630457
c613ca3f2a7b47a0674c8aea,1,0.844922
c618c25317d74b1d09a411ab,1,0.664214
c626779c2aa93c611eae4f67,1,0.267982
c627f3cc4a55d394e0c03a3d,1,0.847084
c6413a83e8f073b11638be37,1,0.849222
c6551b4ccbde87ee8bebfa15,1,0.664214
c6690b2524da5fe8bf3787fb,1,0.777975
c66947d1c1eee99e538e4f28,1,0.908456
c67a5b673576fdc146300d38,1,0.549641
c697e65c91f3acba106aed73,1,0.48342
c698141e92e52fbeb992d7dd,1,0.851336
c6b9fc39e76fb6eecfab5f8b,1,0.849222
c6d68af9a1bf4683fe1455c8,1,0.710829
c6de6676295cb3e6566489c6,0,0
c6e01a34e5db74a1f22df82f,1,0.643889
c6ec2478e19209259a68928a,0,0
c6f298bb066950e4589408f9,1,0.257392
c702887597fc5a60f5c7a6e5,1,0.797399
c7119408cacacb8d2428ad83,1,0.31237
c715414c5141a7ed456da375,1,0.732974
c74ced4489d4b3eee52f0758,1,0.737725
c7561763c864353afd325248,0,0
c75c3087225032f7b781c22f,1,0.262464
c75d21f7065d7a289c79f562,1,0.863161
c75f727a7ccbc67ce6d38b95,1,0.793746
c765e7c66d940e6101e5aa3e,1,0.51177
c76c87803b4cf14cf775a9bf,0,0
c7765815c00f38d91748f6c0,1,0.675658
c77b0ec2bf7351fd81680ece,1,0.580352
c77cb3e9581ddee75ce5e08c,1,0.853791
c7828f7ee13cf5bc884ac9e2,1,0.837885
c783f9e41c3581880c412b12,1,0.785144
c79613677d5ce8d632468540,1,0.453776
c7971654c2d761834eaff297,1,0.690246
c79d8feb38d02c0dfbffd2f3,0,0
c7a1096e9f8482826350c8c5,1,0.857171
c7b626dfea9949971c8e8e11,1,0.733738
c7ba6971a8b7e20cabc5ae07,1,0.822759
c7bbe5c66a0774e0c414477b,0,0
c7c370209dc8fbec69be1f55,1,0.268366
c7c7de224553162f7ae46b16,1,0.531042
c7d53665a719a508f640b4f4,1,0.48685
c7dcfac629a48498df64a489,1,0.479062
c7dd292de70bf728c4dc37d7,0,0
c7e70a5fa4a06cf5f3315c35,0,0
c7f4beb491c5f7dae66f8c62,1,0.831964
c7f4bfc4387326bfe941d375,1,0.369543
c7fa224ff566f42f5f1a4e31,1,0.286868
c80467ced5a69796c7f2e80b,1,0.611672
c810bbe674dfccc18a59c3f6,1,0.680879
c82e3d92099f03d2c654a3bf,1,0.729231
c839d633e4c229f191657aa9,1,0.368065
c83ae82a610364fb4ef1b141,1,0.401629
c83e404fadbaec27e8ccb331,1,0.779825
c876dbf9853212d08cc0c04f,1,0.675444
c8a2c43f053deca920e419b4,1,0.880797
c8a3f09939db4e4aef723f10,1,0.337313
c8a3fd793a018edc734ff8cd,0,0
c8a53d64b742b290c1395107,0,0
c8b0dab16a6b9d10fbf871fc,1,0.820613
c8bcfde05575140211bb5cad,1,0.917006
c8c0c2d2ebd6c21a4c2a5a90,1,0.765944
c8c1e818f74422a674fb6e01,1,0.879665
c8c945580eb2abc829ab85d3,1,0.814643
c8dab7f3fbfd2c2af997ce0c,0,0
c8f178b1b4bc5835be35e366,1,0.758511
c8f45eb3f1189e81a2c07ed0,1,0.856573
c8faa8a7878079131dda906f,1,0.834002
c8fca18b2c08b2ba25575a50,1,0.853303
c90f9195cd202e8210859a5c,1,0.754553
c918d6877a4491025783f019,1,0.862352
c91c3973ff409f18426e7e19,1,0.895705
c923507647f9a565d249e2f9,1,0.765769
c93342bc2f79a69cc9177749,1,0.837885
c953bbfba8581d302d59f8c9,1,0.824885
c956c9705cbb73ba1316dda9,1,0.842086
c95e96731e5ecec69a3fe9b3,1,0.462321
c97d9198216d618948ce0290,1,0.30549
c983091d52362a91a8c397df,1,0.349311
c9874913afc3de01ecee8a16,1,0.780495
c98e295aba6c2b20a244f7a0,0,0
c9a3ec2b09284aeff9d997b5,1,0.872782
c9b8bf831fd66d47b03a0175,1,0.861771
c9ccd904277980d9db25318d,1,0.277767
c9f390f04d53746f34423c74,1,0.368633
c9faedaed5fc51fc6dfb6822,1,0.505386
c9fd8f1cdc57bb4c8f9ef9eb,1,0.858363
ca08a748da1fa60ce591d4f4,1,0.572424
ca0b2346ee6ed5bb645242ea,1,0.608768
ca0d7b185081d8acc458fad1,1,0.301568
ca185accb1439d1dcb68e8d4,1,0.877687
ca18f438da7a6efac1c5abf1,1,0.642657
ca2ad496a9b9dc8692343c54,0,0
ca444659408066f141a0eeef,1,0.40439
ca498bcba832976abb471039,1,0.389663
ca5d5198f3e425d257f31223,1,0.349311
ca614319e359be62291da810,1,0.845177
ca638e15841902fe3afe44a8,1,0.87925
ca6eedb1418315c0cf7b8823,1,0.732592
ca7e2912d4470e6f4a55706a,1,0.723407
ca93f0e305676265551c6374,1,0.880386
ca9bd07c8d96c534200e3c7a,1,0.485828
caa125c42adaf27fd6b7d307,1,0.33644
caab030fb62273a914d73dab,0,0
cacac3fac01199663cdbd357,1,0.565359
cadec0c8a134df4dd2766446,1,0.600188
cae45c9aaa5bf14500cbaf53,1,0.459773
caea668178c833dbabd5bea8,1,0.812421
caf27948d706a93e9e5eb486,1,0.362066
caf6c98eaab0140d9e1b4b20,1,0.327991
cafb3ab76fce76384a80c027,1,0.309963
cb0df657afde4cb89b8ccac2,1,0.891622
cb21b20cea3e23fcdb304d40,1,0.877161
cb2c16c67586f9e81b87a78d,1,0.764188
cb3df62d631b32326420f7b4,1,0.268174
cb7b4eca7c4fdfd99fd4cebc,1,0.818011
cb7f6ef692a92f9296dc0e3f,0,0
cb81e819ffc56e1c6eae4df4,1,0.411347
cbe426b0c6e336a498dbefef,1,0.781997
cc08f4561e786e31ee228682,1,0.450238
cc1ec79720aae2d432b8b4f4,1,0.909103
cc228921ea5eab49cba0bdec,1,0.878523
cc471104cd25d3d51f069663,1,0.785144
cc502af18a2c93d23a2cab20,0,0
cc5c05a811949343fd91b046,0,0
cc6cafbe00bbab4842884948,1,0.899652
cc6f0c3bbf920a0499156760,0,0
cc72a9460f7892934c92fc3d,1,0.862699
cc7ff7cd363c9819c364b6a3,1,0.769773
cc8fe4eaf660246f52c10154,1,0.807157
cc9acd19823f412bd3e43f52,1,0.86771
cca5dec01d92592ae99f04c9,1,0.690246
ccca26ed270a83e066a635b7,1,0.892375
cccd0a5ecd192db0c6c9ca23,1,0.848345
cd0fe2dd203e812d967540c4,1,0.350977
cd2a8c88d2a5c75ee96895de,1,0.78842
cd2d96561bdc3aea24409adc,1,0.435241
cd36ce564cf9a53b4923048e,1,0.772702
cd5c3d4276ce413a23f31d05,1,0.880592
cd5ff94e0f8deb2ff6b129df,1,0.719088
cd63071a46bd18373aa3b2f4,1,0.261897
cd67ae66cd731c0cc7fb6b82,1,0.689201
cdb41107e3cd5d527879cdbc,1,0.769427
cdb99f09b2c7733f15f91dd7,0,0
cdbe2982d6cb4e7e00958f6d,1,0.61607
cdf1c702e45a6d6c61ed4573,1,0.740737
ce0200dd8d26b8e9f17abffa,1,0.863507
ce0c89b84b03ab7e3f4261dc,1,0.446977
ce19ee9a47fe14c0a556ccdd,0,0
ce2c2eafb7210dfd53ea84cd,1,0.449544
ce34d622a80e4da7ad540c15,0,0
ce3d191d67e0478234872bd6,1,0.453171
ce3d6dc18d77142dea3c7a7b,1,0.568236
ce49dfab1bd798ce7d3c61a2,1,0.796925
ce5cf5a3018e231a1a9e6ad9,1,0.669853
ce7350b837b428c445896e15,1,0.636466
ce797afd4f016c341139a498,1,0.857052
ce83b7c98738d97fb16edfc1,1,0.41324
ce8d8fdbc866ac04064a3524,1,0.407864
ce902c1d5b3d37b24c54715c,1,0.786295
ce99f53dc44e7cd792e72893,1,0.828384
cea985d61da324817366d40f,1,0.761716
ceae944c9bdb7782c8979a1c,1,0.765944
ceb04dbe36cf830e6332f709,1,0.283484
cec498ece849ac86a6ac638b,1,0.840521
cec9e4af9cf3b16e48588329,1,0.366817
ced398aff150eab8bba4e7cb,1,0.839865
ced97f3d1c178e9b442f7640,1,0.564279
cee60c92942aac0dc524ae31,1,0.479382
cefadf76c05ad61e584f289c,1,0.815526
cf18cba6c7a7ce76eaa69533,1,0.880077
cf1c6a8d036142b5099e29d4,1,0.807764
cf1ce0b5dc99b9e8d3da6293,0,0
cf23f1f44a38b690f4961752,0,0
cf2a1615dbb82328ce72fa53,1,0.527058
cf30a029d5d8c9b5baae83e6,1,0.385432
cf33b8d117c159c9140059f6,0,0
cf431be11958c2b7fa328313,1,0.254416
cf5b10b410954cb7769ff447,1,0.68056
cf5d08d3d3263b84b728bdf7,1,0.903635
cf645587ccf694843ddab389,1,0.514637
cf6db53f2107fa630b0e5174,1,0.85022
cf7fdb92becbaaedb85d13a7,1,0.862004
cf843d20aae097484a12ada0,0,0
cf8ac29dc4b79dd609b40c99,1,0.805479
cf8cae9b04f66646c0260806,1,0.402686
cf9e5b8448cb15b7730d8753,1,0.384392
cfadd490695f538e5e75a7eb,1,0.450692
cfaf86f5b9f0d5aef8fa7acb,1,0.840521
cfbd0dcb77ab2120f6cf2a7c,0,0
cfdb9f8c616c1b7e0f380c3d,1,0.707
cfe554a14db3ac67c23dd177,1,0.726814
cfea43e5b12a6dedfda97df1,1,0.434341
cfebb1cfe70d03a74e0d7aff,1,0.721351
cfef45c72820f444cb3df5ed,1,0.45744
cff3805051887fd5e8d18005,1,0.706393
cff5248654614d1342e44f2d,0,0
d010014e0b834626d035e5c3,1,0.811527
d01551970c406f5b1cf77e3f,1,0.789234
d02639b460095d2b4f40ba6b,1,0.674908
d034de4da0ebdda80cb27482,1,0.55932
d034e42148a81c6ca2e51451,1,0.834677
d03efea127e829ce4ca48fef,1,0.830869
d04a6c1b3efcae37893febf3,1,0.80147
d04ae0944d358352cf8456a3,1,0.781831
d04c53f622408be5280ea648,1,0.667148
d04fdaa88d7b7ec070cc496e,1,0.729327
d05f0b088e72463160da518f,1,0.908618
d06021f4f97d32f2ed0a02ce,1,0.380989
d06c683da3f58d4fc2824cb9,1,0.852568
d07208b8722dd990b9286309,1,0.271831
d08c37514f3da4fd38ec06a4,0,0
d0ac5533bc5e00cf9353f20f,1,0.581125
d0cceb3f91170485375f4ba1,1,0.310904
d0d390604975c5cc55349c32,0,0
d0e0d040fbdd8d640177ec89,1,0.813461
d0ea59e68fdfe0c8e791e481,1,0.609931
d0f98fad5df57d0980c2312a,0,0
d0fee6fd4a919161f987bac4,1,0.68268
d112aba18f10902f55179b20,1,0.844409
d11e2f1f6316a167176f1dce,1,0.702428
d129fceb77e6759a45cb79c7,1,0.82347
d1637d8f3fb5e6f294ebfd4a,1,0.717507
d17bd42063cf3484f06a7d6a,1,0.920361
d1a2a5c0ddd858469d5d2d21,1,0.875361
d1a39d67c33ab9176016f4a3,1,0.539074
d1b68a126e5dd713e094860a,1,0.258139
d1be44ab33b16db36ad4a4fc,1,0.354433
d1c52e3c1c0d1ab172aa2381,1,0.474692
d1cad437900189157d078000,0,0
d1ec2ee1dbada9fde75c652b,1,0.643217
d1f30c7887e2712f908a35b9,1,0.557454
d1f6ebdb282bb90d55779482,1,0.753467
d2133cbe554ee2de3399b23d,1,0.833189
d226eefb792abe636e1cd1ff,1,0.860721
d241e290454020a3d923950f,0,0
d24cc27000f6015b9987acbc,1,0.351645
d25af24c9abf3bf2df70d10e,1,0.260954
d269293fe9f8da363e834db9,1,0.825871
d2758fde0c15ed76e483500c,1,0.333937
d28c56b911ad9849b37dcb33,1,0.377426
d2a0e356a5123d5bf6cf652b,1,0.52508
d2b6ba4f9b23537f03842f6d,1,0.768212
d2c3e72377909065fabc49f6,1,0.773559
d2cee40eec6d7f449518a08e,1,0.700588
d2d27f401227b5705b17af15,1,0.524105
d2da27a85cfc22fd5068c52b,1,0.462503
d2f53961130bb3f5494ca509,1,0.585516
d2f983178d7f89fbf882e65f,1,0.786459
d30c813e95ca611d1f8982b7,0,0
d31a182ae13fb6a0a725dca1,1,0.639961
d334ce8f4781efc4038f55af,0,0
d338a83cb68dfc8a2763741f,1,0.899475
d3671ad51f9d1bbbc3e89928,1,0.68637
d36eaf786050490cc630c472,1,0.880077
d3b11927b6705fee330a2707,1,0.761006
d3c2d23631c912486353f8af,1,0.653348
d3c6be71366ec5c1f5fd693d,1,0.573499
d3d7eafedb38b6335e61ab35,1,0.85318
d3f61e403b2f17e4df232f6d,1,0.562357
d3fa381ceb025b9b94cbf765,1,0.678753
d3fe41cfabdac98ef08a358f,0,0
d415de5bbfc597255a9b945d,1,0.700895
d457f12c646674ec83c7de27,0,0
d45968e54e32cfb7a1ffb789,1,0.291989
d469ca5f618d5f3d6c565d0c,1,0.826712
d476f03e5481c361cf5aac79,1,0.726037
d4a3a43c24bc5d9cd39abeca,1,0.845305
d4afbf751bd5cf1c971fa686,1,0.272605
d4be1fe2c884470936277fcb,1,0.836555
d4d505a082b75777fd07e2d8,1,0.885235
d4f3f73d08d52267100be47a,1,0.868046
d4f525c7a87a62deeb690f02,1,0.836688
d510ff30c55edc8b790f74be,1,0.863046
d51d61f673968663d85ed9df,1,0.886027
d5500f007dc822a06077bb13,1,0.620966
d565d681d3d4248d0a75f579,1,0.876105
d576537b8210268721a4c71f,1,0.695855
d582c2783577ef9e05bce041,0,0
d59f96d3846984846d4b6937,0,0
d5cdd3641958b0ba3e2ed555,1,0.759225
d5f825fb11ebebf7fa6a652b,1,0.589953
d5f8c3fb8588a8af6645d221,1,0.740362
d60555cecb47ef463c0186be,1,0.649912
d62082f4e50b06092b366d2d,1,0.739422
d62a04b7edd068a04a7f396b,1,0.805785
d643a935cee653dbfca9300a,1,0.901748
d6530d056046e628acc0393b,1,0.449906
d66a99701fc40e9848f4cd71,1,0.66236
d671c9cbe38a07ebf41c51fa,1,0.422743
d67b4112ae9c7c1f2e9c8601,1,0.555375
d6cb12fb19e713c0fa863696,1,0.316369
d6e1a65c71900f7e892dba7f,1,0.681833
d6e1edafec53a5f8761c9a9e,1,0.401043
d6f68493ddae7d256c3c5f48,1,0.885829
d6f69169de8ff57d8907091f,1,0.295433
d70634f91b72ad97c7a663f6,1,0.745398
d71151f9c4397a8c78f493fa,1,0.685529
d7136fd62888b843f740bc31,1,0.825167
d72665a2cec54b36134fce90,1,0.513188
d7292ab9e85627ed9de0a6e7,1,0.544589
d73f096abda72ae4bb2652a6,1,0.738858
d74ae939490f25523a5f28e8,1,0.819171
d75600906e11108bdfe2a560,0,0
d7631fbff7ab3c45f6c3f146,1,0.843251
d77777ae8964ae1877592e3c,0,0
d77d939bc56d7356915ac33c,1,0.861538
d7937a2a126243460efc5038,0,0
d794eb153986e22b17891843,1,0.365004
d7a3b81221d8e1e9669d1306,1,0.857768
d7b1b986184c628fbbc31280,1,0.875468
d7c13fcfdde917685cde0a4a,1,0.886027
d7d479606d850bd50695612c,1,0.509505
d7ddbc829b537d497124080d,1,0.884639
d7eaa9e3d58fffc08117cfec,1,0.678007
d7f0ef7d90dca2a9cf5e4e4e,1,0.355775
d802d1847553d649af4203b2,1,0.846831
d804320278e592de0c9b9741,1,0.270095
d80f126b4c20d6537a3e72eb,1,0.712432
d812049e5c543b7960be1183,1,0.834946
d816ed61ba97601df62bac74,1,0.861771
d8192564b50fc034e25821d3,0,0
d832dde8c177e694174b66b4,1,0.724383
d8439cfa4829367c35e05de8,1,0.811228
d844ce8f94196d975ddf3343,1,0.73678
d852f95e04d2fd5cdbe2bf92,1,0.740925
d854a2bbaabb2ec05d2c8e57,1,0.729712
d859dc654684250250f6d7bd,0,0
d85edc0b4e2bf409eff4db71,1,0.693888
d860dcbd73156456cdd4b668,1,0.717804
d8627e686cee929768f84e5c,0,0
d86307f1ec74219da5618a6f,1,0.869382
d871cce7abc0d48573eee3bf,0,0
d87f9b985e37447f64dbeb41,1,0.388154
d88dab9c82a77a7b827def27,1,0.794544
d8a4bc5c77bfce60ed402ac5,1,0.401688
d8b680b0688b2ec5e2a69691,1,0.887205
d8d16ffff9f225619a2ccedd,0,0
d8d658948e45476403f88fc2,1,0.871584
d8e4ece8b0953de203c65e15,0,0
d8f0de499ccc58b90a7ec39b,1,0.913984
d8fa07bc95b0c8e9bbe578f5,1,0.859428
d90b6437cc768e315c3d6a10,1,0.66454
d90ff96b895ea182161a9d3b,1,0.900179
d9175fd10d290475ce1cf6b6,1,0.54819
d9234b66a357a6741eaa5be4,1,0.44062
d939e456431a47242706b070,1,0.88779
d9564b21a0efc11997f43f37,1,0.745213
d9727b8bf671bab1e4959c92,1,0.68056
d98d0b8188838e4ad6cd5392,1,0.603873
d9901b387e07966abaa35d5c,1,0.910227
d9929b2eeeb6e44c34f8c363,0,0
d99349c7f728367b159b8880,0,0
d9b03c8aaedf56290ab04d37,1,0.754192
d9bb8732ef70bc8b2d16eb27,0,0
d9cef310c390374097bad0bf,1,0.664431
d9d7a3b2942f0854ec49b7c4,1,0.375821
d9dc942eea4196dc68bba044,1,0.417509
d9fb884359082d449ee2f76c,1,0.627152
da05d636573d6e72d337ef88,1,0.472668
da0814dd45ada425d4538dcd,0,0
da153369619eb592d00cd1a3,1,0.446947
da21dd03b64a688f1567adae,1,0.847716
da2271e13ebe2b8884ae6d93,1,0.845942
da43e22d84df236f34351b8d,1,0.847337
da488e96f5a8d3132dbcd1a9,1,0.497898
da602f71856a1fbb58827728,1,0.679179
da60c64f019c3caff8a70d4a,1,0.848219
da6b4ff9e3472525ef08e0d5,1,0.793426
da6f6c2d39494d43cc55a847,1,0.788909
da7f46bb5a758e172b9056cf,0,0
da8364ca904f92ca4203a85b,1,0.853425
da9a922dbb90d50eb8b3a79a,1,0.328099
daaef3c69c1198bca4c9a8f8,1,0.631481
dac61b40a702cfaf715167b8,1,0.283781
dacaaeea77b5fdbbc056413a,1,0.805785
dacd5e44d21ac0f64ceb81b9,1,0.840652
dae3a9aedfa6af9b926727d4,1,0.777131
dae6aac276f5810b21ba2251,1,0.768733
db07e9888eb77952664fa5c0,1,0.314998
db11669c9befa3ec09217eaa,1,0.696062
db31a24269b345fa1225eea6,1,0.52937
db3d544f4270e1fcb0fb1a34,1,0.42925
db3e9110317d4bc901bc478e,1,0.654232
db446eff3ec1c37c765d5104,1,0.271541
db6b37ca612f7d92be20adfc,0,0
db918c998e31d91dbef3873e,1,0.591546
db9415b5d4fbe7e239c39b46,1,0.803791
db945f420ec6a440db05cae1,1,0.839339
db9e3664a4b155f25df9fff3,1,0.601418
dba4d0aea76d2f3120841364,1,0.381508
dba5e5bc7080e49416bb322f,1,0.290578
dbad8a1625cf0f3c36743cf0,1,0.284079
dbca1a1ca0311b5bfa7e2c38,0,0
dbdda066954097971e118e26,1,0.879561
dbe32375a34e73cf4b3927a8,1,0.780495
dbf5dfd376d032b6ddd1b6ba,1,0.853058
dbfa5a9dc7eb0d29a10d05b2,1,0.364664
dc0051a49e2bee1a711ce320,1,0.843122
dc39726977a7294bdc0d00c7,1,0.35287
dc47f36d8944cfb8b29e9449,1,0.871365
dc5eddd6daf7d194b30026cb,1,0.285372
dc8f63174707574c118508a8,1,0.391929
dcaf83d20860fec4cf59b5b7,1,0.819893
dcb50cd788b6204b5f6d51f2,1,0.721547
dcbbed3e8415586bdc532d80,1,0.840128
dcbd39954984317b7b2e55c4,1,0.857649
dcc000584ae89d07f8bf891b,1,0.334916
dcc7bd1e33c9c218de508a84,1,0.890865
dcd1096568f49460396656dc,1,0.550517
dce8a185a8c364d8ddb3411d,1,0.556219
dcf5b09faea9d91cf15a39eb,1,0.466359
dcf9093878885577460d3613,1,0.500104
dcfe2388bc417f7d3ded7b21,1,0.838415
dd0dd36ea0b637d4c625692e,1,0.492413
dd106c7e9b806a8662d81b43,0,0
dd27c27c6e1f9807b7e5b078,1,0.869493
dd3fbcd4c65268f2792a1593,1,0.527971
dd5aa298f4ea7313361e92af,1,0.344554
dd94174db3f8e8ec55e1f2d9,1,0.832645
dda585fe377eae4dd028a833,1,0.637934
ddc388b069e09c48bf2d7235,1,0.89607
dded29bc04d5a4b2e6bad88b,0,0
ddf206d583ba577a7a0a16ba,1,0.291182
ddf52da463629997f15f0072,1,0.605916
de1f0ac959592d3249c91b25,1,0.711331
de23cd6bccd6bc7c57e901c2,1,0.735452
de3e3cb819e45c172ae9c190,1,0.691185
de43d9bdeda0719c34020ebf,0,0
de4e7077a2bf7ee06328a946,1,0.261142
de5abae35b02261faf94f4c4,1,0.61341
de7a1dd9c16b727bbff14e88,1,0.790854
de80c48ad2c32ffd534938b9,1,0.668772
de8518ea5351668bbcf20b3c,1,0.250729
de85bc6ce4145ca4d2a70693,1,0.29584
de88973c2504ef0d7a9f94b7,1,0.865793
de918d006b4fe5bfb77a0fc0,1,0.806091
dea9eb4563fcfdc9167f79bd,1,0.842215
deaaa73a7b99bab75558497f,1,0.250179
deadcab065e15c75f94a0421,1,0.801781
deae00075fe10def568bd169,1,0.496666
deb6fe1f1d7f78647c3d8199,1,0.407392
debd6f663753dde11c4c6677,1,0.640861
ded40c2809f3e1ccd397788f,1,0.70416
dee6869c38215d3f2e96a9b7,1,0.413714
dee82d50f66f758515cc617d,1,0.776962
deeab76654bd0528b45256b7,1,0.577376
def4bf9e63a34a5da85bb34b,0,0
def4c7930a399fe559be43ef,1,0.834272
df0085d2d5429b6afeef6cac,1,0.49067
df104f82add930f935a63bba,1,0.402803
df20bdf06624cb5e1185657c,1,0.876634
df234c79a81aabc3f2316c23,1,0.709221
df45e716c22229986b1d32e3,1,0.880181
df60ba57f7bd55f9f32ba4ca,1,0.675658
df633587289993b5d11dd924,1,0.456379
df638f996f78defab8d1602f,1,0.788746
df6f57614922a49c94537923,1,0.605916
df8894520aad4dbd6d3b082b,1,0.769946
df93186dcc79f8e935853659,1,0.88642
dfc36801b6c4b1cb96652fd9,1,0.668664
dfd42ca34f8d8bafabfa8692,1,0.867934
dfdf5989fff25f1bf87cc826,1,0.711631
dfeb14316284fa1ed3e704c6,1,0.889337
dfecb1de211f8c61b4733a0b,1,0.746509
dff6cc50e1933b9c87e95fab,1,0.882428
e00ff5dafff136147164a680,1,0.710528
e010276b8921d984bb33ddf1,1,0.781997
e0207de4c41bb098391a1b13,1,0.873862
e02587deba7ffc8162c4f3d8,1,0.878835
e0294e6f0c6c73ac55a5b056,1,0.737725
e03f9b84dee18aa1047afb9e,1,0.899475
e03fefe7e2c36ab450a56bfe,1,0.842992
e061e007d8e15319d404f520,1,0.701406
e0654bc2ea5460955db1ff21,1,0.793426
e080b4edd784402cdc6ecb38,1,0.821044
e0c1cd35587598c4ac59d73c,1,0.864539
e0d883f48e02f74b383b03f1,1,0.892375
e0e9de26a144c2df1ac81a1b,1,0.854156
e0f17093c5f6081063a96695,1,0.734691
e0f4f5c5c8033a77826388a9,1,0.749821
e0f5876b129a93d6b347fa70,0,0
e0fa19166dc9b18020499aff,1,0.665084
e0ff7ab04bd89b8d2ffb2c7c,1,0.867373
e11aa874014e10960b8804c0,1,0.602997
e11ea4547d780fc2bcc422f3,1,0.570092
e12ccf94b32df6d4976f6fff,0,0
e14ba7848d1e6c25b49b6876,1,0.856092
e174d797d02c7d5e678fa9b8,1,0.847968
e1780755cbac6c5bf66fa81c,1,0.555194
e17e8f3c003e6b808c95349b,1,0.842734
e1859dda82a788381dd1c1e4,1,0.836688
e195ff035a45f0282e956c58,1,0.781164
e1a43af277a26af4dc57d588,0,0
e1b128e7de0c326129f80092,1,0.755096
e1b574f941d7319fd6ab2d5d,0,0
e1c28ae59ede3a733628b4be,1,0.841565
e1da63554c893c9172a96d4d,1,0.729712
e1e48ed01eae2e98ba05d866,1,0.873431
e1ffad1430e62a494843d50e,0,0
e20b117beff0a656ce38fceb,1,0.790207
e218e66853e2512f73ca3e8f,1,0.863622
e2324332fb9e362a926c0fea,1,0.762601
e25cec193a04779f71616bac,1,0.640636
e25d255e8fd8ccd2cccc67e2,1,0.433142
e2777ddd6fe4fb3d8c014752,1,0.798501
e287ca24f58aefcf938fbb53,0,0
e2899b0ebbf40d813bc85cee,1,0.653901
e2a0d2b8f452feb70263c290,1,0.432423
e2a7516354ef15fa495f7f93,1,0.680985
e2b1f7d48ecfe488fde748bd,1,0.447702
e2c899dbd83d231ec2e1b12b,1,0.308398
e2fa72e386ee2d24ae5b0381,1,0.814053
e2fb22c322b8a3f0f97ae68e,1,0.613584
e306d900f880735244877f59,1,0.82573
e30a40f51f3e0e107ebc2d11,0,0
e30d47fddd7e1b91a91f10fa,1,0.282493
e31bd27c5ddc28dce1b1c602,1,0.855127
e36d7c4004de00ca25601490,1,0.397938
e36f27853ccc3bd741241536,1,0.312895
e3793e8804f7366d1f46a815,0,0
e37ea6e020a94703a8188fb4,1,0.333286
e385391df48da6e80b99db9b,1,0.827828
e3912a279e5be838036e6901,1,0.801315
e3959bccdd47df4f0e5afabf,1,0.771499
e3b7de0016fde050d18034bc,1,0.385837
e3c43d80a37ecf7a7f3b7d14,1,0.676406
e3dfa634a5114a8444d62a69,1,0.639286
e3fe139fe35fcbb64d644e8d,1,0.569075
e404af359d74aea049280984,1,0.851212
e40bd89ce136df642fad185d,0,0
e40d991c438f45cb320b074c,1,0.723602
e418bcae73ea25d7bcc9f912,1,0.350421
e419450af0f1e33a2cff6166,1,0.822046
e44ed1e899e4c303127e5cf7,0,0
e460d9e0010509fe040a62ad,1,0.583085
e4788f376a7c499d8b33f009,1,0.764892
e49e4a4022763884c58b499e,1,0.415314
e4a428349da60838412c4d89,1,0.771499
e4a8c465b95862e30d82c802,0,0
e4b17dfcb3ba73d85d6a420c,1,0.807309
e4b7e247636b482aee59cd95,1,0.48486
e4c2947cdaf4670cc010be05,1,0.870707
e4c3f868865e8c5f08002fc3,1,0.405213
e4ee2e775272584347dd9831,1,0.70912
e4f247f749fd35a3fc5d05a0,1,0.588594
e4f92f81cd6781c4cf925252,0,0
e5046e9013eb30aa31bab48e,1,0.641422
e516c0aedaff3f1c4b99787c,1,0.693577
e51d5fe96ec4f8dda118e218,1,0.655336
e5336e144ab6ea5fa89dccfa,1,0.831827
e54eeaa8a37d455b644cc390,1,0.604457
e55f5644f8e61bd62ab64cce,1,0.261897
e56ab4e75c7b139f50190406,1,0.723114
e56ce29891c70aa9f5e8d9e2,1,0.786131
e58f663ab4e2218fc88e3a57,0,0
e59bfaacd19501ea622f3d33,1,0.505108
e5a791a77e3d1bc582894825,1,0.817137
e5b268c72a7e3fc6447dd1e8,1,0.737914
e5c1fb4c375799a14d9fc94a,1,0.858481
e5cf7941b35c9091aba5bac8,0,0
e5e4aba1f05c55243f1515f3,1,0.624866
e5f0a0c19104ff2ca57e7b36,1,0.867148
e5f1c76d32f55e13e5da3303,1,0.818156
e6063e348cf812dac26c3b9d,1,0.596022
e607373b83fd4945190864ba,1,0.824603
e61275785cb6a14f9d9f2342,1,0.933673
e649d8f30cb4dc34437a4be4,1,0.838548
e657bddfa1df5fe42d5991ad,1,0.372962
e65f5f9e162e820ce01c54f1,1,0.632503
e687efdfe65ef3113c9d2423,1,0.763484
e69d50b0c81c806ebc96f705,1,0.408336
e6b6afeeb5865819cc601ec5,1,0.891811
e6e938d2d8c0d738785af9e0,1,0.739422
e6f07d64206abae9026653b6,0,0
e7078327801fae2fd037858e,1,0.822332
e71368c588fc752f216d8476,1,0.815233
e7209b5edf5be93709af536c,1,0.723602
e725beb49b3b092423d0b43a,1,0.731634
e736bc1f112e6922ad676293,0,0
e74ba560971890b9f5849a40,1,0.362518
e74bc566855274c20a3bb088,1,0.430506
e759f06028924afcbb790ebf,1,0.588121
e76b3b1fc1c29524f3121327,1,0.798344
e772fe51d04b0bc3bc136ec5,1,0.850717
e774cc018b11b4fa0b1fe390,1,0.890865
e775cdbd5c6296bc96a7b88e,1,0.911338
e77bd62895a7dd37166c21fc,1,0.806091
e784159e8a2ccff9a37f3706,1,0.675978
e786793a77e054da59e93497,1,0.739799
e79d791ccb53edd8e4156a95,1,0.700895
e7b3c39f1eece0896b4b9195,1,0.265499
e7b3d1b01d78d235a952687b,1,0.78233
e7baae43b2057475c01e34cf,1,0.754373
e7d34e3f7eb9d6497df66d8e,1,0.511168
e7eaa977d50fd9e0d56eccb1,1,0.591192
e7feb7154416b287e4501d1e,1,0.408749
e81023adea2637057fe66dbd,1,0.365796
e81f6a6568c3d03570bf824b,1,0.851953
e821f0cc6468df63bf05d27b,1,0.829492
e825ba07df57c4e1e133d012,1,0.82755
e861221d2c872de54a6db2bd,1,0.409575
e86490134d8e8da01ecb9382,1,0.82559
e87638aaf2e09c93336330f7,1,0.549157
e893d28d69e24996d15b2c78,1,0.720172
e8a9a777b65c08facfba372d,1,0.64512
e8aa036f5cf31247d812a54c,0,0
e8adfd17df767c2ec17b9a4e,1,0.658088
e8bdcbd66d5df530b38bae86,0,0
e8cfe55d55dd33fb8c972654,1,0.824037
e8df8dfd1fc973e0a983bb06,1,0.494961
e8f608696d5594dfe8bd1a6e,1,0.806548
e90d9525535a352263eb085c,1,0.605741
e90ec34ea74136497efc3df3,1,0.840521
e9204adb34b08d96a202f2f6,1,0.318379
e932ee7aa3d045d80019f511,1,0.751466
e93651cb1fe3c90744791aca,1,0.32178
e94590a657cab4bcddf22593,1,0.813461
e976921c3806dcb6966e3f7e,1,0.886617
e97e55975b4ace8002e510c3,1,0.669637
e984659a0efd8f65fd8d4e63,1,0.299515
e98498a99637358d33147089,1,0.555526
e984c79443fee9fc4da82a29,1,0.89534
e9bf75fb20eda426e709dfd9,1,0.678966
e9d80ddbf6a3bf1940b8509e,0,0
e9e2328d9aca04e20f5433c7,1,0.826991
e9e5e5f6ff6824e20c6d0574,1,0.745213
ea0c72182023ad87d4e292ac,1,0.828523
ea15222150379e334ccb081f,1,0.715722
ea37e6863019ad6fdf9a94f1,0,0
ea45d0a8099fd402c6de4c91,1,0.808672
ea9055be1cb735306eb0a80e,1,0.790207
eaafa7e9575517daefc9d17f,1,0.798029
eab59f24409433abea8f2f51,1,0.707809
eac4f44412a707e559123f9b,1,0.70028
eac7ae027682d4de4e274f8a,1,0.830181
ead2c3140dbbda4db00e7cb5,1,0.736021
ead4dc8a8677cecab4bc1157,1,0.760828
ead6760f9a35c20bd292bd5a,1,0.408985
eae6145434a373c3ba5bce5e,1,0.376852
eae857436a4db57f1b25148a,1,0.892187
eafc6b582d457986d0efa50f,1,0.839471
eb0a80dd00ec15e41d9c02c2,1,0.442215
eb17a07c2129944818150c8c,1,0.905657
eb2962fa7aee8fe5151dce37,1,0.838151
eb2ca97584dade3e8dc804c6,1,0.891055
eb673f94a24092dee5ade43a,1,0.880077
eb7a2efabf85a128ec1bed28,1,0.799286
eb7efe22eae1d9c9ded54678,1,0.446193
eba41a8f7435a4d3aa9d162e,1,0.31785
eba85eeeae107ab8ae2d5c1d,0,0
eba908486b85c827975887bf,1,0.775945
ebb76f74d50c4062b2ddb00b,1,0.60679
ebb7fae05e3a1927b0873235,1,0.857649
ebd298aaaa1edb5f4f658b44,1,0.835752
ebdb6ce0d36326b90da137be,1,0.841565
ebe1cbaddc3f4688be3ca95b,1,0.818592
ec04581006b6de705cd11732,1,0.545286
ec25e6d4c745e1bf5ee6a2de,1,0.86511
ec276f940d0ee9304a5bddc6,1,0.883839
ec2772854bdb8d7acbcfdb2e,1,0.841305
ec32eb2bcf805ac29c5c6e54,1,0.47859
ec3439046901666e9820a797,1,0.767864
ec4450c0b83d292ecabfd35d,1,0.824462
ec535ff0734ee34c78e6a19a,1,0.466542
ec5fc5458158c831c010bb47,0,0
ec6dbf13fabc052a22bcd3bb,1,0.728072
ec751a2cb15ec271c66ba000,1,0.790207
ecadffe9081e68259d39d1e9,0,0
ecb05917a6ef0cb0b5cddd9e,0,0
ecb1343ec403fec2791e9458,1,0.833731
ecb3f92d1777696702e6db15,1,0.335024
ecb56c25aeab2ba4acd8ccda,1,0.410815
ecce299cffe314c15fc1e03b,1,0.558658
ecdcaa6a299f4ab644c93d8f,1,0.622345
ecec71c65b3fc102498712be,1,0.574574
ecf05b5c05017124b5e0eff4,1,0.863046
ed070ea399b47ca7e4031c98,1,0.335242
ed24ed86b5c933344899c512,1,0.3492
ed2adb6259c9ebaa6f550611,1,0.451629
ed34c39e32d6cc48ce50d4d9,1,0.292595
ed4132de132e02cbc32b0c2b,1,0.794863
ed4c698cb20003c2040ab0de,1,0.795817
ed6281be3dfb56e2d33c5491,1,0.847463
ed699144c9f667f6a6fa368c,1,0.843638
ed8aae36419fbba1e971b0d0,1,0.772531
ed991f3cb2b290e0e037d8df,1,0.877582
edaa80984a4089354a5f84c3,1,0.817283
edaab377e109047f7a475529,1,0.739799
edc48532deaf3f10feb2e33c,1,0.826011
edc7acc4bb8e42ce1c4e7c85,1,0.309858
ede3690cb5e0debb020a6e1f,1,0.553385
ede6697bfa87e8d523ea5a27,1,0.929951
eded398b02d97e022e8383df,1,0.739986
ee09d187b18b8adfe2bde438,0,0
ee26c8245292a072fc787427,1,0.277963
ee4cc14acb44b0e82104929b,1,0.62681
ee4e143ac029042c41885f6a,1,0.745213
ee56d599df95fee1c651be67,1,0.824603
ee596a226c1fc8b05fbc2da8,0,0
ee6e5c2ba55e75607fc8b992,1,0.890294
ee7aad76a40eafdbd58cf054,0,0
ee82bce6a81dec4c5d874b4a,1,0.821044
ee8323c89bd36efa97ad90aa,1,0.85931
ee8cc501d6719a12bd5f722f,1,0.451447
ee9774787d3fef98126cf148,1,0.701815
eea1a3631f7554b95ff2a880,1,0.578865
eeb148da118bb5ae6d1dbab7,1,0.747616
eeb91b165ade7cc1ffad3224,1,0.36139
eec1f8abd07ce28952f31696,1,0.480189
eecde12732159065a9e9f811,0,0
eed5cd8d7239257355aad4e3,1,0.679604
ef080d9fb2d17d886d2f9849,1,0.786623
ef13fbc95f8f6c8eaec686dc,1,0.723016
ef1416f39b4dd96af39a43ad,0,0
ef289ad32c14ab6afcda6b4b,1,0.903294
ef41e7b8727e4bf263a2fc60,1,0.89607
ef5a0aba705ad179081ab39f,1,0.781997
ef61e3f6ee8e8aacc06ccb21,1,0.70791
ef6bed4478566220c1375230,1,0.808823
ef6fa793c88c010b98a11c6b,0,0
ef707e4c45d28a53205fcbc4,1,0.375821
ef93a028701af9bf8b03dd6b,1,0.849847
ef973606635a55a6c2c43549,1,0.748536
ef98b60a23f7afacababaad2,1,0.353986
ef9ff481abcc750d85789330,0,0
efeb2532dc3ce3f4f4d23a31,0,0
eff6eb1dcc54cf9c85a53bc2,1,0.724188
effb37ff039217ed19d3c7f5,1,0.822617
f00f5591a605f9b7532fbd0d,1,0.800848
f01040d9871b032d9fc8061d,1,0.744099
f011596ba85ba047a2c6735a,0,0
f01ac07301b90ce2dd842b77,1,0.610918
f0250656b34948487ef34638,1,0.851336
f0354cbf9ece8bb097248234,0,0
f03b3e372206accd5de466da,1,0.749087
f03d58f8bcb1ca792e56d600,1,0.555797
f041be1b8e3790a36d6ecc9c,1,0.789558
f050cf2fc3d435eee0d2f033,1,0.726037
f051e2bf6c75eaf222bf12e9,1,0.77081
f05ad21a793f89d5b2ee71a8,1,0.778986
f05aec80c6c01a197cd96dfc,1,0.875787
f05c81857e91cd2870de11bb,1,0.624523
f0691c921991031b7d98240d,1,0.887009
f06b5d743e445d93a719e465,1,0.708414
f090b28efb3eefcdf648620c,1,0.897516
f0ab5fc2a1c2aecae7721235,0,0
f0ddb678bcb8d995df6c2a2e,1,0.765593
f0f5995e1fb11e2b29881746,1,0.345105
f0fc84ec506379b8355a7a03,1,0.804252
f119b5c83bd191773d70f9b6,1,0.694717
f11f2a1e833c53141c822e9c,1,0.732592
f12aa464676f1e5aad0778e5,0,0
f13078ffb050ce72808b79ad,1,0.791982
f1471d8a387c428141081357,1,0.829768
f14781900b9baa05500ca2f6,1,0.428353
f1517a609a99a599f12116c3,1,0.538619
f17982cc99d9705a177a6872,1,0.875574
f1887b0d0217e78dd2a982df,1,0.843638
f19c58a08cece5a43ef9030e,1,0.284377
f1bae5ad2547c1d265bde3c7,1,0.279533
f1c18d8a50cb2ea1699412d9,1,0.844922
f1c7ac93c45f48f8a797062a,1,0.894421
f1cdf19c4a0cb008a907fb09,1,0.294215
f1de1668b3b84109880f9526,1,0.830044
f1e59601204592e80ef31375,1,0.374447
f201f6a0af3db2744bfee9fe,1,0.708414
f2278bd6d15e763ee3a3ea9a,1,0.502337
f2400add729c6f083b581df2,1,0.826292
f253861cf5fc98e7fe7cd40f,1,0.47422
f26ff91b53b20aec6daf9ada,1,0.85931
f277a2046dfdf8e047a3531d,1,0.819605
f27b1372e098efc7e13afdd5,1,0.69946
f27efb0f49b7beb0bb860d5a,1,0.883236
f287b969f5bda7acdb24815f,1,0.275617
f28f38d009d3b0c2ba428a73,1,0.712932
f2a0e9552ab7c7f05b67d9a3,1,0.367611
f2a4920ac2d71ebedf7787a4,1,0.869604
f2a58356c05ced770e9619be,0,0
f2d9efb5ad0e62479aa89be8,1,0.806853
f2f32dee1cc4e31680e60d28,1,0.92617
f2f558f33ef29b1f85d44ff4,1,0.860017
f2f988d3c152472e61168f7d,0,0
f31ddbeafaae47b704d8d1d2,1,0.604049
f33ad33b4d122c561e317948,1,0.75401
f3538b48e3ab8b0ee61ec9ba,1,0.86431
f35543edd4d625b908d91991,0,0
f3590138c421a00b0757d341,1,0.315947
f359c0b6c12d577887a27d91,1,0.605158
f35d0d15f1417b56cf97e8d3,1,0.670932
f362b492e1fc01759376c759,1,0.862699
f37bd07ed3a8dcba76e94fb5,1,0.727975
f39512eb2c2a0ecf34a18d31,1,0.713731
f3aaeab41ac4ad41d7944412,1,0.46129
f3b24f3c6248f9043e23d0e8,1,0.574872
f3b35b9bd71a8339437899e7,0,0
f3c795c8542bd24aa331bd9a,1,0.898589
f3d966ddf545120457d79d95,1,0.856573
f3de7da3ff899a0f6b8d0b39,1,0.853669
f3f6fb4e690f3e10b6dcc17b,1,0.870927
f40e631c12226a8f2ceb787e,1,0.759404
f4203152d1bf33fe49d22df9,1,0.861422
f424b1fb0081a17aa8fc3baa,1,0.724968
f42621904ab229ca1dedd32c,1,0.827689
f42ca03a93aeb4630e792bf2,1,0.843251
f43746f8b54f967c2f84c6f8,1,0.668123
f4482e16f49ce6a98f7e8c0b,0,0
f45c53b791d1a1db9b237e06,1,0.874077
f4679993aca1f36055970d7b,1,0.799442
f4729e642e44b48afb966972,0,0
f49ba650a56756eccb1d796f,1,0.842604
f49d89d773f5075a5e8c4d41,1,0.309128
f4afd2ff4452c04309d2491c,1,0.606207
f4b10a0bdf96a66c2e8d4458,0,0
f4b3ee29b5a190d5ad04200b,0,0
f4b46d22140d86bbd733001c,1,0.260766
f4baf81aeb0e98f5fa2d7fe8,1,0.412412
f4bbb12e3a61dae64c2a75de,1,0.378459
f4bdf1756b7a5887667fb3b2,1,0.780662
f4cc72c7a967582300920f05,1,0.871803
f4f25921dc58fde859163fd2,1,0.836688
f52d62bd9ad253485ed5812e,1,0.848847
f53ead57a3be48a3c07fc58e,1,0.271831
f56ccff2278f30d4e22f04c3,1,0.833596
f5746bee6802e9a20ecee044,1,0.26923
f5b132155d84bd4723d3fd8e,1,0.85269
f5b388bdc13a7819b2a1d696,1,0.865679
f5bab409634480766b9e5f96,1,0.842475
f5e7275d4bb8aaff84576ffe,1,0.808672
f5feac8c93b2f480b56b30a0,1,0.571707
f600cdd926e19f99e0e0400c,1,0.873862
f616ab2babbb57d085ef4119,1,0.581362
f61c0ab5b92f4de3f5d004e2,1,0.381623
f62b28f12eb5e83575af4ada,1,0.701304
f62d09a12a261d3804145eb3,1,0.886617
f630e2a6b20d9ff647243abe,1,0.886224
f650a05d29e8525f6ab00506,0,0
f670955f879e6f0950423cd1,1,0.369315
f678fc699d93cd37df833f34,1,0.608071
f6aaa0beb8d43cfe1b7bd96c,1,0.814348
f6ae072a6e3288b9aa72faf8,1,0.390825
f6b90e55a3d467f101aa76b5,1,0.788909
f6c15c26d416f2dabb6adbcc,1,0.482155
f6cdef7fd4d9948d97a7d59a,0,0
f6d6740ad27c194c86fd613c,1,0.674694
f6ed97df7a4446d05eadcb2e,1,0.55435
f6ee453c3b45fece7e3d8d26,1,0.837885
f6f37395b01b38c0d88ec88a,1,0.819749
f6fd19bed6c50f207890343c,0,0
f6fff11764cb8eadd810b2a1,0,0
f70294b32bb49d3ed4d02916,1,0.862699
f707ff363e001b40d5874a61,1,0.825449
f709ef0705afd1c93efe4d7c,1,0.771843
f70ec154d873985f36f2a589,1,0.630457
f72223411fe013db29427bd8,1,0.807157
f7223bdeec9fbd7f4a64d446,1,0.852322
f729440edab3c920e7cc5aaf,0,0
f7337afa2d809c561ab65c01,0,0
f7674d249087f6674558d29f,1,0.860369
f78caecbd354a80a47b16587,1,0.876634
f7938ad05d814c8f04b533cd,1,0.397704
f7a317c86d7e3479d604f865,1,0.798658
f7b12f13b972ab16484a2751,1,0.752195
f7d2bbce48de9a32b835b295,1,0.865565
f7ee29b2a900a96921f35faa,1,0.824603
f7f79e0e1f7efae2ca338d0a,1,0.691914
f80e90b9cf99bc5fc2470fe1,1,0.766818
f815c348de09f9e98cf29482,1,0.852445
f818c952b2ef984f30e72711,1,0.473962
f81e4c9047c08ae336d3226d,1,0.378115
f822bcad743de3f1b9271e61,1,0.527362
f8332f36878f3ddddb68d6e7,1,0.734881
f83421dfd9688b11f2d1768f,1,0.833731
f839b61ec1fdd0bc095c973a,1,0.479092
f83d35e1cde525e1d6f33091,1,0.905322
f8416acee156d6f4ba754651,1,0.689515
f84b28b82a309314df0a0d9a,1,0.810329
f86e47cfaa606c6df29dc2be,1,0.51658
f86ec85d6ce32052785a8aeb,1,0.590602
f8750a11939736a128a012c3,1,0.653901
f876fb5fd1b7ec91926b52ff,1,0.509368
f8825dbd8aedeeba03abf105,1,0.797714
f8894975717c59de2a16f34d,1,0.250179
f892722d96c2d61f42f104da,1,0.362518
f8b972bf97c77a2a0254fc54,1,0.682045
f8b99b6f1c1634cd3f1a1fbf,1,0.843122
f8bb8a04860b76d4f42bac7a,1,0.741674
f8c4057dbbe95e05b07f7089,1,0.90053
f8c8bef844120e43d0be2867,1,0.89841
f8da10d28080534ea0063fba,0,0
f8ddc7932b73f77010d0bf19,1,0.69233
f8e74702fa3255580dbecbd6,0,0
f8f43bc52721425c323bcd9e,1,0.819171
f91744417195dd4065154709,1,0.347869
f918fe02cfde1d83e02ca371,1,0.901748
f925fd71f191f6a9bd1c3af3,1,0.833866
f93041acbbe87eb184e140ad,1,0.603348
f9306c11a1f558523dc2e46b,1,0.464598
f94e65093330f8b2c1e5eb4c,1,0.890294
f9648ba931744fe405da652c,1,0.849222
f96adfe99b27e07bcfa97a94,1,0.372391
f978dc67a9e36f561f7f2b0f,1,0.614105
f987b2627f1b1cf019982b0f,1,0.839603
f9958a59712234607780ec11,1,0.850841
f99c524f11214690a55a1b85,1,0.712332
f9a1e5121bfedf214c3d9d74,0,0
f9ba8b0a79a2465d842100ed,1,0.286668
f9c14daeb7b05ab48254482e,1,0.809427
f9c23f33ffbf4bf33348e826,1,0.261708
f9ca4fe3a9e742cb0c7e5dd1,1,0.28587
f9d4211d214144d395e31ed3,1,0.828384
f9df4f92379dd3f6079aac85,1,0.665302
f9ef7d585bcee6d0e2efd3f1,1,0.859782
fa07f4e5acb27d74a37687f8,1,0.674158
fa1873fc8d2f334147fb4f79,1,0.83868
fa18c090330917cf461880d0,1,0.831964
fa26941516ce558b2995a1fa,1,0.326701
fa2bd9a7c5ef830b27a38a5d,1,0.675229
fa3a817c7789ac87b52f6d21,1,0.779658
fa5e782d63525ed6e2e75ca6,1,0.308919
fa5f00c801741371cd45773a,1,0.477326
fa6572c95765236996111cae,1,0.748168
fa6c70ab68eb82b413de8026,1,0.860838
fa958874545b140bc63b2460,1,0.876634
fac1e0852bfba1402c5f6247,1,0.849472
fac87910278712de11c25af2,1,0.870267
facf53c25901578d527c7887,1,0.651577
fad51c354999f05ac4a2dc0e,1,0.901227
fadf6f347f26a7216807264c,1,0.703448
fae515b6448a22376b88b5de,1,0.728845
faeed6742f47ee3cdbb76298,1,0.836421
fafdd30b46252753e222ebae,1,0.848722
fb0785d0d36827fe87f2e014,1,0.324128
fb235add26232697d66066c0,1,0.589244
fb3e60fda25b9622e354622c,0,0
fb4a679f949c5311b8536f8f,1,0.719186
fb54947f0259b198ec715dcd,1,0.856212
fb59d9e94e4c0b6f86ad972f,1,0.785802
fb5f6d4037c39d15a8c5d270,0,0
fb7b99752d64cfd560ff5cf9,1,0.918918
fb7fdc29bfea98c5753b99d8,1,0.862468
fb865f2fb2f34d3f1fbc7c46,0,0
fb906bea81f294ff40a5aee1,1,0.791499
fb95929fa300b28edf417f17,1,0.661923
fba92e9400c71a6ab8bfc22f,1,0.389953
fbc04d54193eacabd6c7a9da,1,0.331012
fbc561eeaa13bd8c979de6ec,1,0.568416
fbd5b5e13b8bb0fbed691b1e,1,0.364778
fbe2c79454d05cbe45e01852,1,0.792785
fbf5d9048d2fbdb28da58b39,0,0
fbfdc2c88ecc99da3fc40d8d,0,0
fc06dc58a47325001bf3dbaa,1,0.824744
fc08618a9667c9665eb9609b,1,0.832917
fc09d1ee37c2f1552587718d,1,0.870707
fc1b987d3cdb13321e3bc053,0,0
fc2d86e0d103d6bc16f5994c,0,0
fc321d57c1477b79346b8e48,1,0.829906
fc40f18ee34241aeacc2aee9,1,0.387632
fc5468eccb64c1831fc04af5,1,0.314366
fc585c236b4f906c8c12516e,1,0.71423
fc5beda2464e9692c4e04beb,1,0.84607
fc5f49beb4172a5f0435f572,1,0.727879
fc5f52db3507e3ca28e65d55,1,0.533914
fc61ddc7832735d6d54d3b62,1,0.627723
fc68492be1123cf56a9d075a,1,0.868827
fc6aa91c61ff07ae32728ec2,0,0
fc6bbf678541d68b80aacc83,0,0
fc72390c2ecc3551f836f298,1,0.4993
fc984594dbf9cecff315703b,1,0.881002
fc9ab390cbc58aaf667afb79,1,0.873215
fca58916b6ca99fde967e39f,1,0.888566
fca9155bc5d7bcf66d2cffa6,1,0.353205
fcaa48f3a2807e9b39aa0057,1,0.594787
fcd6f86e700cc154b3e35b89,1,0.607838
fcd908721dc6bbf1b067b569,1,0.728555
fcdb2d62a2c5a6ecb887de10,1,0.790854
fce527fb4234f880dc572c15,1,0.742235
fd024a7339f8c7b16681b75d,1,0.456894
fd0fcd42c552a176ccd76a5b,0,0
fd1953ca8b16e4718efe5b80,1,0.788257
fd232b29c04eebda86402618,1,0.78695
fd5177ea3e64fd633d8f40f8,0,0
fd5a5ba3dc30b19adab0f966,1,0.445741
fd6305da0ddda5dd85831968,1,0.90813
fd6918eb74c6b6c5616dcaf4,0,0
fd6d68585cb87f0b7a35f91c,1,0.890865
fd7759120d6f70df750bbd95,1,0.731442
fd86887b719a19b8e9c08f5c,1,0.459622
fdaac684055bf6252e326378,0,0
fdb9489c4bf8090e73f9a79f,1,0.264169
fdd77da3f5e0432c8d2cd022,1,0.284775
fe0056453facb255842c1c9d,1,0.778986
fe07dc1ac9af4beef507dfe2,0,0
fe17bf5750019e78cbfc6367,1,0.849097
fe220d5dc2fbbdf65d9c0633,1,0.746139
fe26472adf1e42d9251eb764,1,0.411702
fe3a0a74115af1d2a964ff9f,1,0.872347
fe418a1652c97b150fd02a80,1,0.45538
fe5aab26d6c22c817b7ecd84,1,0.89275
fe5d6e1ac687b0db703899c3,1,0.65368
fe6d8063a9a709690ba714a4,1,0.871256
fe7352225237a43b57c6eecb,1,0.735452
fe8af1e0371a4607617b67a6,0,0
fe9985153faf1b5a79731257,1,0.867036
fea32ebdd59ab89b6c114c7f,1,0.858837
feae9ea30e12cfe55585f91e,1,0.85741
febcfec3bf99f311f328681e,1,0.771499
fec2df5f7641957797773307,1,0.416025
fed6bb5aa5cfa5280ca67daf,1,0.795181
fefce3e267c12bcc352dca47,1,0.457349
ff01581c3351d35a9060fcdc,1,0.304765
ff065179c25d3e765bdeb110,1,0.697197
ff0b725cfab72d38e799b7fb,1,0.555767
ff0e83186bace3f6c3a6e0e3,1,0.326808
ff11881244b726cb073482ae,0,0
ff241302b3ae6e6331a99585,1,0.748168
ff3dfdfc93567fa86e4dd9c2,0,0
ff3fe83b1e331c678b04ad79,1,0.766119
ff4687f8fa8e33deae7dbbe5,1,0.875893
ff4a191c383d3b3b3cf7fb93,1,0.822332
ff52121eadb9d783f40aa751,0,0
ff618525d976b51c5f14500b,1,0.711932
ff6c3f166e0294c00eec65de,1,0.431165
ff76c3b0244c2af2b86e81ce,0,0
ff844f3e46799bffe4429022,0,0
ff8f7478e98c6f6f220b4388,1,0.756897
ff90fd719f73f4e02d31a6a0,1,0.272121
ff93f4eaf8a2665f895341e0,1,0.326701
ff9ca533f56a73d1102798d9,1,0.393502
ffaa5b3210591ae3fb589f2d,1,0.72027
ffc932292ad7d19216372055,1,0.392046
ffeb658ccaa09df0b0ef4325,1,0.856092
ffef015a6ded4c671bece2c6,1,0.774924
fffc54aa2d2c670e566d7ebb,1,0.356895
